symbol,direction,fee_bps,kappa,tau,policy,pnl,volume,bps_per_notional,active_share
BTCUSDT,avoid_high,-0.5,1.0,10,always,1823.287778753336,1513808655.1411538,0.012044374119286,1.0
BTCUSDT,avoid_high,-0.5,1.0,10,trailing,1401.1384533098353,1260060542.3380866,0.0111196121633169,0.7848547976893807
BTCUSDT,avoid_high,-0.5,1.0,10,seasonal,3092.661865537815,1212740759.4968674,0.0255014259339388,0.7790716778276499
BTCUSDT,avoid_high,-0.5,1.0,10,har,1220.4697528673423,1280666414.4364018,0.0095299583022519,0.7794331228190081
BTCUSDT,avoid_high,-0.5,1.0,10,oracle,-6222.199009804466,1322881914.3795528,-0.0470351808590772,0.7974790854784546
BTCUSDT,avoid_high,-0.5,1.0,60,always,-36434.29119816521,1513808655.1411538,-0.2406796332840884,1.0
BTCUSDT,avoid_high,-0.5,1.0,60,trailing,-37861.05875406842,1260060542.3380866,-0.300470155853114,0.7848547976893807
BTCUSDT,avoid_high,-0.5,1.0,60,seasonal,-29351.362888996904,1212740759.4968674,-0.2420250384028815,0.7790716778276499
BTCUSDT,avoid_high,-0.5,1.0,60,har,-42381.8176630799,1280666414.4364018,-0.3309356533858301,0.7794331228190081
BTCUSDT,avoid_high,-0.5,1.0,60,oracle,-44375.57988092878,1322881914.3795528,-0.3354462662054114,0.7974790854784546
BTCUSDT,avoid_high,-0.5,1.0,300,always,-50153.32527950081,1508794923.721496,-0.3324065086048663,1.0
BTCUSDT,avoid_high,-0.5,1.0,300,trailing,-50410.13834965603,1256538917.967615,-0.4011824674017399,0.7853746364433775
BTCUSDT,avoid_high,-0.5,1.0,300,seasonal,-34038.88722684812,1209709883.8909163,-0.2813805828994741,0.7798874870570545
BTCUSDT,avoid_high,-0.5,1.0,300,har,-61176.23448069118,1277219567.2955625,-0.4789797780050323,0.780058960475377
BTCUSDT,avoid_high,-0.5,1.0,300,oracle,-68991.80940709481,1318715373.842919,-0.5231743769396054,0.797628390721969
BTCUSDT,avoid_high,-0.5,1.5,10,always,-191479.1473959068,1513808655.1411538,-1.264883423315165,1.0
BTCUSDT,avoid_high,-0.5,1.5,10,trailing,-159111.5022001158,1260060542.3380866,-1.262729026534541,0.7848547976893807
BTCUSDT,avoid_high,-0.5,1.5,10,seasonal,-147223.18902852034,1212740759.4968674,-1.2139708167275516,0.7790716778276499
BTCUSDT,avoid_high,-0.5,1.5,10,har,-162367.08378897532,1280666414.4364018,-1.267832762370286,0.7794331228190081
BTCUSDT,avoid_high,-0.5,1.5,10,oracle,-173424.04579956178,1322881914.3795528,-1.3109563591010291,0.7974790854784546
BTCUSDT,avoid_high,-0.5,1.5,60,always,-248876.0768471112,1513808655.1411538,-1.6440391987579497,1.0
BTCUSDT,avoid_high,-0.5,1.5,60,trailing,-217977.6327100036,1260060542.3380866,-1.729898091289633,0.7848547976893807
BTCUSDT,avoid_high,-0.5,1.5,60,seasonal,-195899.2500307266,1212740759.4968674,-1.6153431679166104,0.7790716778276499
BTCUSDT,avoid_high,-0.5,1.5,60,har,-227743.58617124567,1280666414.4364018,-1.778320908583142,0.7794331228190081
BTCUSDT,avoid_high,-0.5,1.5,60,oracle,-230665.52783574825,1322881914.3795528,-1.7436592437196712,0.7974790854784546
BTCUSDT,avoid_high,-0.5,1.5,300,always,-268835.43946458615,1508794923.721496,-1.7817891301058602,1.0
BTCUSDT,avoid_high,-0.5,1.5,300,trailing,-236389.123439072,1256538917.967615,-1.8812718019225287,0.7853746364433775
BTCUSDT,avoid_high,-0.5,1.5,300,seasonal,-202580.34241024268,1209709883.8909163,-1.6746192215828009,0.7798874870570545
BTCUSDT,avoid_high,-0.5,1.5,300,har,-255541.7980727341,1277219567.2955625,-2.0007663883025915,0.780058960475377
BTCUSDT,avoid_high,-0.5,1.5,300,oracle,-267110.0092545504,1318715373.842919,-2.0255319271523686,0.797628390721969
BTCUSDT,avoid_high,0.0,1.0,10,always,-73867.14497830435,1513808655.1411538,-0.4879556258807139,1.0
BTCUSDT,avoid_high,0.0,1.0,10,trailing,-61601.88866359451,1260060542.3380866,-0.4888803878366831,0.7848547976893807
BTCUSDT,avoid_high,0.0,1.0,10,seasonal,-57544.37610930556,1212740759.4968674,-0.4744985740660611,0.7790716778276499
BTCUSDT,avoid_high,0.0,1.0,10,har,-62812.85096895276,1280666414.4364018,-0.490470041697748,0.7794331228190081
BTCUSDT,avoid_high,0.0,1.0,10,oracle,-72366.2947287821,1322881914.3795528,-0.5470351808590773,0.7974790854784546
BTCUSDT,avoid_high,0.0,1.0,60,always,-112124.72395522289,1513808655.1411538,-0.7406796332840885,1.0
BTCUSDT,avoid_high,0.0,1.0,60,trailing,-100864.08587097276,1260060542.3380866,-0.800470155853114,0.7848547976893807
BTCUSDT,avoid_high,0.0,1.0,60,seasonal,-89988.4008638403,1212740759.4968674,-0.7420250384028818,0.7790716778276499
BTCUSDT,avoid_high,0.0,1.0,60,har,-106415.1383849,1280666414.4364018,-0.8309356533858302,0.7794331228190081
BTCUSDT,avoid_high,0.0,1.0,60,oracle,-110519.67559990642,1322881914.3795528,-0.8354462662054114,0.7974790854784546
BTCUSDT,avoid_high,0.0,1.0,300,always,-125593.07146557562,1508794923.721496,-0.8324065086048665,1.0
BTCUSDT,avoid_high,0.0,1.0,300,trailing,-113237.08424803676,1256538917.967615,-0.90118246740174,0.7853746364433775
BTCUSDT,avoid_high,0.0,1.0,300,seasonal,-94524.38142139392,1209709883.8909163,-0.781380582899474,0.7798874870570545
BTCUSDT,avoid_high,0.0,1.0,300,har,-125037.21284546929,1277219567.2955625,-0.9789797780050322,0.780058960475377
BTCUSDT,avoid_high,0.0,1.0,300,oracle,-134927.57809924078,1318715373.842919,-1.0231743769396056,0.797628390721969
BTCUSDT,avoid_high,0.0,1.5,10,always,-267169.58015296445,1513808655.1411538,-1.7648834233151642,1.0
BTCUSDT,avoid_high,0.0,1.5,10,trailing,-222114.5293170201,1260060542.3380866,-1.762729026534541,0.7848547976893807
BTCUSDT,avoid_high,0.0,1.5,10,seasonal,-207860.2270033637,1212740759.4968674,-1.7139708167275518,0.7790716778276499
BTCUSDT,avoid_high,0.0,1.5,10,har,-226400.40451079537,1280666414.4364018,-1.767832762370286,0.7794331228190081
BTCUSDT,avoid_high,0.0,1.5,10,oracle,-239568.1415185394,1322881914.3795528,-1.8109563591010287,0.7974790854784546
BTCUSDT,avoid_high,0.0,1.5,60,always,-324566.5096041688,1513808655.1411538,-2.144039198757949,1.0
BTCUSDT,avoid_high,0.0,1.5,60,trailing,-280980.6598269079,1260060542.3380866,-2.229898091289633,0.7848547976893807
BTCUSDT,avoid_high,0.0,1.5,60,seasonal,-256536.28800556995,1212740759.4968674,-2.11534316791661,0.7790716778276499
BTCUSDT,avoid_high,0.0,1.5,60,har,-291776.9068930658,1280666414.4364018,-2.278320908583142,0.7794331228190081
BTCUSDT,avoid_high,0.0,1.5,60,oracle,-296809.62355472584,1322881914.3795528,-2.243659243719671,0.7974790854784546
BTCUSDT,avoid_high,0.0,1.5,300,always,-344275.18565066095,1508794923.721496,-2.28178913010586,1.0
BTCUSDT,avoid_high,0.0,1.5,300,trailing,-299216.0693374527,1256538917.967615,-2.3812718019225287,0.7853746364433775
BTCUSDT,avoid_high,0.0,1.5,300,seasonal,-263065.8366047885,1209709883.8909163,-2.1746192215828013,0.7798874870570545
BTCUSDT,avoid_high,0.0,1.5,300,har,-319402.77643751225,1277219567.2955625,-2.500766388302592,0.780058960475377
BTCUSDT,avoid_high,0.0,1.5,300,oracle,-333045.77794669627,1318715373.842919,-2.525531927152368,0.797628390721969
BTCUSDT,avoid_high,1.0,1.0,10,always,-225248.0104924197,1513808655.1411538,-1.4879556258807138,1.0
BTCUSDT,avoid_high,1.0,1.0,10,trailing,-187607.9428974032,1260060542.3380866,-1.4888803878366832,0.7848547976893807
BTCUSDT,avoid_high,1.0,1.0,10,seasonal,-178818.4520589923,1212740759.4968674,-1.474498574066061,0.7790716778276499
BTCUSDT,avoid_high,1.0,1.0,10,har,-190879.49241259287,1280666414.4364018,-1.4904700416977483,0.7794331228190081
BTCUSDT,avoid_high,1.0,1.0,10,oracle,-204654.4861667374,1322881914.3795528,-1.5470351808590772,0.7974790854784546
BTCUSDT,avoid_high,1.0,1.0,60,always,-263505.58946933824,1513808655.1411538,-1.740679633284088,1.0
BTCUSDT,avoid_high,1.0,1.0,60,trailing,-226870.1401047814,1260060542.3380866,-1.8004701558531138,0.7848547976893807
BTCUSDT,avoid_high,1.0,1.0,60,seasonal,-211262.47681352703,1212740759.4968674,-1.7420250384028817,0.7790716778276499
BTCUSDT,avoid_high,1.0,1.0,60,har,-234481.77982854017,1280666414.4364018,-1.8309356533858303,0.7794331228190081
BTCUSDT,avoid_high,1.0,1.0,60,oracle,-242807.86703786167,1322881914.3795528,-1.835446266205412,0.7974790854784546
BTCUSDT,avoid_high,1.0,1.0,300,always,-276472.5638377252,1508794923.721496,-1.8324065086048664,1.0
BTCUSDT,avoid_high,1.0,1.0,300,trailing,-238890.97604479827,1256538917.967615,-1.90118246740174,0.7853746364433775
BTCUSDT,avoid_high,1.0,1.0,300,seasonal,-215495.3698104856,1209709883.8909163,-1.781380582899474,0.7798874870570545
BTCUSDT,avoid_high,1.0,1.0,300,har,-252759.1695750256,1277219567.2955625,-1.978979778005032,0.780058960475377
BTCUSDT,avoid_high,1.0,1.0,300,oracle,-266799.1154835327,1318715373.842919,-2.023174376939606,0.797628390721969
BTCUSDT,avoid_high,1.0,1.5,10,always,-418550.4456670798,1513808655.1411538,-2.7648834233151645,1.0
BTCUSDT,avoid_high,1.0,1.5,10,trailing,-348120.58355082874,1260060542.3380866,-2.762729026534541,0.7848547976893807
BTCUSDT,avoid_high,1.0,1.5,10,seasonal,-329134.3029530505,1212740759.4968674,-2.713970816727552,0.7790716778276499
BTCUSDT,avoid_high,1.0,1.5,10,har,-354467.0459544356,1280666414.4364018,-2.7678327623702863,0.7794331228190081
BTCUSDT,avoid_high,1.0,1.5,10,oracle,-371856.33295649465,1322881914.3795528,-2.810956359101029,0.7974790854784546
BTCUSDT,avoid_high,1.0,1.5,60,always,-475947.37511828414,1513808655.1411538,-3.144039198757949,1.0
BTCUSDT,avoid_high,1.0,1.5,60,trailing,-406986.71406071656,1260060542.3380866,-3.229898091289633,0.7848547976893807
BTCUSDT,avoid_high,1.0,1.5,60,seasonal,-377810.3639552568,1212740759.4968674,-3.1153431679166106,0.7790716778276499
BTCUSDT,avoid_high,1.0,1.5,60,har,-419843.548336706,1280666414.4364018,-3.2783209085831424,0.7794331228190081
BTCUSDT,avoid_high,1.0,1.5,60,oracle,-429097.8149926811,1322881914.3795528,-3.2436592437196707,0.7974790854784546
BTCUSDT,avoid_high,1.0,1.5,300,always,-495154.6780228105,1508794923.721496,-3.28178913010586,1.0
BTCUSDT,avoid_high,1.0,1.5,300,trailing,-424869.9611342142,1256538917.967615,-3.381271801922529,0.7853746364433775
BTCUSDT,avoid_high,1.0,1.5,300,seasonal,-384036.8249938802,1209709883.8909163,-3.1746192215828013,0.7798874870570545
BTCUSDT,avoid_high,1.0,1.5,300,har,-447124.7331670684,1277219567.2955625,-3.500766388302591,0.780058960475377
BTCUSDT,avoid_high,1.0,1.5,300,oracle,-464917.31533098826,1318715373.842919,-3.525531927152368,0.797628390721969
BTCUSDT,avoid_low,-0.5,1.0,10,always,1823.287778753336,1513808655.1411538,0.012044374119286,1.0
BTCUSDT,avoid_low,-0.5,1.0,10,trailing,4244.879674639238,1067816803.7983736,0.0397528832618067,0.7605656942701111
BTCUSDT,avoid_low,-0.5,1.0,10,seasonal,1912.180988593111,1100718542.2803028,0.0173721157148106,0.756642373182096
BTCUSDT,avoid_low,-0.5,1.0,10,har,3472.2574863376667,1054844519.3887522,0.0329172444138945,0.7720070711783764
BTCUSDT,avoid_low,-0.5,1.0,10,oracle,16765.325580175264,1152863485.370706,0.1454233375670175,0.7945678103662424
BTCUSDT,avoid_low,-0.5,1.0,60,always,-36434.29119816521,1513808655.1411538,-0.2406796332840884,1.0
BTCUSDT,avoid_low,-0.5,1.0,60,trailing,-7225.956384193864,1067816803.7983736,-0.0676703752787006,0.7605656942701111
BTCUSDT,avoid_low,-0.5,1.0,60,seasonal,-20088.96557918862,1100718542.2803028,-0.1825077420570324,0.756642373182096
BTCUSDT,avoid_low,-0.5,1.0,60,har,-11498.282045645426,1054844519.3887522,-0.1090045199486679,0.7720070711783764
BTCUSDT,avoid_low,-0.5,1.0,60,oracle,-9916.210560080455,1152863485.370706,-0.0860137447834239,0.7945678103662424
BTCUSDT,avoid_low,-0.5,1.0,300,always,-50153.32527950081,1508794923.721496,-0.3324065086048663,1.0
BTCUSDT,avoid_low,-0.5,1.0,300,trailing,-8265.028585825065,1063495113.2933556,-0.0777157175666798,0.7601086877666906
BTCUSDT,avoid_low,-0.5,1.0,300,seasonal,-26656.13083893749,1095878281.456529,-0.2432398861259381,0.7558812084918913
BTCUSDT,avoid_low,-0.5,1.0,300,har,-11542.513846411615,1050507360.9112264,-0.1098756113084201,0.7714589090333516
BTCUSDT,avoid_low,-0.5,1.0,300,oracle,-10370.078866152762,1149117967.9311972,-0.0902438144346696,0.7945748448495321
BTCUSDT,avoid_low,-0.5,1.5,10,always,-191479.1473959068,1513808655.1411538,-1.264883423315165,1.0
BTCUSDT,avoid_low,-0.5,1.5,10,trailing,-132481.13998701185,1067816803.7983736,-1.240672927376287,0.7605656942701111
BTCUSDT,avoid_low,-0.5,1.5,10,seasonal,-142885.38685772085,1100718542.2803028,-1.298110110525734,0.756642373182096
BTCUSDT,avoid_low,-0.5,1.5,10,har,-135907.8866570733,1054844519.3887522,-1.2884162941456765,0.7720070711783764
BTCUSDT,avoid_low,-0.5,1.5,10,oracle,-134647.01741090883,1152863485.370706,-1.1679354851594834,0.7945678103662424
BTCUSDT,avoid_low,-0.5,1.5,60,always,-248876.0768471112,1513808655.1411538,-1.6440391987579497,1.0
BTCUSDT,avoid_low,-0.5,1.5,60,trailing,-149699.73931036022,1067816803.7983736,-1.4019234271071344,0.7605656942701111
BTCUSDT,avoid_low,-0.5,1.5,60,seasonal,-175897.70534471425,1100718542.2803028,-1.5980261855161983,0.756642373182096
BTCUSDT,avoid_low,-0.5,1.5,60,har,-158377.26949662174,1054844519.3887522,-1.5014276188152935,0.7720070711783764
BTCUSDT,avoid_low,-0.5,1.5,60,oracle,-174660.3032716738,1152863485.370706,-1.5150128830345542,0.7945678103662424
BTCUSDT,avoid_low,-0.5,1.5,300,always,-268835.43946458615,1508794923.721496,-1.7817891301058602,1.0
BTCUSDT,avoid_low,-0.5,1.5,300,trailing,-150701.9044052457,1063495113.2933556,-1.417043694150722,0.7601086877666906
BTCUSDT,avoid_low,-0.5,1.5,300,seasonal,-185141.21475898204,1095878281.456529,-1.6894322836009794,0.7558812084918913
BTCUSDT,avoid_low,-0.5,1.5,300,har,-157892.26756310376,1050507360.9112264,-1.5030096259977233,0.7714589090333516
BTCUSDT,avoid_low,-0.5,1.5,300,oracle,-174840.7284546885,1149117967.9311972,-1.5215211434685096,0.7945748448495321
BTCUSDT,avoid_low,0.0,1.0,10,always,-73867.14497830435,1513808655.1411538,-0.4879556258807139,1.0
BTCUSDT,avoid_low,0.0,1.0,10,trailing,-49145.96051527943,1067816803.7983736,-0.4602471167381932,0.7605656942701111
BTCUSDT,avoid_low,0.0,1.0,10,seasonal,-53123.74612542203,1100718542.2803028,-0.4826278842851894,0.756642373182096
BTCUSDT,avoid_low,0.0,1.0,10,har,-49269.96848309993,1054844519.3887522,-0.4670827555861053,0.7720070711783764
BTCUSDT,avoid_low,0.0,1.0,10,oracle,-40877.84868836005,1152863485.370706,-0.3545766624329824,0.7945678103662424
BTCUSDT,avoid_low,0.0,1.0,60,always,-112124.72395522289,1513808655.1411538,-0.7406796332840885,1.0
BTCUSDT,avoid_low,0.0,1.0,60,trailing,-60616.79657411254,1067816803.7983736,-0.5676703752787007,0.7605656942701111
BTCUSDT,avoid_low,0.0,1.0,60,seasonal,-75124.89269320376,1100718542.2803028,-0.6825077420570324,0.756642373182096
BTCUSDT,avoid_low,0.0,1.0,60,har,-64240.50801508304,1054844519.3887522,-0.6090045199486679,0.7720070711783764
BTCUSDT,avoid_low,0.0,1.0,60,oracle,-67559.38482861577,1152863485.370706,-0.586013744783424,0.7945678103662424
BTCUSDT,avoid_low,0.0,1.0,300,always,-125593.07146557562,1508794923.721496,-0.8324065086048665,1.0
BTCUSDT,avoid_low,0.0,1.0,300,trailing,-61439.78425049283,1063495113.2933556,-0.5777157175666797,0.7601086877666906
BTCUSDT,avoid_low,0.0,1.0,300,seasonal,-81450.04491176392,1095878281.456529,-0.743239886125938,0.7558812084918913
BTCUSDT,avoid_low,0.0,1.0,300,har,-64067.88189197293,1050507360.9112264,-0.6098756113084203,0.7714589090333516
BTCUSDT,avoid_low,0.0,1.0,300,oracle,-67825.97726271261,1149117967.9311972,-0.5902438144346696,0.7945748448495321
BTCUSDT,avoid_low,0.0,1.5,10,always,-267169.58015296445,1513808655.1411538,-1.7648834233151642,1.0
BTCUSDT,avoid_low,0.0,1.5,10,trailing,-185871.9801769305,1067816803.7983736,-1.7406729273762869,0.7605656942701111
BTCUSDT,avoid_low,0.0,1.5,10,seasonal,-197921.313971736,1100718542.2803028,-1.798110110525734,0.756642373182096
BTCUSDT,avoid_low,0.0,1.5,10,har,-188650.1126265109,1054844519.3887522,-1.788416294145676,0.7720070711783764
BTCUSDT,avoid_low,0.0,1.5,10,oracle,-192290.1916794441,1152863485.370706,-1.6679354851594832,0.7945678103662424
BTCUSDT,avoid_low,0.0,1.5,60,always,-324566.5096041688,1513808655.1411538,-2.144039198757949,1.0
BTCUSDT,avoid_low,0.0,1.5,60,trailing,-203090.57950027887,1067816803.7983736,-1.9019234271071344,0.7605656942701111
BTCUSDT,avoid_low,0.0,1.5,60,seasonal,-230933.6324587294,1100718542.2803028,-2.0980261855161983,0.756642373182096
BTCUSDT,avoid_low,0.0,1.5,60,har,-211119.4954660593,1054844519.3887522,-2.0014276188152937,0.7720070711783764
BTCUSDT,avoid_low,0.0,1.5,60,oracle,-232303.47754020907,1152863485.370706,-2.015012883034554,0.7945678103662424
BTCUSDT,avoid_low,0.0,1.5,300,always,-344275.18565066095,1508794923.721496,-2.28178913010586,1.0
BTCUSDT,avoid_low,0.0,1.5,300,trailing,-203876.66006991343,1063495113.2933556,-1.9170436941507216,0.7601086877666906
BTCUSDT,avoid_low,0.0,1.5,300,seasonal,-239935.12883180848,1095878281.456529,-2.189432283600979,0.7558812084918913
BTCUSDT,avoid_low,0.0,1.5,300,har,-210417.63560866512,1050507360.9112264,-2.003009625997724,0.7714589090333516
BTCUSDT,avoid_low,0.0,1.5,300,oracle,-232296.62685124835,1149117967.9311972,-2.0215211434685094,0.7945748448495321
BTCUSDT,avoid_low,1.0,1.0,10,always,-225248.0104924197,1513808655.1411538,-1.4879556258807138,1.0
BTCUSDT,avoid_low,1.0,1.0,10,trailing,-155927.64089511678,1067816803.7983736,-1.4602471167381932,0.7605656942701111
BTCUSDT,avoid_low,1.0,1.0,10,seasonal,-163195.60035345232,1100718542.2803028,-1.4826278842851897,0.756642373182096
BTCUSDT,avoid_low,1.0,1.0,10,har,-154754.42042197514,1054844519.3887522,-1.4670827555861052,0.7720070711783764
BTCUSDT,avoid_low,1.0,1.0,10,oracle,-156164.19722543066,1152863485.370706,-1.3545766624329825,0.7945678103662424
BTCUSDT,avoid_low,1.0,1.0,60,always,-263505.58946933824,1513808655.1411538,-1.740679633284088,1.0
BTCUSDT,avoid_low,1.0,1.0,60,trailing,-167398.4769539499,1067816803.7983736,-1.567670375278701,0.7605656942701111
BTCUSDT,avoid_low,1.0,1.0,60,seasonal,-185196.74692123404,1100718542.2803028,-1.6825077420570325,0.756642373182096
BTCUSDT,avoid_low,1.0,1.0,60,har,-169724.95995395826,1054844519.3887522,-1.6090045199486678,0.7720070711783764
BTCUSDT,avoid_low,1.0,1.0,60,oracle,-182845.7333656864,1152863485.370706,-1.5860137447834244,0.7945678103662424
BTCUSDT,avoid_low,1.0,1.0,300,always,-276472.5638377252,1508794923.721496,-1.8324065086048664,1.0
BTCUSDT,avoid_low,1.0,1.0,300,trailing,-167789.29557982838,1063495113.2933556,-1.5777157175666798,0.7601086877666906
BTCUSDT,avoid_low,1.0,1.0,300,seasonal,-191037.8730574168,1095878281.456529,-1.743239886125938,0.7558812084918913
BTCUSDT,avoid_low,1.0,1.0,300,har,-169118.61798309555,1050507360.9112264,-1.60987561130842,0.7714589090333516
BTCUSDT,avoid_low,1.0,1.0,300,oracle,-182737.7740558324,1149117967.9311972,-1.5902438144346698,0.7945748448495321
BTCUSDT,avoid_low,1.0,1.5,10,always,-418550.4456670798,1513808655.1411538,-2.7648834233151645,1.0
BTCUSDT,avoid_low,1.0,1.5,10,trailing,-292653.66055676783,1067816803.7983736,-2.740672927376287,0.7605656942701111
BTCUSDT,avoid_low,1.0,1.5,10,seasonal,-307993.1681997663,1100718542.2803028,-2.798110110525734,0.756642373182096
BTCUSDT,avoid_low,1.0,1.5,10,har,-294134.56456538616,1054844519.3887522,-2.7884162941456765,0.7720070711783764
BTCUSDT,avoid_low,1.0,1.5,10,oracle,-307576.5402165147,1152863485.370706,-2.667935485159483,0.7945678103662424
BTCUSDT,avoid_low,1.0,1.5,60,always,-475947.37511828414,1513808655.1411538,-3.144039198757949,1.0
BTCUSDT,avoid_low,1.0,1.5,60,trailing,-309872.2598801162,1067816803.7983736,-2.901923427107134,0.7605656942701111
BTCUSDT,avoid_low,1.0,1.5,60,seasonal,-341005.4866867596,1100718542.2803028,-3.098026185516198,0.756642373182096
BTCUSDT,avoid_low,1.0,1.5,60,har,-316603.94740493456,1054844519.3887522,-3.0014276188152937,0.7720070711783764
BTCUSDT,avoid_low,1.0,1.5,60,oracle,-347589.8260772797,1152863485.370706,-3.0150128830345544,0.7945678103662424
BTCUSDT,avoid_low,1.0,1.5,300,always,-495154.6780228105,1508794923.721496,-3.28178913010586,1.0
BTCUSDT,avoid_low,1.0,1.5,300,trailing,-310226.171399249,1063495113.2933556,-2.9170436941507214,0.7601086877666906
BTCUSDT,avoid_low,1.0,1.5,300,seasonal,-349522.95697746135,1095878281.456529,-3.189432283600979,0.7558812084918913
BTCUSDT,avoid_low,1.0,1.5,300,har,-315468.3716997877,1050507360.9112264,-3.003009625997723,0.7714589090333516
BTCUSDT,avoid_low,1.0,1.5,300,oracle,-347208.4236443681,1149117967.9311972,-3.0215211434685094,0.7945748448495321
BNBUSDT,avoid_high,-0.5,1.0,10,always,3820.857908222175,197138854.75141296,0.1938155678666277,1.0
BNBUSDT,avoid_high,-0.5,1.0,10,trailing,3035.60400040622,159053362.42850357,0.1908544374074934,0.7583500926692693
BNBUSDT,avoid_high,-0.5,1.0,10,seasonal,3098.3600085708026,152401481.20567816,0.2033024865676544,0.7596382612353274
BNBUSDT,avoid_high,-0.5,1.0,10,har,3585.1285763637125,164331815.42769614,0.2181639974604383,0.7663814293413252
BNBUSDT,avoid_high,-0.5,1.0,10,oracle,3339.3606596017994,170247066.7048082,0.1961479116343264,0.7931832222616559
BNBUSDT,avoid_high,-0.5,1.0,60,always,-8464.12080334116,197138854.75141296,-0.4293481776595588,1.0
BNBUSDT,avoid_high,-0.5,1.0,60,trailing,-6744.339553985429,159053362.42850357,-0.4240299891187206,0.7583500926692693
BNBUSDT,avoid_high,-0.5,1.0,60,seasonal,-5349.790981374677,152401481.20567816,-0.3510327418770097,0.7596382612353274
BNBUSDT,avoid_high,-0.5,1.0,60,har,-6420.152992296335,164331815.42769614,-0.3906822897067742,0.7663814293413252
BNBUSDT,avoid_high,-0.5,1.0,60,oracle,-9520.125292154416,170247066.7048082,-0.5591946737420965,0.7931832222616559
BNBUSDT,avoid_high,-0.5,1.0,300,always,-7600.419148436214,196272250.6006235,-0.3872385997092178,1.0
BNBUSDT,avoid_high,-0.5,1.0,300,trailing,-5838.894853812772,158369676.5496039,-0.368687679423525,0.758475582407725
BNBUSDT,avoid_high,-0.5,1.0,300,seasonal,-4299.554520505568,151693564.576422,-0.2834368440422194,0.759662823523204
BNBUSDT,avoid_high,-0.5,1.0,300,har,-5805.948342680287,163614667.10254052,-0.3548550044747263,0.7664696725852835
BNBUSDT,avoid_high,-0.5,1.0,300,oracle,-9573.953323490705,169561340.9455568,-0.5646306681759926,0.7934134501226816
BNBUSDT,avoid_high,-0.5,1.5,10,always,-34529.222787168364,197138854.75141296,-1.7515178745817932,1.0
BNBUSDT,avoid_high,-0.5,1.5,10,trailing,-26439.57425221297,159053362.42850357,-1.6623084132595989,0.7583500926692693
BNBUSDT,avoid_high,-0.5,1.5,10,seasonal,-25373.625402256475,152401481.20567816,-1.6649198683320343,0.7596382612353274
BNBUSDT,avoid_high,-0.5,1.5,10,har,-26506.96952650808,164331815.42769614,-1.6130150730410933,0.7663814293413252
BNBUSDT,avoid_high,-0.5,1.5,10,oracle,-27305.067018959857,170247066.7048082,-1.6038494846025264,0.7931832222616559
BNBUSDT,avoid_high,-0.5,1.5,60,always,-52942.43424802882,197138854.75141296,-2.685540316990675,1.0
BNBUSDT,avoid_high,-0.5,1.5,60,trailing,-41095.68412544763,159053362.42850357,-2.583767076531981,0.7583500926692693
BNBUSDT,avoid_high,-0.5,1.5,60,seasonal,-38035.17847178505,152401481.20567816,-2.4957223624653286,0.7596382612353274
BNBUSDT,avoid_high,-0.5,1.5,60,har,-41500.10451301208,164331815.42769614,-2.52538465573464,0.7663814293413252
BNBUSDT,avoid_high,-0.5,1.5,60,oracle,-46580.25251944047,170247066.7048082,-2.736038477550164,0.7931832222616559
BNBUSDT,avoid_high,-0.5,1.5,300,always,-51469.505094364846,196272250.6006235,-2.6223526217720634,1.0
BNBUSDT,avoid_high,-0.5,1.5,300,trailing,-39615.25927125122,158369676.5496039,-2.501442203731665,0.758475582407725
BNBUSDT,avoid_high,-0.5,1.5,300,seasonal,-36313.52110695451,151693564.576422,-2.393873544230681,0.759662823523204
BNBUSDT,avoid_high,-0.5,1.5,300,har,-40448.23056809249,163614667.10254052,-2.47216409655638,0.7664696725852835
BNBUSDT,avoid_high,-0.5,1.5,300,oracle,-46544.96430777607,169561340.9455568,-2.7450221877356378,0.7934134501226816
BNBUSDT,avoid_high,0.0,1.0,10,always,-6036.084829348472,197138854.75141296,-0.3061844321333722,1.0
BNBUSDT,avoid_high,0.0,1.0,10,trailing,-4917.06412101896,159053362.42850357,-0.3091455625925066,0.7583500926692693
BNBUSDT,avoid_high,0.0,1.0,10,seasonal,-4521.7140517131065,152401481.20567816,-0.2966975134323456,0.7596382612353274
BNBUSDT,avoid_high,0.0,1.0,10,har,-4631.462195021095,164331815.42769614,-0.2818360025395617,0.7663814293413252
BNBUSDT,avoid_high,0.0,1.0,10,oracle,-5172.99267563861,170247066.7048082,-0.3038520883656735,0.7931832222616559
BNBUSDT,avoid_high,0.0,1.0,60,always,-18321.063540911808,197138854.75141296,-0.9293481776595588,1.0
BNBUSDT,avoid_high,0.0,1.0,60,trailing,-14697.007675410608,159053362.42850357,-0.9240299891187206,0.7583500926692693
BNBUSDT,avoid_high,0.0,1.0,60,seasonal,-12969.865041658584,152401481.20567816,-0.8510327418770097,0.7596382612353274
BNBUSDT,avoid_high,0.0,1.0,60,har,-14636.74376368114,164331815.42769614,-0.8906822897067742,0.7663814293413252
BNBUSDT,avoid_high,0.0,1.0,60,oracle,-18032.478627394827,170247066.7048082,-1.0591946737420963,0.7931832222616559
BNBUSDT,avoid_high,0.0,1.0,300,always,-17414.031678467385,196272250.6006235,-0.8872385997092177,1.0
BNBUSDT,avoid_high,0.0,1.0,300,trailing,-13757.378681292968,158369676.5496039,-0.868687679423525,0.758475582407725
BNBUSDT,avoid_high,0.0,1.0,300,seasonal,-11884.232749326668,151693564.576422,-0.7834368440422195,0.759662823523204
BNBUSDT,avoid_high,0.0,1.0,300,har,-13986.681697807311,163614667.10254052,-0.8548550044747262,0.7664696725852835
BNBUSDT,avoid_high,0.0,1.0,300,oracle,-18052.020370768543,169561340.9455568,-1.0646306681759927,0.7934134501226816
BNBUSDT,avoid_high,0.0,1.5,10,always,-44386.165524739015,197138854.75141296,-2.2515178745817934,1.0
BNBUSDT,avoid_high,0.0,1.5,10,trailing,-34392.242373638146,159053362.42850357,-2.162308413259599,0.7583500926692693
BNBUSDT,avoid_high,0.0,1.5,10,seasonal,-32993.69946254038,152401481.20567816,-2.1649198683320345,0.7596382612353274
BNBUSDT,avoid_high,0.0,1.5,10,har,-34723.56029789288,164331815.42769614,-2.113015073041093,0.7663814293413252
BNBUSDT,avoid_high,0.0,1.5,10,oracle,-35817.420354200265,170247066.7048082,-2.1038494846025264,0.7931832222616559
BNBUSDT,avoid_high,0.0,1.5,60,always,-62799.37698559946,197138854.75141296,-3.185540316990674,1.0
BNBUSDT,avoid_high,0.0,1.5,60,trailing,-49048.35224687281,159053362.42850357,-3.083767076531981,0.7583500926692693
BNBUSDT,avoid_high,0.0,1.5,60,seasonal,-45655.25253206896,152401481.20567816,-2.995722362465329,0.7596382612353274
BNBUSDT,avoid_high,0.0,1.5,60,har,-49716.69528439689,164331815.42769614,-3.02538465573464,0.7663814293413252
BNBUSDT,avoid_high,0.0,1.5,60,oracle,-55092.60585468087,170247066.7048082,-3.236038477550164,0.7931832222616559
BNBUSDT,avoid_high,0.0,1.5,300,always,-61283.11762439602,196272250.6006235,-3.122352621772064,1.0
BNBUSDT,avoid_high,0.0,1.5,300,trailing,-47533.74309873141,158369676.5496039,-3.0014422037316644,0.758475582407725
BNBUSDT,avoid_high,0.0,1.5,300,seasonal,-43898.199335775615,151693564.576422,-2.893873544230681,0.759662823523204
BNBUSDT,avoid_high,0.0,1.5,300,har,-48628.96392321952,163614667.10254052,-2.97216409655638,0.7664696725852835
BNBUSDT,avoid_high,0.0,1.5,300,oracle,-55023.03135505391,169561340.9455568,-3.2450221877356373,0.7934134501226816
BNBUSDT,avoid_high,1.0,1.0,10,always,-25749.970304489765,197138854.75141296,-1.306184432133372,1.0
BNBUSDT,avoid_high,1.0,1.0,10,trailing,-20822.40036386932,159053362.42850357,-1.3091455625925068,0.7583500926692693
BNBUSDT,avoid_high,1.0,1.0,10,seasonal,-19761.86217228092,152401481.20567816,-1.2966975134323455,0.7596382612353274
BNBUSDT,avoid_high,1.0,1.0,10,har,-21064.643737790702,164331815.42769614,-1.2818360025395616,0.7663814293413252
BNBUSDT,avoid_high,1.0,1.0,10,oracle,-22197.69934611943,170247066.7048082,-1.3038520883656737,0.7931832222616559
BNBUSDT,avoid_high,1.0,1.0,60,always,-38034.9490160531,197138854.75141296,-1.9293481776595585,1.0
BNBUSDT,avoid_high,1.0,1.0,60,trailing,-30602.343918260965,159053362.42850357,-1.9240299891187207,0.7583500926692693
BNBUSDT,avoid_high,1.0,1.0,60,seasonal,-28210.013162226405,152401481.20567816,-1.8510327418770096,0.7596382612353274
BNBUSDT,avoid_high,1.0,1.0,60,har,-31069.92530645075,164331815.42769614,-1.8906822897067737,0.7663814293413252
BNBUSDT,avoid_high,1.0,1.0,60,oracle,-35057.18529787564,170247066.7048082,-2.059194673742096,0.7931832222616559
BNBUSDT,avoid_high,1.0,1.0,300,always,-37041.25673852974,196272250.6006235,-1.8872385997092176,1.0
BNBUSDT,avoid_high,1.0,1.0,300,trailing,-29594.34633625335,158369676.5496039,-1.8686876794235243,0.758475582407725
BNBUSDT,avoid_high,1.0,1.0,300,seasonal,-27053.589206968867,151693564.576422,-1.7834368440422197,0.759662823523204
BNBUSDT,avoid_high,1.0,1.0,300,har,-30348.148408061366,163614667.10254052,-1.8548550044747265,0.7664696725852835
BNBUSDT,avoid_high,1.0,1.0,300,oracle,-35008.15446532422,169561340.9455568,-2.064630668175993,0.7934134501226816
BNBUSDT,avoid_high,1.0,1.5,10,always,-64100.0509998803,197138854.75141296,-3.251517874581793,1.0
BNBUSDT,avoid_high,1.0,1.5,10,trailing,-50297.57861648851,159053362.42850357,-3.162308413259599,0.7583500926692693
BNBUSDT,avoid_high,1.0,1.5,10,seasonal,-48233.8475831082,152401481.20567816,-3.1649198683320345,0.7596382612353274
BNBUSDT,avoid_high,1.0,1.5,10,har,-51156.741840662486,164331815.42769614,-3.1130150730410926,0.7663814293413252
BNBUSDT,avoid_high,1.0,1.5,10,oracle,-52842.12702468109,170247066.7048082,-3.1038494846025264,0.7931832222616559
BNBUSDT,avoid_high,1.0,1.5,60,always,-82513.26246074075,197138854.75141296,-4.185540316990674,1.0
BNBUSDT,avoid_high,1.0,1.5,60,trailing,-64953.688489723165,159053362.42850357,-4.083767076531982,0.7583500926692693
BNBUSDT,avoid_high,1.0,1.5,60,seasonal,-60895.40065263677,152401481.20567816,-3.995722362465329,0.7596382612353274
BNBUSDT,avoid_high,1.0,1.5,60,har,-66149.8768271665,164331815.42769614,-4.02538465573464,0.7663814293413252
BNBUSDT,avoid_high,1.0,1.5,60,oracle,-72117.31252516169,170247066.7048082,-4.236038477550164,0.7931832222616559
BNBUSDT,avoid_high,1.0,1.5,300,always,-80910.34268445837,196272250.6006235,-4.122352621772063,1.0
BNBUSDT,avoid_high,1.0,1.5,300,trailing,-63370.71075369179,158369676.5496039,-4.001442203731664,0.758475582407725
BNBUSDT,avoid_high,1.0,1.5,300,seasonal,-59067.55579341781,151693564.576422,-3.8938735442306815,0.759662823523204
BNBUSDT,avoid_high,1.0,1.5,300,har,-64990.43063347357,163614667.10254052,-3.972164096556379,0.7664696725852835
BNBUSDT,avoid_high,1.0,1.5,300,oracle,-71979.16544960959,169561340.9455568,-4.245022187735638,0.7934134501226816
BNBUSDT,avoid_low,-0.5,1.0,10,always,3820.857908222175,197138854.75141296,0.1938155678666277,1.0
BNBUSDT,avoid_low,-0.5,1.0,10,trailing,1955.6740885556296,137226436.54817963,0.1425143826327517,0.7300629625248104
BNBUSDT,avoid_low,-0.5,1.0,10,seasonal,2011.220478193978,144342313.0370235,0.139336860819052,0.7512783101331546
BNBUSDT,avoid_low,-0.5,1.0,10,har,1167.5918474183154,142539206.9282346,0.081913732549822,0.7865189216188861
BNBUSDT,avoid_low,-0.5,1.0,10,oracle,1962.963088992005,157961980.0721308,0.1242680731208642,0.7928874692745508
BNBUSDT,avoid_low,-0.5,1.0,60,always,-8464.12080334116,197138854.75141296,-0.4293481776595588,1.0
BNBUSDT,avoid_low,-0.5,1.0,60,trailing,-6890.70047540516,137226436.54817963,-0.5021408883546914,0.7300629625248104
BNBUSDT,avoid_low,-0.5,1.0,60,seasonal,-7239.079260658458,144342313.0370235,-0.5015216334244034,0.7512783101331546
BNBUSDT,avoid_low,-0.5,1.0,60,har,-7650.59866441616,142539206.9282346,-0.5367364411019959,0.7865189216188861
BNBUSDT,avoid_low,-0.5,1.0,60,oracle,-7764.038251708382,157961980.0721308,-0.4915131000613603,0.7928874692745508
BNBUSDT,avoid_low,-0.5,1.0,300,always,-7600.419148436214,196272250.6006235,-0.3872385997092178,1.0
BNBUSDT,avoid_low,-0.5,1.0,300,trailing,-6625.335710070275,136659119.83227903,-0.4848074331373941,0.7300741366118777
BNBUSDT,avoid_low,-0.5,1.0,300,seasonal,-7109.9725088498935,143683453.30493727,-0.4948358593359044,0.7510223465161069
BNBUSDT,avoid_low,-0.5,1.0,300,har,-6620.917589726397,141961405.0298778,-0.4663885644364346,0.7867055378202253
BNBUSDT,avoid_low,-0.5,1.0,300,oracle,-7114.845787218712,157220464.32762933,-0.4525394208474155,0.7927274885892938
BNBUSDT,avoid_low,-0.5,1.5,10,always,-34529.222787168364,197138854.75141296,-1.7515178745817932,1.0
BNBUSDT,avoid_low,-0.5,1.5,10,trailing,-26361.91563361756,137226436.54817963,-1.92105226199341,0.7300629625248104
BNBUSDT,avoid_low,-0.5,1.5,10,seasonal,-27368.99615999192,144342313.0370235,-1.8961173327582623,0.7512783101331546
BNBUSDT,avoid_low,-0.5,1.5,10,har,-29244.302112964306,142539206.9282346,-2.051667239013626,0.7865189216188861
BNBUSDT,avoid_low,-0.5,1.5,10,oracle,-33694.423449634145,157961980.0721308,-2.13307173246677,0.7928874692745508
BNBUSDT,avoid_low,-0.5,1.5,60,always,-52942.43424802882,197138854.75141296,-2.685540316990675,1.0
BNBUSDT,avoid_low,-0.5,1.5,60,trailing,-39626.18797701447,137226436.54817963,-2.8876497104915995,0.7300629625248104
BNBUSDT,avoid_low,-0.5,1.5,60,seasonal,-41233.75210028842,144342313.0370235,-2.856664219431765,0.7512783101331546
BNBUSDT,avoid_low,-0.5,1.5,60,har,-42463.63309105854,142539206.9282346,-2.979084422185544,0.7865189216188861
BNBUSDT,avoid_low,-0.5,1.5,60,oracle,-48272.57677528197,157961980.0721308,-3.055961741758306,0.7928874692745508
BNBUSDT,avoid_low,-0.5,1.5,300,always,-51469.505094364846,196272250.6006235,-2.6223526217720634,1.0
BNBUSDT,avoid_low,-0.5,1.5,300,trailing,-39094.58717939171,136659119.83227903,-2.8607375217528315,0.7300741366118777
BNBUSDT,avoid_low,-0.5,1.5,300,seasonal,-40892.41211326417,143683453.30493727,-2.846007050406758,0.7510223465161069
BNBUSDT,avoid_low,-0.5,1.5,300,har,-40776.11750537319,141961405.0298778,-2.8723382595988864,0.7867055378202253
BNBUSDT,avoid_low,-0.5,1.5,300,oracle,-47125.448703454575,157220464.32762933,-2.997411876691228,0.7927274885892938
BNBUSDT,avoid_low,0.0,1.0,10,always,-6036.084829348472,197138854.75141296,-0.3061844321333722,1.0
BNBUSDT,avoid_low,0.0,1.0,10,trailing,-4905.647738853351,137226436.54817963,-0.3574856173672482,0.7300629625248104
BNBUSDT,avoid_low,0.0,1.0,10,seasonal,-5205.895173657198,144342313.0370235,-0.360663139180948,0.7512783101331546
BNBUSDT,avoid_low,0.0,1.0,10,har,-5959.368498993415,142539206.9282346,-0.4180862674501779,0.7865189216188861
BNBUSDT,avoid_low,0.0,1.0,10,oracle,-5935.135914614534,157961980.0721308,-0.3757319268791357,0.7928874692745508
BNBUSDT,avoid_low,0.0,1.0,60,always,-18321.063540911808,197138854.75141296,-0.9293481776595588,1.0
BNBUSDT,avoid_low,0.0,1.0,60,trailing,-13752.02230281414,137226436.54817963,-1.0021408883546914,0.7300629625248104
BNBUSDT,avoid_low,0.0,1.0,60,seasonal,-14456.194912509633,144342313.0370235,-1.0015216334244033,0.7512783101331546
BNBUSDT,avoid_low,0.0,1.0,60,har,-14777.559010827892,142539206.9282346,-1.036736441101996,0.7865189216188861
BNBUSDT,avoid_low,0.0,1.0,60,oracle,-15662.13725531492,157961980.0721308,-0.9915131000613604,0.7928874692745508
BNBUSDT,avoid_low,0.0,1.0,300,always,-17414.031678467385,196272250.6006235,-0.8872385997092177,1.0
BNBUSDT,avoid_low,0.0,1.0,300,trailing,-13458.291701684226,136659119.83227903,-0.984807433137394,0.7300741366118777
BNBUSDT,avoid_low,0.0,1.0,300,seasonal,-14294.145174096757,143683453.30493727,-0.9948358593359043,0.7510223465161069
BNBUSDT,avoid_low,0.0,1.0,300,har,-13718.987841220289,141961405.0298778,-0.9663885644364346,0.7867055378202253
BNBUSDT,avoid_low,0.0,1.0,300,oracle,-14975.86900360018,157220464.32762933,-0.9525394208474156,0.7927274885892938
BNBUSDT,avoid_low,0.0,1.5,10,always,-44386.165524739015,197138854.75141296,-2.2515178745817934,1.0
BNBUSDT,avoid_low,0.0,1.5,10,trailing,-33223.23746102654,137226436.54817963,-2.4210522619934096,0.7300629625248104
BNBUSDT,avoid_low,0.0,1.5,10,seasonal,-34586.11181184309,144342313.0370235,-2.396117332758262,0.7512783101331546
BNBUSDT,avoid_low,0.0,1.5,10,har,-36371.262459376034,142539206.9282346,-2.551667239013626,0.7865189216188861
BNBUSDT,avoid_low,0.0,1.5,10,oracle,-41592.52245324069,157961980.0721308,-2.6330717324667705,0.7928874692745508
BNBUSDT,avoid_low,0.0,1.5,60,always,-62799.37698559946,197138854.75141296,-3.185540316990674,1.0
BNBUSDT,avoid_low,0.0,1.5,60,trailing,-46487.50980442345,137226436.54817963,-3.3876497104915986,0.7300629625248104
BNBUSDT,avoid_low,0.0,1.5,60,seasonal,-48450.8677521396,144342313.0370235,-3.356664219431765,0.7512783101331546
BNBUSDT,avoid_low,0.0,1.5,60,har,-49590.59343747026,142539206.9282346,-3.479084422185543,0.7865189216188861
BNBUSDT,avoid_low,0.0,1.5,60,oracle,-56170.6757788885,157961980.0721308,-3.555961741758306,0.7928874692745508
BNBUSDT,avoid_low,0.0,1.5,300,always,-61283.11762439602,196272250.6006235,-3.122352621772064,1.0
BNBUSDT,avoid_low,0.0,1.5,300,trailing,-45927.54317100566,136659119.83227903,-3.360737521752831,0.7300741366118777
BNBUSDT,avoid_low,0.0,1.5,300,seasonal,-48076.58477851102,143683453.30493727,-3.3460070504067576,0.7510223465161069
BNBUSDT,avoid_low,0.0,1.5,300,har,-47874.18775686708,141961405.0298778,-3.3723382595988864,0.7867055378202253
BNBUSDT,avoid_low,0.0,1.5,300,oracle,-54986.47191983605,157220464.32762933,-3.4974118766912285,0.7927274885892938
BNBUSDT,avoid_low,1.0,1.0,10,always,-25749.970304489765,197138854.75141296,-1.306184432133372,1.0
BNBUSDT,avoid_low,1.0,1.0,10,trailing,-18628.291393671312,137226436.54817963,-1.3574856173672485,0.7300629625248104
BNBUSDT,avoid_low,1.0,1.0,10,seasonal,-19640.126477359547,144342313.0370235,-1.3606631391809478,0.7512783101331546
BNBUSDT,avoid_low,1.0,1.0,10,har,-20213.28919181688,142539206.9282346,-1.4180862674501782,0.7865189216188861
BNBUSDT,avoid_low,1.0,1.0,10,oracle,-21731.333921827616,157961980.0721308,-1.375731926879136,0.7928874692745508
BNBUSDT,avoid_low,1.0,1.0,60,always,-38034.9490160531,197138854.75141296,-1.9293481776595585,1.0
BNBUSDT,avoid_low,1.0,1.0,60,trailing,-27474.665957632104,137226436.54817963,-2.002140888354691,0.7300629625248104
BNBUSDT,avoid_low,1.0,1.0,60,seasonal,-28890.426216211985,144342313.0370235,-2.0015216334244035,0.7512783101331546
BNBUSDT,avoid_low,1.0,1.0,60,har,-29031.479703651352,142539206.9282346,-2.036736441101996,0.7865189216188861
BNBUSDT,avoid_low,1.0,1.0,60,oracle,-31458.335262527995,157961980.0721308,-1.99151310006136,0.7928874692745508
BNBUSDT,avoid_low,1.0,1.0,300,always,-37041.25673852974,196272250.6006235,-1.8872385997092176,1.0
BNBUSDT,avoid_low,1.0,1.0,300,trailing,-27124.20368491213,136659119.83227903,-1.984807433137394,0.7300741366118777
BNBUSDT,avoid_low,1.0,1.0,300,seasonal,-28662.490504590485,143683453.30493727,-1.9948358593359048,0.7510223465161069
BNBUSDT,avoid_low,1.0,1.0,300,har,-27915.128344208068,141961405.0298778,-1.9663885644364345,0.7867055378202253
BNBUSDT,avoid_low,1.0,1.0,300,oracle,-30697.915436363102,157220464.32762933,-1.9525394208474152,0.7927274885892938
BNBUSDT,avoid_low,1.0,1.5,10,always,-64100.0509998803,197138854.75141296,-3.251517874581793,1.0
BNBUSDT,avoid_low,1.0,1.5,10,trailing,-46945.8811158445,137226436.54817963,-3.4210522619934096,0.7300629625248104
BNBUSDT,avoid_low,1.0,1.5,10,seasonal,-49020.343115545445,144342313.0370235,-3.3961173327582626,0.7512783101331546
BNBUSDT,avoid_low,1.0,1.5,10,har,-50625.1831521995,142539206.9282346,-3.5516672390136264,0.7865189216188861
BNBUSDT,avoid_low,1.0,1.5,10,oracle,-57388.72046045377,157961980.0721308,-3.6330717324667705,0.7928874692745508
BNBUSDT,avoid_low,1.0,1.5,60,always,-82513.26246074075,197138854.75141296,-4.185540316990674,1.0
BNBUSDT,avoid_low,1.0,1.5,60,trailing,-60210.15345924141,137226436.54817963,-4.3876497104916,0.7300629625248104
BNBUSDT,avoid_low,1.0,1.5,60,seasonal,-62885.09905584194,144342313.0370235,-4.356664219431765,0.7512783101331546
BNBUSDT,avoid_low,1.0,1.5,60,har,-63844.51413029374,142539206.9282346,-4.479084422185544,0.7865189216188861
BNBUSDT,avoid_low,1.0,1.5,60,oracle,-71966.87378610157,157961980.0721308,-4.5559617417583045,0.7928874692745508
BNBUSDT,avoid_low,1.0,1.5,300,always,-80910.34268445837,196272250.6006235,-4.122352621772063,1.0
BNBUSDT,avoid_low,1.0,1.5,300,trailing,-59593.455154233554,136659119.83227903,-4.360737521752831,0.7300741366118777
BNBUSDT,avoid_low,1.0,1.5,300,seasonal,-62444.93010900475,143683453.30493727,-4.346007050406757,0.7510223465161069
BNBUSDT,avoid_low,1.0,1.5,300,har,-62070.32825985485,141961405.0298778,-4.3723382595988864,0.7867055378202253
BNBUSDT,avoid_low,1.0,1.5,300,oracle,-70708.51835259897,157220464.32762933,-4.497411876691228,0.7927274885892938
NEOUSDT,avoid_high,-0.5,1.0,10,always,378.6192284370432,44693074.63405329,0.0847154131903378,1.0
NEOUSDT,avoid_high,-0.5,1.0,10,trailing,119.43526237796571,34827833.47982419,0.0342930496802664,0.7406335207190224
NEOUSDT,avoid_high,-0.5,1.0,10,seasonal,-67.83007216803992,35681285.13549744,-0.0190099857419539,0.7686807823072003
NEOUSDT,avoid_high,-0.5,1.0,10,har,-0.5197856971279862,38384262.82369538,-0.0001354163552691,0.7610866125828929
NEOUSDT,avoid_high,-0.5,1.0,10,oracle,-568.2924290493735,39820922.03896195,-0.1427120217089247,0.7950786010031305
NEOUSDT,avoid_high,-0.5,1.0,60,always,-5899.612077590824,44692891.4578162,-1.3200336530383647,1.0
NEOUSDT,avoid_high,-0.5,1.0,60,trailing,-4905.972357134986,34827698.98980585,-1.4086409666544368,0.7406380027739251
NEOUSDT,avoid_high,-0.5,1.0,60,seasonal,-4887.895602200351,35681132.86020048,-1.3698824029358152,0.7686802310706543
NEOUSDT,avoid_high,-0.5,1.0,60,har,-5692.640138027259,38384133.2445721,-1.483071169473979,0.7610856011742052
NEOUSDT,avoid_high,-0.5,1.0,60,oracle,-6949.733055635887,39820760.21721657,-1.7452537364244385,0.7950729165263994
NEOUSDT,avoid_high,-0.5,1.0,300,always,-6299.585855287392,44538980.218819626,-1.4143983145410113,1.0
NEOUSDT,avoid_high,-0.5,1.0,300,trailing,-5434.067020560638,34709638.36390266,-1.5655786913101235,0.7407419967444384
NEOUSDT,avoid_high,-0.5,1.0,300,seasonal,-5332.733645686429,35575038.063555814,-1.4990099620299349,0.7691874660879001
NEOUSDT,avoid_high,-0.5,1.0,300,har,-6147.478000470359,38267495.88790097,-1.6064489870145922,0.7622897449810092
NEOUSDT,avoid_high,-0.5,1.0,300,oracle,-7730.318627543467,39688016.18429279,-1.947771486397164,0.7955710797612588
NEOUSDT,avoid_high,-0.5,1.5,10,always,-13808.842376850802,44693074.63405329,-3.089705170189687,1.0
NEOUSDT,avoid_high,-0.5,1.5,10,trailing,-11058.770501289608,34827833.47982419,-3.1752679958390084,0.7406335207190224
NEOUSDT,avoid_high,-0.5,1.5,10,seasonal,-11317.117470068986,35681285.13549744,-3.1717236156413486,0.7686807823072003
NEOUSDT,avoid_high,-0.5,1.5,10,har,-12500.462519699511,38384262.82369538,-3.256663434469484,0.7610866125828929
NEOUSDT,avoid_high,-0.5,1.5,10,oracle,-13015.575682118711,39820922.03896195,-3.268526949070616,0.7950786010031305
NEOUSDT,avoid_high,-0.5,1.5,60,always,-23225.130444756607,44692891.4578162,-5.196605027597703,1.0
NEOUSDT,avoid_high,-0.5,1.5,60,trailing,-18595.876736395105,34827698.98980585,-5.339392861365364,0.7406380027739251
NEOUSDT,avoid_high,-0.5,1.5,60,seasonal,-18546.1295840862,35681132.86020048,-5.197741242339578,0.7686802310706543
NEOUSDT,avoid_high,-0.5,1.5,60,har,-21037.592431346817,38384133.2445721,-5.480804346239013,0.7610856011742052
NEOUSDT,avoid_high,-0.5,1.5,60,oracle,-22587.88275385964,39820760.21721657,-5.672388631117527,0.7950729165263994
NEOUSDT,avoid_high,-0.5,1.5,300,always,-23769.69798303063,44538980.218819626,-5.336830314984831,1.0
NEOUSDT,avoid_high,-0.5,1.5,300,trailing,-19345.82635676644,34709638.36390266,-5.573617954166218,0.7407419967444384
NEOUSDT,avoid_high,-0.5,1.5,300,seasonal,-19174.696154690384,35575038.063555814,-5.3899299054674925,0.7691874660879001
NEOUSDT,avoid_high,-0.5,1.5,300,har,-21678.745883241805,38267495.88790097,-5.665054736465255,0.7622897449810092
NEOUSDT,avoid_high,-0.5,1.5,300,oracle,-23716.359645434648,39688016.18429279,-5.975697937459721,0.7955710797612588
NEOUSDT,avoid_high,0.0,1.0,10,always,-1856.034503265622,44693074.63405329,-0.4152845868096623,1.0
NEOUSDT,avoid_high,0.0,1.0,10,trailing,-1621.9564116132442,34827833.47982419,-0.4657069503197336,0.7406335207190224
NEOUSDT,avoid_high,0.0,1.0,10,seasonal,-1851.894328942912,35681285.13549744,-0.5190099857419539,0.7686807823072003
NEOUSDT,avoid_high,0.0,1.0,10,har,-1919.732926881897,38384262.82369538,-0.5001354163552693,0.7610866125828929
NEOUSDT,avoid_high,0.0,1.0,10,oracle,-2559.3385309974706,39820922.03896195,-0.6427120217089246,0.7950786010031305
NEOUSDT,avoid_high,0.0,1.0,60,always,-8134.256650481635,44692891.4578162,-1.820033653038365,1.0
NEOUSDT,avoid_high,0.0,1.0,60,trailing,-6647.3573066252775,34827698.98980585,-1.9086409666544368,0.7406380027739251
NEOUSDT,avoid_high,0.0,1.0,60,seasonal,-6671.952245210376,35681132.86020048,-1.8698824029358156,0.7686802310706543
NEOUSDT,avoid_high,0.0,1.0,60,har,-7611.846800255864,38384133.2445721,-1.9830711694739789,0.7610856011742052
NEOUSDT,avoid_high,0.0,1.0,60,oracle,-8940.771066496716,39820760.21721657,-2.245253736424439,0.7950729165263994
NEOUSDT,avoid_high,0.0,1.0,300,always,-8526.534866228372,44538980.218819626,-1.914398314541011,1.0
NEOUSDT,avoid_high,0.0,1.0,300,trailing,-7169.548938755772,34709638.36390266,-2.065578691310124,0.7407419967444384
NEOUSDT,avoid_high,0.0,1.0,300,seasonal,-7111.485548864219,35575038.063555814,-1.9990099620299344,0.7691874660879001
NEOUSDT,avoid_high,0.0,1.0,300,har,-8060.852794865408,38267495.88790097,-2.1064489870145926,0.7622897449810092
NEOUSDT,avoid_high,0.0,1.0,300,oracle,-9714.719436758109,39688016.18429279,-2.447771486397164,0.7955710797612588
NEOUSDT,avoid_high,0.0,1.5,10,always,-16043.496108553469,44693074.63405329,-3.589705170189687,1.0
NEOUSDT,avoid_high,0.0,1.5,10,trailing,-12800.16217528082,34827833.47982419,-3.675267995839008,0.7406335207190224
NEOUSDT,avoid_high,0.0,1.5,10,seasonal,-13101.181726843855,35681285.13549744,-3.6717236156413486,0.7686807823072003
NEOUSDT,avoid_high,0.0,1.5,10,har,-14419.67566088428,38384262.82369538,-3.756663434469485,0.7610866125828929
NEOUSDT,avoid_high,0.0,1.5,10,oracle,-15006.62178406681,39820922.03896195,-3.768526949070616,0.7950786010031305
NEOUSDT,avoid_high,0.0,1.5,60,always,-25459.77501764742,44692891.4578162,-5.696605027597703,1.0
NEOUSDT,avoid_high,0.0,1.5,60,trailing,-20337.261685885394,34827698.98980585,-5.839392861365363,0.7406380027739251
NEOUSDT,avoid_high,0.0,1.5,60,seasonal,-20330.186227096223,35681132.86020048,-5.697741242339578,0.7686802310706543
NEOUSDT,avoid_high,0.0,1.5,60,har,-22956.799093575424,38384133.2445721,-5.9808043462390135,0.7610856011742052
NEOUSDT,avoid_high,0.0,1.5,60,oracle,-24578.920764720468,39820760.21721657,-6.172388631117527,0.7950729165263994
NEOUSDT,avoid_high,0.0,1.5,300,always,-25996.64699397161,44538980.218819626,-5.836830314984831,1.0
NEOUSDT,avoid_high,0.0,1.5,300,trailing,-21081.30827496157,34709638.36390266,-6.0736179541662185,0.7407419967444384
NEOUSDT,avoid_high,0.0,1.5,300,seasonal,-20953.448057868176,35575038.063555814,-5.889929905467493,0.7691874660879001
NEOUSDT,avoid_high,0.0,1.5,300,har,-23592.120677636856,38267495.88790097,-6.165054736465256,0.7622897449810092
NEOUSDT,avoid_high,0.0,1.5,300,oracle,-25700.760454649288,39688016.18429279,-6.475697937459721,0.7955710797612588
NEOUSDT,avoid_high,1.0,1.0,10,always,-6325.341966670952,44693074.63405329,-1.4152845868096624,1.0
NEOUSDT,avoid_high,1.0,1.0,10,trailing,-5104.739759595663,34827833.47982419,-1.4657069503197333,0.7406335207190224
NEOUSDT,avoid_high,1.0,1.0,10,seasonal,-5420.022842492657,35681285.13549744,-1.519009985741954,0.7686807823072003
NEOUSDT,avoid_high,1.0,1.0,10,har,-5758.159209251433,38384262.82369538,-1.5001354163552687,0.7610866125828929
NEOUSDT,avoid_high,1.0,1.0,10,oracle,-6541.430734893665,39820922.03896195,-1.6427120217089246,0.7950786010031305
NEOUSDT,avoid_high,1.0,1.0,60,always,-12603.545796263255,44692891.4578162,-2.820033653038365,1.0
NEOUSDT,avoid_high,1.0,1.0,60,trailing,-10130.127205605862,34827698.98980585,-2.9086409666544366,0.7406380027739251
NEOUSDT,avoid_high,1.0,1.0,60,seasonal,-10240.065531230422,35681132.86020048,-2.869882402935815,0.7686802310706543
NEOUSDT,avoid_high,1.0,1.0,60,har,-11450.260124713071,38384133.2445721,-2.983071169473979,0.7610856011742052
NEOUSDT,avoid_high,1.0,1.0,60,oracle,-12922.847088218374,39820760.21721657,-3.2452537364244387,0.7950729165263994
NEOUSDT,avoid_high,1.0,1.0,300,always,-12980.432888110336,44538980.218819626,-2.914398314541012,1.0
NEOUSDT,avoid_high,1.0,1.0,300,trailing,-10640.51277514604,34709638.36390266,-3.065578691310124,0.7407419967444384
NEOUSDT,avoid_high,1.0,1.0,300,seasonal,-10668.9893552198,35575038.063555814,-2.999009962029935,0.7691874660879001
NEOUSDT,avoid_high,1.0,1.0,300,har,-11887.602383655509,38267495.88790097,-3.1064489870145926,0.7622897449810092
NEOUSDT,avoid_high,1.0,1.0,300,oracle,-13683.521055187386,39688016.18429279,-3.447771486397164,0.7955710797612588
NEOUSDT,avoid_high,1.0,1.5,10,always,-20512.8035719588,44693074.63405329,-4.589705170189688,1.0
NEOUSDT,avoid_high,1.0,1.5,10,trailing,-16282.94552326324,34827833.47982419,-4.675267995839009,0.7406335207190224
NEOUSDT,avoid_high,1.0,1.5,10,seasonal,-16669.310240393603,35681285.13549744,-4.671723615641349,0.7686807823072003
NEOUSDT,avoid_high,1.0,1.5,10,har,-18258.101943253816,38384262.82369538,-4.756663434469483,0.7610866125828929
NEOUSDT,avoid_high,1.0,1.5,10,oracle,-18988.713987963005,39820922.03896195,-4.768526949070616,0.7950786010031305
NEOUSDT,avoid_high,1.0,1.5,60,always,-29929.06416342904,44692891.4578162,-6.696605027597704,1.0
NEOUSDT,avoid_high,1.0,1.5,60,trailing,-23820.031584865977,34827698.98980585,-6.839392861365363,0.7406380027739251
NEOUSDT,avoid_high,1.0,1.5,60,seasonal,-23898.29951311627,35681132.86020048,-6.697741242339578,0.7686802310706543
NEOUSDT,avoid_high,1.0,1.5,60,har,-26795.212418032635,38384133.2445721,-6.9808043462390135,0.7610856011742052
NEOUSDT,avoid_high,1.0,1.5,60,oracle,-28560.996786442127,39820760.21721657,-7.172388631117527,0.7950729165263994
NEOUSDT,avoid_high,1.0,1.5,300,always,-30450.54501585358,44538980.218819626,-6.836830314984832,1.0
NEOUSDT,avoid_high,1.0,1.5,300,trailing,-24552.27211135184,34709638.36390266,-7.0736179541662185,0.7407419967444384
NEOUSDT,avoid_high,1.0,1.5,300,seasonal,-24510.95186422376,35575038.063555814,-6.8899299054674925,0.7691874660879001
NEOUSDT,avoid_high,1.0,1.5,300,har,-27418.870266426948,38267495.88790097,-7.165054736465253,0.7622897449810092
NEOUSDT,avoid_high,1.0,1.5,300,oracle,-29669.562073078567,39688016.18429279,-7.475697937459721,0.7955710797612588
NEOUSDT,avoid_low,-0.5,1.0,10,always,378.6192284370432,44693074.63405329,0.0847154131903378,1.0
NEOUSDT,avoid_low,-0.5,1.0,10,trailing,673.0024585619337,27577696.050252315,0.2440386815981954,0.6787962433096577
NEOUSDT,avoid_low,-0.5,1.0,10,seasonal,410.1655814061348,32229796.41203948,0.1272628521019503,0.7685663311677382
NEOUSDT,avoid_low,-0.5,1.0,10,har,532.1183119995769,30110736.490970075,0.1767204572226767,0.7728481502676137
NEOUSDT,avoid_low,-0.5,1.0,10,oracle,314.4349017452637,37446796.28746887,0.0839684386700086,0.7954960110411687
NEOUSDT,avoid_low,-0.5,1.0,60,always,-5899.612077590824,44692891.4578162,-1.3200336530383647,1.0
NEOUSDT,avoid_low,-0.5,1.0,60,trailing,-2977.1683996586617,27577546.761185184,-1.0795624518164042,0.6787902454789061
NEOUSDT,avoid_low,-0.5,1.0,60,seasonal,-4082.658145735904,32229666.88006625,-1.2667391695137222,0.7685725058238961
NEOUSDT,avoid_low,-0.5,1.0,60,har,-2639.7868723280944,30110609.89807665,-0.8766965801302863,0.77284785155461
NEOUSDT,avoid_low,-0.5,1.0,60,oracle,-4632.564492865173,37446629.54406001,-1.237111203136309,0.7954970846855096
NEOUSDT,avoid_low,-0.5,1.0,300,always,-6299.585855287392,44538980.218819626,-1.4143983145410113,1.0
NEOUSDT,avoid_low,-0.5,1.0,300,trailing,-2963.1764881961426,27481519.947712384,-1.0782433045311977,0.6786692892023874
NEOUSDT,avoid_low,-0.5,1.0,300,seasonal,-3974.006884716936,32117598.599713087,-1.2373300178028992,0.7683260987520347
NEOUSDT,avoid_low,-0.5,1.0,300,har,-2327.6778254512647,29994149.72247205,-0.7760439442320097,0.7733654367878459
NEOUSDT,avoid_low,-0.5,1.0,300,oracle,-4584.833805398937,37319537.48232613,-1.2285344660475048,0.7957135105805752
NEOUSDT,avoid_low,-0.5,1.5,10,always,-13808.842376850802,44693074.63405329,-3.089705170189687,1.0
NEOUSDT,avoid_low,-0.5,1.5,10,trailing,-7908.3064259704925,27577696.050252315,-2.8676458002727667,0.6787962433096577
NEOUSDT,avoid_low,-0.5,1.5,10,seasonal,-9769.915669173388,32229796.41203948,-3.031330246170536,0.7685663311677382
NEOUSDT,avoid_low,-0.5,1.5,10,har,-8386.073386957,30110736.490970075,-2.785077472107633,0.7728481502676137
NEOUSDT,avoid_low,-0.5,1.5,10,oracle,-13170.954671302849,37446796.28746887,-3.517244725074212,0.7954960110411687
NEOUSDT,avoid_low,-0.5,1.5,60,always,-23225.130444756607,44692891.4578162,-5.196605027597703,1.0
NEOUSDT,avoid_low,-0.5,1.5,60,trailing,-13383.6430449585,27577546.761185184,-4.853094135188158,0.6787902454789061
NEOUSDT,avoid_low,-0.5,1.5,60,seasonal,-16508.013053912844,32229666.88006625,-5.121993074065218,0.7685725058238961
NEOUSDT,avoid_low,-0.5,1.5,60,har,-13143.910437638791,30110609.89807665,-4.365208968576347,0.77284785155461
NEOUSDT,avoid_low,-0.5,1.5,60,oracle,-20590.301877879065,37446629.54406001,-5.498572803101638,0.7954970846855096
NEOUSDT,avoid_low,-0.5,1.5,300,always,-23769.69798303063,44538980.218819626,-5.336830314984831,1.0
NEOUSDT,avoid_low,-0.5,1.5,300,trailing,-13327.118022723813,27481519.947712384,-4.849483597734261,0.6786692892023874
NEOUSDT,avoid_low,-0.5,1.5,300,seasonal,-16304.25732781614,32117598.599713087,-5.076424776029734,0.7683260987520347
NEOUSDT,avoid_low,-0.5,1.5,300,har,-12636.061303899394,29994149.72247205,-4.2128419777915145,0.7733654367878459
NEOUSDT,avoid_low,-0.5,1.5,300,oracle,-20466.438742697123,37319537.48232613,-5.484108358092505,0.7957135105805752
NEOUSDT,avoid_low,0.0,1.0,10,always,-1856.034503265622,44693074.63405329,-0.4152845868096623,1.0
NEOUSDT,avoid_low,0.0,1.0,10,trailing,-705.882343950682,27577696.050252315,-0.2559613184018045,0.6787962433096577
NEOUSDT,avoid_low,0.0,1.0,10,seasonal,-1201.3242391958393,32229796.41203948,-0.3727371478980497,0.7685663311677382
NEOUSDT,avoid_low,0.0,1.0,10,har,-973.4185125489269,30110736.490970075,-0.3232795427773232,0.7728481502676137
NEOUSDT,avoid_low,0.0,1.0,10,oracle,-1557.9049126281795,37446796.28746887,-0.4160315613299913,0.7954960110411687
NEOUSDT,avoid_low,0.0,1.0,60,always,-8134.256650481635,44692891.4578162,-1.820033653038365,1.0
NEOUSDT,avoid_low,0.0,1.0,60,trailing,-4356.04573771792,27577546.761185184,-1.579562451816404,0.6787902454789061
NEOUSDT,avoid_low,0.0,1.0,60,seasonal,-5694.141489739217,32229666.88006625,-1.7667391695137225,0.7685725058238961
NEOUSDT,avoid_low,0.0,1.0,60,har,-4145.317367231926,30110609.89807665,-1.3766965801302862,0.77284785155461
NEOUSDT,avoid_low,0.0,1.0,60,oracle,-6504.8959700681735,37446629.54406001,-1.737111203136309,0.7954970846855096
NEOUSDT,avoid_low,0.0,1.0,300,always,-8526.534866228372,44538980.218819626,-1.914398314541011,1.0
NEOUSDT,avoid_low,0.0,1.0,300,trailing,-4337.252485581762,27481519.947712384,-1.5782433045311974,0.6786692892023874
NEOUSDT,avoid_low,0.0,1.0,300,seasonal,-5579.886814702591,32117598.599713087,-1.7373300178028992,0.7683260987520347
NEOUSDT,avoid_low,0.0,1.0,300,har,-3827.3853115748666,29994149.72247205,-1.2760439442320095,0.7733654367878459
NEOUSDT,avoid_low,0.0,1.0,300,oracle,-6450.810679515243,37319537.48232613,-1.7285344660475046,0.7957135105805752
NEOUSDT,avoid_low,0.0,1.5,10,always,-16043.496108553469,44693074.63405329,-3.589705170189687,1.0
NEOUSDT,avoid_low,0.0,1.5,10,trailing,-9287.191228483109,27577696.050252315,-3.367645800272767,0.6787962433096577
NEOUSDT,avoid_low,0.0,1.5,10,seasonal,-11381.405489775363,32229796.41203948,-3.531330246170536,0.7685663311677382
NEOUSDT,avoid_low,0.0,1.5,10,har,-9891.610211505504,30110736.490970075,-3.285077472107633,0.7728481502676137
NEOUSDT,avoid_low,0.0,1.5,10,oracle,-15043.294485676288,37446796.28746887,-4.017244725074212,0.7954960110411687
NEOUSDT,avoid_low,0.0,1.5,60,always,-25459.77501764742,44692891.4578162,-5.696605027597703,1.0
NEOUSDT,avoid_low,0.0,1.5,60,trailing,-14762.520383017758,27577546.761185184,-5.353094135188157,0.6787902454789061
NEOUSDT,avoid_low,0.0,1.5,60,seasonal,-18119.49639791616,32229666.88006625,-5.621993074065218,0.7685725058238961
NEOUSDT,avoid_low,0.0,1.5,60,har,-14649.440932542624,30110609.89807665,-4.865208968576348,0.77284785155461
NEOUSDT,avoid_low,0.0,1.5,60,oracle,-22462.633355082067,37446629.54406001,-5.998572803101639,0.7954970846855096
NEOUSDT,avoid_low,0.0,1.5,300,always,-25996.64699397161,44538980.218819626,-5.836830314984831,1.0
NEOUSDT,avoid_low,0.0,1.5,300,trailing,-14701.194020109431,27481519.947712384,-5.349483597734262,0.6786692892023874
NEOUSDT,avoid_low,0.0,1.5,300,seasonal,-17910.13725780179,32117598.599713087,-5.576424776029733,0.7683260987520347
NEOUSDT,avoid_low,0.0,1.5,300,har,-14135.768790022998,29994149.72247205,-4.712841977791515,0.7733654367878459
NEOUSDT,avoid_low,0.0,1.5,300,oracle,-22332.41561681343,37319537.48232613,-5.984108358092504,0.7957135105805752
NEOUSDT,avoid_low,1.0,1.0,10,always,-6325.341966670952,44693074.63405329,-1.4152845868096624,1.0
NEOUSDT,avoid_low,1.0,1.0,10,trailing,-3463.651948975913,27577696.050252315,-1.2559613184018044,0.6787962433096577
NEOUSDT,avoid_low,1.0,1.0,10,seasonal,-4424.303880399787,32229796.41203948,-1.3727371478980497,0.7685663311677382
NEOUSDT,avoid_low,1.0,1.0,10,har,-3984.492161645934,30110736.490970075,-1.3232795427773232,0.7728481502676137
NEOUSDT,avoid_low,1.0,1.0,10,oracle,-5302.584541375066,37446796.28746887,-1.4160315613299912,0.7954960110411687
NEOUSDT,avoid_low,1.0,1.0,60,always,-12603.545796263255,44692891.4578162,-2.820033653038365,1.0
NEOUSDT,avoid_low,1.0,1.0,60,trailing,-7113.80041383644,27577546.761185184,-2.579562451816404,0.6787902454789061
NEOUSDT,avoid_low,1.0,1.0,60,seasonal,-8917.10817774584,32229666.88006625,-2.7667391695137216,0.7685725058238961
NEOUSDT,avoid_low,1.0,1.0,60,har,-7156.378357039592,30110609.89807665,-2.3766965801302864,0.77284785155461
NEOUSDT,avoid_low,1.0,1.0,60,oracle,-10249.558924474177,37446629.54406001,-2.737111203136309,0.7954970846855096
NEOUSDT,avoid_low,1.0,1.0,300,always,-12980.432888110336,44538980.218819626,-2.914398314541012,1.0
NEOUSDT,avoid_low,1.0,1.0,300,trailing,-7085.404480353,27481519.947712384,-2.578243304531197,0.6786692892023874
NEOUSDT,avoid_low,1.0,1.0,300,seasonal,-8791.646674673899,32117598.599713087,-2.7373300178028988,0.7683260987520347
NEOUSDT,avoid_low,1.0,1.0,300,har,-6826.800283822071,29994149.72247205,-2.27604394423201,0.7733654367878459
NEOUSDT,avoid_low,1.0,1.0,300,oracle,-10182.764427747856,37319537.48232613,-2.728534466047505,0.7957135105805752
NEOUSDT,avoid_low,1.0,1.5,10,always,-20512.8035719588,44693074.63405329,-4.589705170189688,1.0
NEOUSDT,avoid_low,1.0,1.5,10,trailing,-12044.96083350834,27577696.050252315,-4.367645800272767,0.6787962433096577
NEOUSDT,avoid_low,1.0,1.5,10,seasonal,-14604.385130979312,32229796.41203948,-4.531330246170536,0.7685663311677382
NEOUSDT,avoid_low,1.0,1.5,10,har,-12902.683860602509,30110736.490970075,-4.285077472107632,0.7728481502676137
NEOUSDT,avoid_low,1.0,1.5,10,oracle,-18787.97411442317,37446796.28746887,-5.017244725074212,0.7954960110411687
NEOUSDT,avoid_low,1.0,1.5,60,always,-29929.06416342904,44692891.4578162,-6.696605027597704,1.0
NEOUSDT,avoid_low,1.0,1.5,60,trailing,-17520.27505913628,27577546.761185184,-6.353094135188158,0.6787902454789061
NEOUSDT,avoid_low,1.0,1.5,60,seasonal,-21342.463085922784,32229666.88006625,-6.621993074065218,0.7685725058238961
NEOUSDT,avoid_low,1.0,1.5,60,har,-17660.50192235029,30110609.89807665,-5.865208968576348,0.77284785155461
NEOUSDT,avoid_low,1.0,1.5,60,oracle,-26207.29630948807,37446629.54406001,-6.99857280310164,0.7954970846855096
NEOUSDT,avoid_low,1.0,1.5,300,always,-30450.54501585358,44538980.218819626,-6.836830314984832,1.0
NEOUSDT,avoid_low,1.0,1.5,300,trailing,-17449.34601488067,27481519.947712384,-6.349483597734261,0.6786692892023874
NEOUSDT,avoid_low,1.0,1.5,300,seasonal,-21121.897117773107,32117598.599713087,-6.576424776029735,0.7683260987520347
NEOUSDT,avoid_low,1.0,1.5,300,har,-17135.1837622702,29994149.72247205,-5.7128419777915145,0.7733654367878459
NEOUSDT,avoid_low,1.0,1.5,300,oracle,-26064.36936504604,37319537.48232613,-6.984108358092505,0.7957135105805752
QTUMUSDT,avoid_high,-0.5,1.0,10,always,7951.914271213018,9252701.72432294,8.594153911078218,1.0
QTUMUSDT,avoid_high,-0.5,1.0,10,trailing,5910.097124012289,7444510.5452085,7.938865944405435,0.7331122432101624
QTUMUSDT,avoid_high,-0.5,1.0,10,seasonal,7544.635067501673,7797536.04731416,9.6756655201362,0.7925005789142876
QTUMUSDT,avoid_high,-0.5,1.0,10,har,3612.791256652783,6725658.320204131,5.37165446808355,0.5962155545998875
QTUMUSDT,avoid_high,-0.5,1.0,10,oracle,7686.636594754493,8558703.00467563,8.981076444123921,0.7926990638128949
QTUMUSDT,avoid_high,-0.5,1.0,60,always,4836.275859028398,9251871.73644906,5.227348580693358,1.0
QTUMUSDT,avoid_high,-0.5,1.0,60,trailing,3177.281479505191,7443938.212953811,4.268280295470671,0.7331170819300438
QTUMUSDT,avoid_high,-0.5,1.0,60,seasonal,4712.570406836041,7796978.47617137,6.044098263498225,0.792531051660364
QTUMUSDT,avoid_high,-0.5,1.0,60,har,2203.487787722845,6725435.042025349,3.2763498181959543,0.596365652436552
QTUMUSDT,avoid_high,-0.5,1.0,60,oracle,4574.269224484133,8557983.46198341,5.345031624335476,0.7928206740754838
QTUMUSDT,avoid_high,-0.5,1.0,300,always,-1724.943004635806,9157308.34029635,-1.883679068712,1.0
QTUMUSDT,avoid_high,-0.5,1.0,300,trailing,-2931.6449700428825,7372949.538479609,-3.976217326244474,0.7332058023727621
QTUMUSDT,avoid_high,-0.5,1.0,300,seasonal,-1725.246825276471,7720640.07496346,-2.2345904076931555,0.7934856270319885
QTUMUSDT,avoid_high,-0.5,1.0,300,har,1454.2143734546817,6686620.7654795,2.174812097857025,0.6067871634083364
QTUMUSDT,avoid_high,-0.5,1.0,300,oracle,-1986.0032190922973,8475453.86030796,-2.3432411429824422,0.7961534832251036
QTUMUSDT,avoid_high,-0.5,1.5,10,always,4543.418256463245,9252701.72432294,4.910369308155457,1.0
QTUMUSDT,avoid_high,-0.5,1.5,10,trailing,3132.1807950853204,7444510.5452085,4.207369680067525,0.7331122432101624
QTUMUSDT,avoid_high,-0.5,1.5,10,seasonal,4637.230985799868,7797536.04731416,5.94704655119504,0.7925005789142876
QTUMUSDT,avoid_high,-0.5,1.5,10,har,1270.7741787571088,6725658.320204131,1.889442071328029,0.5962155545998875
QTUMUSDT,avoid_high,-0.5,1.5,10,oracle,4649.794717544362,8558703.00467563,5.432826346473495,0.7926990638128949
QTUMUSDT,avoid_high,-0.5,1.5,60,always,-130.23366827630798,9251871.73644906,-0.140764671178086,1.0
QTUMUSDT,avoid_high,-0.5,1.5,60,trailing,-966.991463033863,7443938.212953811,-1.2990320921137166,0.7331170819300438
QTUMUSDT,avoid_high,-0.5,1.5,60,seasonal,388.9140417700317,7796978.47617137,0.4988009688093997,0.792531051660364
QTUMUSDT,avoid_high,-0.5,1.5,60,har,-843.3339504208062,6725435.042025349,-1.2539470608979937,0.596365652436552
QTUMUSDT,avoid_high,-0.5,1.5,60,oracle,-19.465486283612563,8557983.46198341,-0.022745412362717,0.7928206740754838
QTUMUSDT,avoid_high,-0.5,1.5,300,always,-9925.036138534644,9157308.34029635,-10.838377140649442,1.0
QTUMUSDT,avoid_high,-0.5,1.5,300,trailing,-10093.479746457257,7372949.538479609,-13.689880411874691,0.7332058023727621
QTUMUSDT,avoid_high,-0.5,1.5,300,seasonal,-9230.386599053823,7720640.07496346,-11.955468082220516,0.7934856270319885
QTUMUSDT,avoid_high,-0.5,1.5,300,har,-1948.5039910030584,6686620.7654795,-2.914033948302332,0.6067871634083364
QTUMUSDT,avoid_high,-0.5,1.5,300,oracle,-9823.467588730791,8475453.86030796,-11.590491495370904,0.7961534832251036
QTUMUSDT,avoid_high,0.0,1.0,10,always,7489.27918499687,9252701.72432294,8.094153911078218,1.0
QTUMUSDT,avoid_high,0.0,1.0,10,trailing,5537.871596751865,7444510.5452085,7.4388659444054355,0.7331122432101624
QTUMUSDT,avoid_high,0.0,1.0,10,seasonal,7154.758265135965,7797536.04731416,9.1756655201362,0.7925005789142876
QTUMUSDT,avoid_high,0.0,1.0,10,har,3276.5083406425765,6725658.320204131,4.871654468083551,0.5962155545998875
QTUMUSDT,avoid_high,0.0,1.0,10,oracle,7258.70144452071,8558703.00467563,8.481076444123918,0.7926990638128949
QTUMUSDT,avoid_high,0.0,1.0,60,always,4373.682272205945,9251871.73644906,4.7273485806933575,1.0
QTUMUSDT,avoid_high,0.0,1.0,60,trailing,2805.0845688575,7443938.212953811,3.76828029547067,0.7331170819300438
QTUMUSDT,avoid_high,0.0,1.0,60,seasonal,4322.7214830274725,7796978.47617137,5.544098263498224,0.792531051660364
QTUMUSDT,avoid_high,0.0,1.0,60,har,1867.216035621578,6725435.042025349,2.7763498181959543,0.596365652436552
QTUMUSDT,avoid_high,0.0,1.0,60,oracle,4146.370051384963,8557983.46198341,4.845031624335476,0.7928206740754838
QTUMUSDT,avoid_high,0.0,1.0,300,always,-2182.808421650623,9157308.34029635,-2.3836790687119995,1.0
QTUMUSDT,avoid_high,0.0,1.0,300,trailing,-3300.292446966862,7372949.538479609,-4.476217326244473,0.7332058023727621
QTUMUSDT,avoid_high,0.0,1.0,300,seasonal,-2111.2788290246444,7720640.07496346,-2.734590407693156,0.7934856270319885
QTUMUSDT,avoid_high,0.0,1.0,300,har,1119.8833351807066,6686620.7654795,1.674812097857025,0.6067871634083364
QTUMUSDT,avoid_high,0.0,1.0,300,oracle,-2409.775912107695,8475453.86030796,-2.843241142982442,0.7961534832251036
QTUMUSDT,avoid_high,0.0,1.5,10,always,4080.7831702470976,9252701.72432294,4.410369308155457,1.0
QTUMUSDT,avoid_high,0.0,1.5,10,trailing,2759.955267824896,7444510.5452085,3.707369680067526,0.7331122432101624
QTUMUSDT,avoid_high,0.0,1.5,10,seasonal,4247.35418343416,7797536.04731416,5.44704655119504,0.7925005789142876
QTUMUSDT,avoid_high,0.0,1.5,10,har,934.4912627469018,6725658.320204131,1.3894420713280289,0.5962155545998875
QTUMUSDT,avoid_high,0.0,1.5,10,oracle,4221.859567310579,8558703.00467563,4.932826346473492,0.7926990638128949
QTUMUSDT,avoid_high,0.0,1.5,60,always,-592.8272550987623,9251871.73644906,-0.6407646711780874,1.0
QTUMUSDT,avoid_high,0.0,1.5,60,trailing,-1339.1883736815544,7443938.212953811,-1.7990320921137175,0.7331170819300438
QTUMUSDT,avoid_high,0.0,1.5,60,seasonal,-0.934882038536898,7796978.47617137,-0.0011990311906003,0.792531051660364
QTUMUSDT,avoid_high,0.0,1.5,60,har,-1179.6057025220737,6725435.042025349,-1.753947060897994,0.596365652436552
QTUMUSDT,avoid_high,0.0,1.5,60,oracle,-447.3646593827832,8557983.46198341,-0.5227454123627171,0.7928206740754838
QTUMUSDT,avoid_high,0.0,1.5,300,always,-10382.901555549464,9157308.34029635,-11.338377140649442,1.0
QTUMUSDT,avoid_high,0.0,1.5,300,trailing,-10462.127223381234,7372949.538479609,-14.18988041187469,0.7332058023727621
QTUMUSDT,avoid_high,0.0,1.5,300,seasonal,-9616.418602802,7720640.07496346,-12.455468082220516,0.7934856270319885
QTUMUSDT,avoid_high,0.0,1.5,300,har,-2282.8350292770338,6686620.7654795,-3.414033948302332,0.6067871634083364
QTUMUSDT,avoid_high,0.0,1.5,300,oracle,-10247.240281746188,8475453.86030796,-12.090491495370904,0.7961534832251036
QTUMUSDT,avoid_high,1.0,1.0,10,always,6564.009012564576,9252701.72432294,7.094153911078217,1.0
QTUMUSDT,avoid_high,1.0,1.0,10,trailing,4793.420542231015,7444510.5452085,6.438865944405436,0.7331122432101624
QTUMUSDT,avoid_high,1.0,1.0,10,seasonal,6375.004660404549,7797536.04731416,8.175665520136201,0.7925005789142876
QTUMUSDT,avoid_high,1.0,1.0,10,har,2603.942508622163,6725658.320204131,3.8716544680835514,0.5962155545998875
QTUMUSDT,avoid_high,1.0,1.0,10,oracle,6402.831144053149,8558703.00467563,7.4810764441239215,0.7926990638128949
QTUMUSDT,avoid_high,1.0,1.0,60,always,3448.4950985610394,9251871.73644906,3.7273485806933584,1.0
QTUMUSDT,avoid_high,1.0,1.0,60,trailing,2060.690747562119,7443938.212953811,2.768280295470671,0.7331170819300438
QTUMUSDT,avoid_high,1.0,1.0,60,seasonal,3543.0236354103345,7796978.47617137,4.544098263498223,0.792531051660364
QTUMUSDT,avoid_high,1.0,1.0,60,har,1194.672531419043,6725435.042025349,1.7763498181959545,0.596365652436552
QTUMUSDT,avoid_high,1.0,1.0,60,oracle,3290.571705186622,8557983.46198341,3.8450316243354767,0.7928206740754838
QTUMUSDT,avoid_high,1.0,1.0,300,always,-3098.5392556802594,9157308.34029635,-3.383679068712001,1.0
QTUMUSDT,avoid_high,1.0,1.0,300,trailing,-4037.587400814824,7372949.538479609,-5.476217326244474,0.7332058023727621
QTUMUSDT,avoid_high,1.0,1.0,300,seasonal,-2883.342836520992,7720640.07496346,-3.734590407693157,0.7934856270319885
QTUMUSDT,avoid_high,1.0,1.0,300,har,451.2212586327567,6686620.7654795,0.6748120978570249,0.6067871634083364
QTUMUSDT,avoid_high,1.0,1.0,300,oracle,-3257.3212981384904,8475453.86030796,-3.843241142982441,0.7961534832251036
QTUMUSDT,avoid_high,1.0,1.5,10,always,3155.5129978148043,9252701.72432294,3.4103693081554582,1.0
QTUMUSDT,avoid_high,1.0,1.5,10,trailing,2015.5042133040463,7444510.5452085,2.7073696800675267,0.7331122432101624
QTUMUSDT,avoid_high,1.0,1.5,10,seasonal,3467.600578702743,7797536.04731416,4.447046551195038,0.7925005789142876
QTUMUSDT,avoid_high,1.0,1.5,10,har,261.9254307264887,6725658.320204131,0.3894420713280286,0.5962155545998875
QTUMUSDT,avoid_high,1.0,1.5,10,oracle,3365.989266843017,8558703.00467563,3.932826346473494,0.7926990638128949
QTUMUSDT,avoid_high,1.0,1.5,60,always,-1518.014428743668,9251871.73644906,-1.6407646711780874,1.0
QTUMUSDT,avoid_high,1.0,1.5,60,trailing,-2083.582194976936,7443938.212953811,-2.799032092113718,0.7331170819300438
QTUMUSDT,avoid_high,1.0,1.5,60,seasonal,-780.6327296556739,7796978.47617137,-1.0011990311906005,0.792531051660364
QTUMUSDT,avoid_high,1.0,1.5,60,har,-1852.1492067246088,6725435.042025349,-2.753947060897994,0.596365652436552
QTUMUSDT,avoid_high,1.0,1.5,60,oracle,-1303.1630055811245,8557983.46198341,-1.5227454123627175,0.7928206740754838
QTUMUSDT,avoid_high,1.0,1.5,300,always,-11298.6323895791,9157308.34029635,-12.338377140649444,1.0
QTUMUSDT,avoid_high,1.0,1.5,300,trailing,-11199.422177229197,7372949.538479609,-15.189880411874688,0.7332058023727621
QTUMUSDT,avoid_high,1.0,1.5,300,seasonal,-10388.482610298344,7720640.07496346,-13.455468082220516,0.7934856270319885
QTUMUSDT,avoid_high,1.0,1.5,300,har,-2951.497105824984,6686620.7654795,-4.4140339483023325,0.6067871634083364
QTUMUSDT,avoid_high,1.0,1.5,300,oracle,-11094.785667776989,8475453.86030796,-13.090491495370909,0.7961534832251036
QTUMUSDT,avoid_low,-0.5,1.0,10,always,7951.914271213018,9252701.72432294,8.594153911078218,1.0
QTUMUSDT,avoid_low,-0.5,1.0,10,trailing,3096.824839893207,4571271.757329211,6.774536724770314,0.6381868404512223
QTUMUSDT,avoid_low,-0.5,1.0,10,seasonal,6766.089847527341,7387980.093892019,9.15824049542469,0.7718581494591287
QTUMUSDT,avoid_low,-0.5,1.0,10,har,2217.6483307793087,5822229.36695375,3.808933298585599,0.5831072810876973
QTUMUSDT,avoid_low,-0.5,1.0,10,oracle,7680.816309284097,8394300.628464121,9.150037208864452,0.7912517780938834
QTUMUSDT,avoid_low,-0.5,1.0,60,always,4836.275859028398,9251871.73644906,5.227348580693358,1.0
QTUMUSDT,avoid_low,-0.5,1.0,60,trailing,2034.2776023183444,4570727.50621788,4.450664800189848,0.6381871291798721
QTUMUSDT,avoid_low,-0.5,1.0,60,seasonal,4114.9536202847,7387325.08891658,5.570289070476248,0.7718354613685073
QTUMUSDT,avoid_low,-0.5,1.0,60,har,1217.52220568899,5821990.96766109,2.0912471566030506,0.583200244937814
QTUMUSDT,avoid_low,-0.5,1.0,60,oracle,4810.491226790784,8393592.645869032,5.731146875656758,0.7912236133292511
QTUMUSDT,avoid_low,-0.5,1.0,300,always,-1724.943004635806,9157308.34029635,-1.883679068712,1.0
QTUMUSDT,avoid_low,-0.5,1.0,300,trailing,1279.2543444309651,4510424.566527151,2.836217135576531,0.637188714367821
QTUMUSDT,avoid_low,-0.5,1.0,300,seasonal,-2211.75663364155,7319125.161737649,-3.0218866118098355,0.7720484160139998
QTUMUSDT,avoid_low,-0.5,1.0,300,har,627.0983441032455,5776941.677925101,1.085519603736903,0.5912775685621885
QTUMUSDT,avoid_low,-0.5,1.0,300,oracle,-1621.3651752135086,8312966.82391943,-1.950404963181437,0.7920616266202294
QTUMUSDT,avoid_low,-0.5,1.5,10,always,4543.418256463245,9252701.72432294,4.910369308155457,1.0
QTUMUSDT,avoid_low,-0.5,1.5,10,trailing,1576.4559049369575,4571271.757329211,3.4486155902006805,0.6381868404512223
QTUMUSDT,avoid_low,-0.5,1.5,10,seasonal,3949.438897839264,7387980.093892019,5.345762776356755,0.7718581494591287
QTUMUSDT,avoid_low,-0.5,1.5,10,har,267.2085082191725,5822229.36695375,0.4589453478693484,0.5831072810876973
QTUMUSDT,avoid_low,-0.5,1.5,10,oracle,4171.461455618969,8394300.628464121,4.969397261606305,0.7912517780938834
QTUMUSDT,avoid_low,-0.5,1.5,60,always,-130.23366827630798,9251871.73644906,-0.140764671178086,1.0
QTUMUSDT,avoid_low,-0.5,1.5,60,trailing,-17.562391625298744,4570727.50621788,-0.038423624251079,0.6381871291798721
QTUMUSDT,avoid_low,-0.5,1.5,60,seasonal,-26.896713849204502,7387325.08891658,-0.0364092733505913,0.7718354613685073
QTUMUSDT,avoid_low,-0.5,1.5,60,har,-1233.3157515332628,5821990.96766109,-2.1183745532822966,0.583200244937814
QTUMUSDT,avoid_low,-0.5,1.5,60,oracle,-132.977182727107,8393592.645869032,-0.1584270149118478,0.7912236133292511
QTUMUSDT,avoid_low,-0.5,1.5,300,always,-9925.036138534644,9157308.34029635,-10.838377140649442,1.0
QTUMUSDT,avoid_low,-0.5,1.5,300,trailing,-1121.841426713022,4510424.566527151,-2.487219130186664,0.637188714367821
QTUMUSDT,avoid_low,-0.5,1.5,300,seasonal,-9481.824994599294,7319125.161737649,-12.95486111395886,0.7720484160139998
QTUMUSDT,avoid_low,-0.5,1.5,300,har,-2098.70736650734,5776941.677925101,-3.63290385036591,0.5912775685621885
QTUMUSDT,avoid_low,-0.5,1.5,300,oracle,-9731.446949253645,8312966.82391943,-11.706346428873902,0.7920616266202294
QTUMUSDT,avoid_low,0.0,1.0,10,always,7489.27918499687,9252701.72432294,8.094153911078218,1.0
QTUMUSDT,avoid_low,0.0,1.0,10,trailing,2868.261252026746,4571271.757329211,6.274536724770313,0.6381868404512223
QTUMUSDT,avoid_low,0.0,1.0,10,seasonal,6396.690842832741,7387980.093892019,8.658240495424693,0.7718581494591287
QTUMUSDT,avoid_low,0.0,1.0,10,har,1926.5368624316209,5822229.36695375,3.3089332985855977,0.5831072810876973
QTUMUSDT,avoid_low,0.0,1.0,10,oracle,7261.101277860892,8394300.628464121,8.650037208864454,0.7912517780938834
QTUMUSDT,avoid_low,0.0,1.0,60,always,4373.682272205945,9251871.73644906,4.7273485806933575,1.0
QTUMUSDT,avoid_low,0.0,1.0,60,trailing,1805.7412270074503,4570727.50621788,3.950664800189848,0.6381871291798721
QTUMUSDT,avoid_low,0.0,1.0,60,seasonal,3745.587365838871,7387325.08891658,5.070289070476248,0.7718354613685073
QTUMUSDT,avoid_low,0.0,1.0,60,har,926.4226573059352,5821990.96766109,1.5912471566030508,0.583200244937814
QTUMUSDT,avoid_low,0.0,1.0,60,oracle,4390.811594497332,8393592.645869032,5.231146875656757,0.7912236133292511
QTUMUSDT,avoid_low,0.0,1.0,300,always,-2182.808421650623,9157308.34029635,-2.3836790687119995,1.0
QTUMUSDT,avoid_low,0.0,1.0,300,trailing,1053.7331161046077,4510424.566527151,2.336217135576531,0.637188714367821
QTUMUSDT,avoid_low,0.0,1.0,300,seasonal,-2577.7128917284326,7319125.161737649,-3.521886611809836,0.7720484160139998
QTUMUSDT,avoid_low,0.0,1.0,300,har,338.2512602069904,5776941.677925101,0.5855196037369028,0.5912775685621885
QTUMUSDT,avoid_low,0.0,1.0,300,oracle,-2037.0135164094804,8312966.82391943,-2.450404963181438,0.7920616266202294
QTUMUSDT,avoid_low,0.0,1.5,10,always,4080.7831702470976,9252701.72432294,4.410369308155457,1.0
QTUMUSDT,avoid_low,0.0,1.5,10,trailing,1347.892317070497,4571271.757329211,2.94861559020068,0.6381868404512223
QTUMUSDT,avoid_low,0.0,1.5,10,seasonal,3580.039893144662,7387980.093892019,4.845762776356754,0.7718581494591287
QTUMUSDT,avoid_low,0.0,1.5,10,har,-23.90296012851473,5822229.36695375,-0.0410546521306511,0.5831072810876973
QTUMUSDT,avoid_low,0.0,1.5,10,oracle,3751.746424195761,8394300.628464121,4.469397261606303,0.7912517780938834
QTUMUSDT,avoid_low,0.0,1.5,60,always,-592.8272550987623,9251871.73644906,-0.6407646711780874,1.0
QTUMUSDT,avoid_low,0.0,1.5,60,trailing,-246.0987669361928,4570727.50621788,-0.538423624251079,0.6381871291798721
QTUMUSDT,avoid_low,0.0,1.5,60,seasonal,-396.2629682950338,7387325.08891658,-0.5364092733505917,0.7718354613685073
QTUMUSDT,avoid_low,0.0,1.5,60,har,-1524.4152999163173,5821990.96766109,-2.6183745532822966,0.583200244937814
QTUMUSDT,avoid_low,0.0,1.5,60,oracle,-552.6568150205593,8393592.645869032,-0.6584270149118487,0.7912236133292511
QTUMUSDT,avoid_low,0.0,1.5,300,always,-10382.901555549464,9157308.34029635,-11.338377140649442,1.0
QTUMUSDT,avoid_low,0.0,1.5,300,trailing,-1347.3626550393794,4510424.566527151,-2.987219130186664,0.637188714367821
QTUMUSDT,avoid_low,0.0,1.5,300,seasonal,-9847.781252686178,7319125.161737649,-13.454861113958868,0.7720484160139998
QTUMUSDT,avoid_low,0.0,1.5,300,har,-2387.554450403595,5776941.677925101,-4.132903850365911,0.5912775685621885
QTUMUSDT,avoid_low,0.0,1.5,300,oracle,-10147.095290449615,8312966.82391943,-12.206346428873903,0.7920616266202294
QTUMUSDT,avoid_low,1.0,1.0,10,always,6564.009012564576,9252701.72432294,7.094153911078217,1.0
QTUMUSDT,avoid_low,1.0,1.0,10,trailing,2411.1340762938253,4571271.757329211,5.274536724770314,0.6381868404512223
QTUMUSDT,avoid_low,1.0,1.0,10,seasonal,5657.892833443539,7387980.093892019,7.658240495424693,0.7718581494591287
QTUMUSDT,avoid_low,1.0,1.0,10,har,1344.313925736246,5822229.36695375,2.3089332985855977,0.5831072810876973
QTUMUSDT,avoid_low,1.0,1.0,10,oracle,6421.67121501448,8394300.628464121,7.650037208864454,0.7912517780938834
QTUMUSDT,avoid_low,1.0,1.0,60,always,3448.4950985610394,9251871.73644906,3.7273485806933584,1.0
QTUMUSDT,avoid_low,1.0,1.0,60,trailing,1348.6684763856624,4570727.50621788,2.950664800189848,0.6381871291798721
QTUMUSDT,avoid_low,1.0,1.0,60,seasonal,3006.8548569472127,7387325.08891658,4.070289070476247,0.7718354613685073
QTUMUSDT,avoid_low,1.0,1.0,60,har,344.22356053982634,5821990.96766109,0.5912471566030507,0.583200244937814
QTUMUSDT,avoid_low,1.0,1.0,60,oracle,3551.4523299104294,8393592.645869032,4.231146875656759,0.7912236133292511
QTUMUSDT,avoid_low,1.0,1.0,300,always,-3098.5392556802594,9157308.34029635,-3.383679068712001,1.0
QTUMUSDT,avoid_low,1.0,1.0,300,trailing,602.6906594518921,4510424.566527151,1.33621713557653,0.637188714367821
QTUMUSDT,avoid_low,1.0,1.0,300,seasonal,-3309.625407902198,7319125.161737649,-4.521886611809837,0.7720484160139998
QTUMUSDT,avoid_low,1.0,1.0,300,har,-239.4429075855195,5776941.677925101,-0.4144803962630968,0.5912775685621885
QTUMUSDT,avoid_low,1.0,1.0,300,oracle,-2868.310198801424,8312966.82391943,-3.4504049631814384,0.7920616266202294
QTUMUSDT,avoid_low,1.0,1.5,10,always,3155.5129978148043,9252701.72432294,3.4103693081554582,1.0
QTUMUSDT,avoid_low,1.0,1.5,10,trailing,890.7651413375763,4571271.757329211,1.9486155902006808,0.6381868404512223
QTUMUSDT,avoid_low,1.0,1.5,10,seasonal,2841.24188375546,7387980.093892019,3.8457627763567537,0.7718581494591287
QTUMUSDT,avoid_low,1.0,1.5,10,har,-606.1258968238901,5822229.36695375,-1.0410546521306518,0.5831072810876973
QTUMUSDT,avoid_low,1.0,1.5,10,oracle,2912.316361349351,8394300.628464121,3.469397261606306,0.7912517780938834
QTUMUSDT,avoid_low,1.0,1.5,60,always,-1518.014428743668,9251871.73644906,-1.6407646711780874,1.0
QTUMUSDT,avoid_low,1.0,1.5,60,trailing,-703.1715175579809,4570727.50621788,-1.5384236242510794,0.6381871291798721
QTUMUSDT,avoid_low,1.0,1.5,60,seasonal,-1134.995477186691,7387325.08891658,-1.5364092733505903,0.7718354613685073
QTUMUSDT,avoid_low,1.0,1.5,60,har,-2106.614396682426,5821990.96766109,-3.618374553282296,0.583200244937814
QTUMUSDT,avoid_low,1.0,1.5,60,oracle,-1392.0160796074622,8393592.645869032,-1.6584270149118483,0.7912236133292511
QTUMUSDT,avoid_low,1.0,1.5,300,always,-11298.6323895791,9157308.34029635,-12.338377140649444,1.0
QTUMUSDT,avoid_low,1.0,1.5,300,trailing,-1798.4051116920946,4510424.566527151,-3.987219130186664,0.637188714367821
QTUMUSDT,avoid_low,1.0,1.5,300,seasonal,-10579.693768859945,7319125.161737649,-14.454861113958865,0.7720484160139998
QTUMUSDT,avoid_low,1.0,1.5,300,har,-2965.248618196105,5776941.677925101,-5.13290385036591,0.5912775685621885
QTUMUSDT,avoid_low,1.0,1.5,300,oracle,-10978.39197284156,8312966.82391943,-13.206346428873903,0.7920616266202294
ETHBTC,avoid_high,-0.5,1.0,10,always,21770.167941472453,217555333.18299907,1.0006726851030692,1.0
ETHBTC,avoid_high,-0.5,1.0,10,trailing,16747.128191319436,173476600.4702316,0.9653825441543181,0.7627130896520905
ETHBTC,avoid_high,-0.5,1.0,10,seasonal,17201.347797169976,168410906.13532233,1.0213915590091456,0.7498061327760472
ETHBTC,avoid_high,-0.5,1.0,10,har,16793.327847156615,175543518.92677003,0.9566475566757974,0.76269337434118
ETHBTC,avoid_high,-0.5,1.0,10,oracle,16907.115372819764,186858210.57820743,0.9048098727105961,0.7937121301736262
ETHBTC,avoid_high,-0.5,1.0,60,always,17086.448586408253,217555333.18299907,0.7853840370824555,1.0
ETHBTC,avoid_high,-0.5,1.0,60,trailing,12833.719666777713,173476600.4702316,0.7397954324669838,0.7627130896520905
ETHBTC,avoid_high,-0.5,1.0,60,seasonal,13550.759128007547,168410906.13532233,0.8046247977027792,0.7498061327760472
ETHBTC,avoid_high,-0.5,1.0,60,har,12592.822900042318,175543518.92677003,0.717361881374587,0.76269337434118
ETHBTC,avoid_high,-0.5,1.0,60,oracle,12224.075187794733,186858210.57820743,0.6541898881493613,0.7937121301736262
ETHBTC,avoid_high,-0.5,1.0,300,always,14766.730835206723,216844422.08111578,0.6809827383838759,1.0
ETHBTC,avoid_high,-0.5,1.0,300,trailing,10160.950096076103,172970690.61028552,0.5874376786162808,0.763187052352499
ETHBTC,avoid_high,-0.5,1.0,300,seasonal,11708.444832020192,167973845.30670723,0.6970397570313092,0.7504649598353844
ETHBTC,avoid_high,-0.5,1.0,300,har,10425.002188204095,175030790.3871105,0.5956096161793831,0.7631804571775289
ETHBTC,avoid_high,-0.5,1.0,300,oracle,9707.54519423766,186260366.2536535,0.5211814724458187,0.7938546159629615
ETHBTC,avoid_high,-0.5,1.5,10,always,3600.7688217013697,217555333.18299907,0.16551048273647895,1.0
ETHBTC,avoid_high,-0.5,1.5,10,trailing,2325.8873357258262,173476600.4702316,0.1340749893311949,0.7627130896520905
ETHBTC,avoid_high,-0.5,1.5,10,seasonal,3542.8360057468317,168410906.13532233,0.21036856145765734,0.7498061327760472
ETHBTC,avoid_high,-0.5,1.5,10,har,2299.7439429075393,175543518.92677003,0.1310070549438458,0.76269337434118
ETHBTC,avoid_high,-0.5,1.5,10,oracle,1146.5327518349645,186858210.57820743,0.06135843580472992,0.7937121301736262
ETHBTC,avoid_high,-0.5,1.5,60,always,-3421.368984555167,217555333.18299907,-0.15726431223256865,1.0
ETHBTC,avoid_high,-0.5,1.5,60,trailing,-3541.478088078821,173476600.4702316,-0.20414730738780734,0.7627130896520905
ETHBTC,avoid_high,-0.5,1.5,60,seasonal,-1931.185962138589,168410906.13532233,-0.11467107484041641,0.7498061327760472
ETHBTC,avoid_high,-0.5,1.5,60,har,-3998.4367984712703,175543518.92677003,-0.22777467507298083,0.76269337434118
ETHBTC,avoid_high,-0.5,1.5,60,oracle,-5875.104520276205,186858210.57820743,-0.31441511197696315,0.7937121301736262
ETHBTC,avoid_high,-0.5,1.5,300,always,-6800.498802917769,216844422.08111578,-0.3136118853162791,1.0
ETHBTC,avoid_high,-0.5,1.5,300,trailing,-7476.946232745361,172970690.61028552,-0.4322666577999286,0.763187052352499
ETHBTC,avoid_high,-0.5,1.5,300,seasonal,-4628.839699958882,167973845.30670723,-0.2755690739535658,0.7504649598353844
ETHBTC,avoid_high,-0.5,1.5,300,har,-7181.5684805447145,175030790.3871105,-0.4103031509291279,0.7631804571775289
ETHBTC,avoid_high,-0.5,1.5,300,oracle,-9566.60893329789,186260366.2536535,-0.5136148460198918,0.7938546159629615
ETHBTC,avoid_high,0.0,1.0,10,always,10892.401282322498,217555333.18299907,0.5006726851030692,1.0
ETHBTC,avoid_high,0.0,1.0,10,trailing,8073.298167807858,173476600.4702316,0.46538254415431823,0.7627130896520905
ETHBTC,avoid_high,0.0,1.0,10,seasonal,8780.80249040386,168410906.13532233,0.5213915590091456,0.7498061327760472
ETHBTC,avoid_high,0.0,1.0,10,har,8016.15190081811,175543518.92677003,0.45664755667579726,0.76269337434118
ETHBTC,avoid_high,0.0,1.0,10,oracle,7564.204843909392,186858210.57820743,0.40480987271059615,0.7937121301736262
ETHBTC,avoid_high,0.0,1.0,60,always,6208.681927258294,217555333.18299907,0.28538403708245536,1.0
ETHBTC,avoid_high,0.0,1.0,60,trailing,4159.889643266134,173476600.4702316,0.23979543246698373,0.7627130896520905
ETHBTC,avoid_high,0.0,1.0,60,seasonal,5130.21382124143,168410906.13532233,0.3046247977027792,0.7498061327760472
ETHBTC,avoid_high,0.0,1.0,60,har,3815.646953703815,175543518.92677003,0.217361881374587,0.76269337434118
ETHBTC,avoid_high,0.0,1.0,60,oracle,2881.1646588843637,186858210.57820743,0.15418988814936146,0.7937121301736262
ETHBTC,avoid_high,0.0,1.0,300,always,3924.5097311509353,216844422.08111578,0.18098273838387596,1.0
ETHBTC,avoid_high,0.0,1.0,300,trailing,1512.415565561826,172970690.61028552,0.08743767861628066,0.763187052352499
ETHBTC,avoid_high,0.0,1.0,300,seasonal,3309.752566684831,167973845.30670723,0.1970397570313092,0.7504649598353844
ETHBTC,avoid_high,0.0,1.0,300,har,1673.4626688485678,175030790.3871105,0.09560961617938302,0.7631804571775289
ETHBTC,avoid_high,0.0,1.0,300,oracle,394.52688155498595,186260366.2536535,0.02118147244581869,0.7938546159629615
ETHBTC,avoid_high,0.0,1.5,10,always,-7276.997837448585,217555333.18299907,-0.3344895172635211,1.0
ETHBTC,avoid_high,0.0,1.5,10,trailing,-6347.942687785752,173476600.4702316,-0.365925010668805,0.7627130896520905
ETHBTC,avoid_high,0.0,1.5,10,seasonal,-4877.709301019285,168410906.13532233,-0.28963143854234263,0.7498061327760472
ETHBTC,avoid_high,0.0,1.5,10,har,-6477.432003430962,175543518.92677003,-0.3689929450561542,0.76269337434118
ETHBTC,avoid_high,0.0,1.5,10,oracle,-8196.377777075408,186858210.57820743,-0.4386415641952702,0.7937121301736262
ETHBTC,avoid_high,0.0,1.5,60,always,-14299.135643705122,217555333.18299907,-0.6572643122325686,1.0
ETHBTC,avoid_high,0.0,1.5,60,trailing,-12215.308111590399,173476600.4702316,-0.7041473073878072,0.7627130896520905
ETHBTC,avoid_high,0.0,1.5,60,seasonal,-10351.731268904707,168410906.13532233,-0.6146710748404165,0.7498061327760472
ETHBTC,avoid_high,0.0,1.5,60,har,-12775.612744809772,175543518.92677003,-0.7277746750729809,0.76269337434118
ETHBTC,avoid_high,0.0,1.5,60,oracle,-15218.015049186579,186858210.57820743,-0.8144151119769633,0.7937121301736262
ETHBTC,avoid_high,0.0,1.5,300,always,-17642.719906973558,216844422.08111578,-0.813611885316279,1.0
ETHBTC,avoid_high,0.0,1.5,300,trailing,-16125.48076325964,172970690.61028552,-0.9322666577999288,0.763187052352499
ETHBTC,avoid_high,0.0,1.5,300,seasonal,-13027.531965294245,167973845.30670723,-0.7755690739535658,0.7504649598353844
ETHBTC,avoid_high,0.0,1.5,300,har,-15933.10799990024,175030790.3871105,-0.9103031509291278,0.7631804571775289
ETHBTC,avoid_high,0.0,1.5,300,oracle,-18879.627245980566,186260366.2536535,-1.013614846019892,0.7938546159629615
ETHBTC,avoid_high,1.0,1.0,10,always,-10863.13203597741,217555333.18299907,-0.49932731489693094,1.0
ETHBTC,avoid_high,1.0,1.0,10,trailing,-9274.361879215301,173476600.4702316,-0.5346174558456818,0.7627130896520905
ETHBTC,avoid_high,1.0,1.0,10,seasonal,-8060.288123128374,168410906.13532233,-0.4786084409908544,0.7498061327760472
ETHBTC,avoid_high,1.0,1.0,10,har,-9538.199991858895,175543518.92677003,-0.5433524433242028,0.76269337434118
ETHBTC,avoid_high,1.0,1.0,10,oracle,-11121.616213911348,186858210.57820743,-0.5951901272894037,0.7937121301736262
ETHBTC,avoid_high,1.0,1.0,60,always,-15546.851391041615,217555333.18299907,-0.7146159629175447,1.0
ETHBTC,avoid_high,1.0,1.0,60,trailing,-13187.770403757024,173476600.4702316,-0.7602045675330161,0.7627130896520905
ETHBTC,avoid_high,1.0,1.0,60,seasonal,-11710.876792290801,168410906.13532233,-0.6953752022972207,0.7498061327760472
ETHBTC,avoid_high,1.0,1.0,60,har,-13738.704938973191,175543518.92677003,-0.7826381186254132,0.76269337434118
ETHBTC,avoid_high,1.0,1.0,60,oracle,-15804.656398936379,186858210.57820743,-0.8458101118506385,0.7937121301736262
ETHBTC,avoid_high,1.0,1.0,300,always,-17759.93247696064,216844422.08111578,-0.8190172616161239,1.0
ETHBTC,avoid_high,1.0,1.0,300,trailing,-15784.653495466728,172970690.61028552,-0.9125623213837194,0.763187052352499
ETHBTC,avoid_high,1.0,1.0,300,seasonal,-13487.631963985894,167973845.30670723,-0.8029602429686908,0.7504649598353844
ETHBTC,avoid_high,1.0,1.0,300,har,-15829.616369862484,175030790.3871105,-0.9043903838206171,0.7631804571775289
ETHBTC,avoid_high,1.0,1.0,300,oracle,-18231.50974381037,186260366.2536535,-0.9788185275541816,0.7938546159629615
ETHBTC,avoid_high,1.0,1.5,10,always,-29032.531155748497,217555333.18299907,-1.3344895172635214,1.0
ETHBTC,avoid_high,1.0,1.5,10,trailing,-23695.60273480891,173476600.4702316,-1.3659250106688048,0.7627130896520905
ETHBTC,avoid_high,1.0,1.5,10,seasonal,-21718.79991455152,168410906.13532233,-1.2896314385423429,0.7498061327760472
ETHBTC,avoid_high,1.0,1.5,10,har,-24031.78389610797,175543518.92677003,-1.3689929450561544,0.76269337434118
ETHBTC,avoid_high,1.0,1.5,10,oracle,-26882.19883489615,186858210.57820743,-1.43864156419527,0.7937121301736262
ETHBTC,avoid_high,1.0,1.5,60,always,-36054.66896200503,217555333.18299907,-1.6572643122325688,1.0
ETHBTC,avoid_high,1.0,1.5,60,trailing,-29562.968158613556,173476600.4702316,-1.704147307387807,0.7627130896520905
ETHBTC,avoid_high,1.0,1.5,60,seasonal,-27192.821882436936,168410906.13532233,-1.6146710748404163,0.7498061327760472
ETHBTC,avoid_high,1.0,1.5,60,har,-30329.964637486777,175543518.92677003,-1.727774675072981,0.76269337434118
ETHBTC,avoid_high,1.0,1.5,60,oracle,-33903.836107007315,186858210.57820743,-1.8144151119769627,0.7937121301736262
ETHBTC,avoid_high,1.0,1.5,300,always,-39327.16211508513,216844422.08111578,-1.8136118853162786,1.0
ETHBTC,avoid_high,1.0,1.5,300,trailing,-33422.54982428819,172970690.61028552,-1.9322666577999286,0.763187052352499
ETHBTC,avoid_high,1.0,1.5,300,seasonal,-29824.916495964968,167973845.30670723,-1.775569073953566,0.7504649598353844
ETHBTC,avoid_high,1.0,1.5,300,har,-33436.187038611286,175030790.3871105,-1.9103031509291277,0.7631804571775289
ETHBTC,avoid_high,1.0,1.5,300,oracle,-37505.66387134591,186260366.2536535,-2.013614846019892,0.7938546159629615
ETHBTC,avoid_low,-0.5,1.0,10,always,21770.167941472453,217555333.18299907,1.0006726851030692,1.0
ETHBTC,avoid_low,-0.5,1.0,10,trailing,16086.62743353325,156817264.33225757,1.0258199249956055,0.7726890369727797
ETHBTC,avoid_low,-0.5,1.0,10,seasonal,14745.229984083568,157065140.8497622,0.9387971070033834,0.7496746973699775
ETHBTC,avoid_low,-0.5,1.0,10,har,16635.323600007374,158140273.34130794,1.0519346684132769,0.7836178909874743
ETHBTC,avoid_low,-0.5,1.0,10,oracle,18489.274402652794,165077232.8819505,1.120037819865492,0.7974580392466123
ETHBTC,avoid_low,-0.5,1.0,60,always,17086.448586408253,217555333.18299907,0.7853840370824555,1.0
ETHBTC,avoid_low,-0.5,1.0,60,trailing,12988.711198442215,156817264.33225757,0.8282704875479974,0.7726890369727797
ETHBTC,avoid_low,-0.5,1.0,60,seasonal,11492.62532565001,157065140.8497622,0.7317107579359745,0.7496746973699775
ETHBTC,avoid_low,-0.5,1.0,60,har,13486.090518064859,158140273.34130794,0.852792918155539,0.7836178909874743
ETHBTC,avoid_low,-0.5,1.0,60,oracle,15638.239739809096,165077232.8819505,0.9473286816597092,0.7974580392466123
ETHBTC,avoid_low,-0.5,1.0,300,always,14766.730835206723,216844422.08111578,0.6809827383838759,1.0
ETHBTC,avoid_low,-0.5,1.0,300,trailing,11581.556277755111,156261816.10785365,0.7411635526980815,0.7723741310856977
ETHBTC,avoid_low,-0.5,1.0,300,seasonal,9550.945153078477,156433789.21113354,0.6105423387902392,0.7490469972168362
ETHBTC,avoid_low,-0.5,1.0,300,har,12253.67659081513,157532564.2322005,0.7778503860797571,0.7831704325115745
ETHBTC,avoid_low,-0.5,1.0,300,oracle,15632.224220981107,164526604.14039108,0.9501335241589305,0.7975215332462771
ETHBTC,avoid_low,-0.5,1.5,10,always,3600.7688217013697,217555333.18299907,0.16551048273647895,1.0
ETHBTC,avoid_low,-0.5,1.5,10,trailing,3069.381086516042,156817264.33225757,0.19572979413878638,0.7726890369727797
ETHBTC,avoid_low,-0.5,1.5,10,seasonal,1134.3333050698677,157065140.8497622,0.07222056396045852,0.7496746973699775
ETHBTC,avoid_low,-0.5,1.5,10,har,3135.2916430374135,158140273.34130794,0.19826016338486002,0.7836178909874743
ETHBTC,avoid_low,-0.5,1.5,10,oracle,4148.7942535591865,165077232.8819505,0.25132443651548597,0.7974580392466123
ETHBTC,avoid_low,-0.5,1.5,60,always,-3421.368984555167,217555333.18299907,-0.15726431223256865,1.0
ETHBTC,avoid_low,-0.5,1.5,60,trailing,-1575.7765422492967,156817264.33225757,-0.10048488914527995,0.7726890369727797
ETHBTC,avoid_low,-0.5,1.5,60,seasonal,-3740.9351075794552,157065140.8497622,-0.23817729938928836,0.7496746973699775
ETHBTC,avoid_low,-0.5,1.5,60,har,-1586.5676544471457,158140273.34130794,-0.10032660377555559,0.7836178909874743
ETHBTC,avoid_low,-0.5,1.5,60,oracle,-123.46544331133464,165077232.8819505,-0.007479253265629116,0.7974580392466123
ETHBTC,avoid_low,-0.5,1.5,300,always,-6800.498802917769,216844422.08111578,-0.3136118853162791,1.0
ETHBTC,avoid_low,-0.5,1.5,300,trailing,-3607.8745459979973,156261816.10785365,-0.2308865105924407,0.7723741310856977
ETHBTC,avoid_low,-0.5,1.5,300,seasonal,-6566.510374284551,156433789.21113354,-0.4197629174232907,0.7490469972168362
ETHBTC,avoid_low,-0.5,1.5,300,har,-3348.2044865600933,157532564.2322005,-0.21254046760928064,0.7831704325115745
ETHBTC,avoid_low,-0.5,1.5,300,oracle,-49.0237848040872,164526604.14039108,-0.0029796873922137875,0.7975215332462771
ETHBTC,avoid_low,0.0,1.0,10,always,10892.401282322498,217555333.18299907,0.5006726851030692,1.0
ETHBTC,avoid_low,0.0,1.0,10,trailing,8245.764216920368,156817264.33225757,0.5258199249956053,0.7726890369727797
ETHBTC,avoid_low,0.0,1.0,10,seasonal,6891.972941595459,157065140.8497622,0.4387971070033834,0.7496746973699775
ETHBTC,avoid_low,0.0,1.0,10,har,8728.309932941978,158140273.34130794,0.551934668413277,0.7836178909874743
ETHBTC,avoid_low,0.0,1.0,10,oracle,10235.412758555269,165077232.8819505,0.620037819865492,0.7974580392466123
ETHBTC,avoid_low,0.0,1.0,60,always,6208.681927258294,217555333.18299907,0.28538403708245536,1.0
ETHBTC,avoid_low,0.0,1.0,60,trailing,5147.8479818293345,156817264.33225757,0.3282704875479972,0.7726890369727797
ETHBTC,avoid_low,0.0,1.0,60,seasonal,3639.368283161901,157065140.8497622,0.23171075793597462,0.7496746973699775
ETHBTC,avoid_low,0.0,1.0,60,har,5579.0768509994605,158140273.34130794,0.3527929181555389,0.7836178909874743
ETHBTC,avoid_low,0.0,1.0,60,oracle,7384.378095711571,165077232.8819505,0.4473286816597092,0.7974580392466123
ETHBTC,avoid_low,0.0,1.0,300,always,3924.5097311509353,216844422.08111578,0.18098273838387596,1.0
ETHBTC,avoid_low,0.0,1.0,300,trailing,3768.465472362428,156261816.10785365,0.24116355269808148,0.7723741310856977
ETHBTC,avoid_low,0.0,1.0,300,seasonal,1729.2556925218016,156433789.21113354,0.11054233879023936,0.7490469972168362
ETHBTC,avoid_low,0.0,1.0,300,har,4377.048379205105,157532564.2322005,0.27785038607975715,0.7831704325115745
ETHBTC,avoid_low,0.0,1.0,300,oracle,7405.894013961552,164526604.14039108,0.4501335241589305,0.7975215332462771
ETHBTC,avoid_low,0.0,1.5,10,always,-7276.997837448585,217555333.18299907,-0.3344895172635211,1.0
ETHBTC,avoid_low,0.0,1.5,10,trailing,-4771.482130096836,156817264.33225757,-0.3042702058612136,0.7726890369727797
ETHBTC,avoid_low,0.0,1.5,10,seasonal,-6718.923737418241,157065140.8497622,-0.42777943603954144,0.7496746973699775
ETHBTC,avoid_low,0.0,1.5,10,har,-4771.722024027982,158140273.34130794,-0.3017398366151399,0.7836178909874743
ETHBTC,avoid_low,0.0,1.5,10,oracle,-4105.067390538339,165077232.8819505,-0.24867556348451406,0.7974580392466123
ETHBTC,avoid_low,0.0,1.5,60,always,-14299.135643705122,217555333.18299907,-0.6572643122325686,1.0
ETHBTC,avoid_low,0.0,1.5,60,trailing,-9416.639758862175,156817264.33225757,-0.60048488914528,0.7726890369727797
ETHBTC,avoid_low,0.0,1.5,60,seasonal,-11594.192150067563,157065140.8497622,-0.7381772993892882,0.7496746973699775
ETHBTC,avoid_low,0.0,1.5,60,har,-9493.581321512542,158140273.34130794,-0.6003266037755555,0.7836178909874743
ETHBTC,avoid_low,0.0,1.5,60,oracle,-8377.32708740886,165077232.8819505,-0.5074792532656291,0.7974580392466123
ETHBTC,avoid_low,0.0,1.5,300,always,-17642.719906973558,216844422.08111578,-0.813611885316279,1.0
ETHBTC,avoid_low,0.0,1.5,300,trailing,-11420.965351390678,156261816.10785365,-0.7308865105924406,0.7723741310856977
ETHBTC,avoid_low,0.0,1.5,300,seasonal,-14388.199834841227,156433789.21113354,-0.9197629174232906,0.7490469972168362
ETHBTC,avoid_low,0.0,1.5,300,har,-11224.832698170118,157532564.2322005,-0.7125404676092806,0.7831704325115745
ETHBTC,avoid_low,0.0,1.5,300,oracle,-8275.35399182364,164526604.14039108,-0.5029796873922138,0.7975215332462771
ETHBTC,avoid_low,1.0,1.0,10,always,-10863.13203597741,217555333.18299907,-0.49932731489693094,1.0
ETHBTC,avoid_low,1.0,1.0,10,trailing,-7435.962216305389,156817264.33225757,-0.4741800750043947,0.7726890369727797
ETHBTC,avoid_low,1.0,1.0,10,seasonal,-8814.54114338076,157065140.8497622,-0.5612028929966165,0.7496746973699775
ETHBTC,avoid_low,1.0,1.0,10,har,-7085.717401188813,158140273.34130794,-0.44806533158672285,0.7836178909874743
ETHBTC,avoid_low,1.0,1.0,10,oracle,-6272.310529639782,165077232.8819505,-0.37996218013450805,0.7974580392466123
ETHBTC,avoid_low,1.0,1.0,60,always,-15546.851391041615,217555333.18299907,-0.7146159629175447,1.0
ETHBTC,avoid_low,1.0,1.0,60,trailing,-10533.878451396424,156817264.33225757,-0.6717295124520029,0.7726890369727797
ETHBTC,avoid_low,1.0,1.0,60,seasonal,-12067.145801814317,157065140.8497622,-0.7682892420640252,0.7496746973699775
ETHBTC,avoid_low,1.0,1.0,60,har,-10234.95048313133,158140273.34130794,-0.6472070818444609,0.7836178909874743
ETHBTC,avoid_low,1.0,1.0,60,oracle,-9123.345192483479,165077232.8819505,-0.5526713183402908,0.7974580392466123
ETHBTC,avoid_low,1.0,1.0,300,always,-17759.93247696064,216844422.08111578,-0.8190172616161239,1.0
ETHBTC,avoid_low,1.0,1.0,300,trailing,-11857.716138422937,156261816.10785365,-0.7588364473019185,0.7723741310856977
ETHBTC,avoid_low,1.0,1.0,300,seasonal,-13914.12322859155,156433789.21113354,-0.8894576612097604,0.7490469972168362
ETHBTC,avoid_low,1.0,1.0,300,har,-11376.208044014944,157532564.2322005,-0.7221496139202428,0.7831704325115745
ETHBTC,avoid_low,1.0,1.0,300,oracle,-9046.766400077555,164526604.14039108,-0.5498664758410694,0.7975215332462771
ETHBTC,avoid_low,1.0,1.5,10,always,-29032.531155748497,217555333.18299907,-1.3344895172635214,1.0
ETHBTC,avoid_low,1.0,1.5,10,trailing,-20453.208563322594,156817264.33225757,-1.3042702058612137,0.7726890369727797
ETHBTC,avoid_low,1.0,1.5,10,seasonal,-22425.437822394462,157065140.8497622,-1.4277794360395415,0.7496746973699775
ETHBTC,avoid_low,1.0,1.5,10,har,-20585.749358158777,158140273.34130794,-1.3017398366151398,0.7836178909874743
ETHBTC,avoid_low,1.0,1.5,10,oracle,-20612.790678733385,165077232.8819505,-1.2486755634845137,0.7974580392466123
ETHBTC,avoid_low,1.0,1.5,60,always,-36054.66896200503,217555333.18299907,-1.6572643122325688,1.0
ETHBTC,avoid_low,1.0,1.5,60,trailing,-25098.36619208793,156817264.33225757,-1.6004848891452799,0.7726890369727797
ETHBTC,avoid_low,1.0,1.5,60,seasonal,-27300.70623504378,157065140.8497622,-1.738177299389288,0.7496746973699775
ETHBTC,avoid_low,1.0,1.5,60,har,-25307.608655643337,158140273.34130794,-1.6003266037755557,0.7836178909874743
ETHBTC,avoid_low,1.0,1.5,60,oracle,-24885.05037560391,165077232.8819505,-1.5074792532656291,0.7974580392466123
ETHBTC,avoid_low,1.0,1.5,300,always,-39327.16211508513,216844422.08111578,-1.8136118853162786,1.0
ETHBTC,avoid_low,1.0,1.5,300,trailing,-27047.146962176044,156261816.10785365,-1.7308865105924405,0.7723741310856977
ETHBTC,avoid_low,1.0,1.5,300,seasonal,-30031.57875595458,156433789.21113354,-1.9197629174232906,0.7490469972168362
ETHBTC,avoid_low,1.0,1.5,300,har,-26978.089121390167,157532564.2322005,-1.7125404676092804,0.7831704325115745
ETHBTC,avoid_low,1.0,1.5,300,oracle,-24728.01440586275,164526604.14039108,-1.5029796873922137,0.7975215332462771
LTCBTC,avoid_high,-0.5,1.0,10,always,4619.440057670443,71927222.04164135,0.6422380743407657,1.0
LTCBTC,avoid_high,-0.5,1.0,10,trailing,3381.3858682728537,56075156.3100982,0.6030096197277871,0.7386815454479736
LTCBTC,avoid_high,-0.5,1.0,10,seasonal,3364.8016202773774,54048563.84217861,0.6225515316378382,0.742098933380651
LTCBTC,avoid_high,-0.5,1.0,10,har,3393.1155897104036,59382165.56962864,0.571403140515615,0.7633721732615681
LTCBTC,avoid_high,-0.5,1.0,10,oracle,2905.2589658437805,61797411.89149447,0.47012631709316743,0.7939380795594199
LTCBTC,avoid_high,-0.5,1.0,60,always,4662.507560676136,71927222.04164135,0.6482257243268531,1.0
LTCBTC,avoid_high,-0.5,1.0,60,trailing,3448.719116076303,56075156.3100982,0.6150172987489732,0.7386815454479736
LTCBTC,avoid_high,-0.5,1.0,60,seasonal,3623.4675177740833,54048563.84217861,0.6704095835653618,0.742098933380651
LTCBTC,avoid_high,-0.5,1.0,60,har,3394.160595358892,59382165.56962864,0.5715791202291307,0.7633721732615681
LTCBTC,avoid_high,-0.5,1.0,60,oracle,2608.6444678425178,61797411.89149447,0.42212843353745055,0.7939380795594199
LTCBTC,avoid_high,-0.5,1.0,300,always,5577.57189776657,71710640.08469586,0.7777886086610052,1.0
LTCBTC,avoid_high,-0.5,1.0,300,trailing,4064.185701935662,55912178.63102059,0.7268873797167358,0.738792927194423
LTCBTC,avoid_high,-0.5,1.0,300,seasonal,3672.5814326491804,53902059.084060945,0.6813434393891601,0.7424269405037495
LTCBTC,avoid_high,-0.5,1.0,300,har,3916.474262925116,59213331.995346636,0.6614176454776938,0.7635187273698582
LTCBTC,avoid_high,-0.5,1.0,300,oracle,3220.7003753266745,61610866.50470372,0.5227487548938771,0.7939824432968613
LTCBTC,avoid_high,-0.5,1.5,10,always,-6361.728036589087,71927222.04164135,-0.8844673624272665,1.0
LTCBTC,avoid_high,-0.5,1.5,10,trailing,-5272.9434898013915,56075156.3100982,-0.9403350497396334,0.7386815454479736
LTCBTC,avoid_high,-0.5,1.5,10,seasonal,-4940.578538506194,54048563.84217861,-0.9140998737603175,0.742098933380651
LTCBTC,avoid_high,-0.5,1.5,10,har,-5907.988237126262,59382165.56962864,-0.9949095288885754,0.7633721732615681
LTCBTC,avoid_high,-0.5,1.5,10,oracle,-6640.985884435771,61797411.89149447,-1.0746381897183963,0.7939380795594199
LTCBTC,avoid_high,-0.5,1.5,60,always,-6295.944306107384,71927222.04164135,-0.8753214884988089,1.0
LTCBTC,avoid_high,-0.5,1.5,60,trailing,-5171.099674379066,56075156.3100982,-0.9221730289582513,0.7386815454479736
LTCBTC,avoid_high,-0.5,1.5,60,seasonal,-4551.524232472596,54048563.84217861,-0.8421175159737845,0.742098933380651
LTCBTC,avoid_high,-0.5,1.5,60,har,-5905.761346269045,59382165.56962864,-0.9945345188437489,0.7633721732615681
LTCBTC,avoid_high,-0.5,1.5,60,oracle,-7084.900459005592,61797411.89149447,-1.1464720353411315,0.7939380795594199
LTCBTC,avoid_high,-0.5,1.5,300,always,-4888.054453721797,71710640.08469586,-0.6816358699278967,1.0
LTCBTC,avoid_high,-0.5,1.5,300,trailing,-4220.710993513686,55912178.63102059,-0.7548822272455677,0.738792927194423
LTCBTC,avoid_high,-0.5,1.5,300,seasonal,-4452.810807523296,53902059.084060945,-0.8260928957424578,0.7424269405037495
LTCBTC,avoid_high,-0.5,1.5,300,har,-5095.58710656378,59213331.995346636,-0.8605472677950676,0.7635187273698582
LTCBTC,avoid_high,-0.5,1.5,300,oracle,-6138.1434780219315,61610866.50470372,-0.9962761159272627,0.7939824432968613
LTCBTC,avoid_high,0.0,1.0,10,always,1023.0789555883757,71927222.04164135,0.14223807434076588,1.0
LTCBTC,avoid_high,0.0,1.0,10,trailing,577.6280527679437,56075156.3100982,0.1030096197277871,0.7386815454479736
LTCBTC,avoid_high,0.0,1.0,10,seasonal,662.3734281684475,54048563.84217861,0.12255153163783829,0.742098933380651
LTCBTC,avoid_high,0.0,1.0,10,har,424.0073112289713,59382165.56962864,0.07140314051561507,0.7633721732615681
LTCBTC,avoid_high,0.0,1.0,10,oracle,-184.61162873094304,61797411.89149447,-0.029873682906832573,0.7939380795594199
LTCBTC,avoid_high,0.0,1.0,60,always,1066.146458594068,71927222.04164135,0.14822572432685305,1.0
LTCBTC,avoid_high,0.0,1.0,60,trailing,644.9613005713934,56075156.3100982,0.11501729874897319,0.7386815454479736
LTCBTC,avoid_high,0.0,1.0,60,seasonal,921.0393256651529,54048563.84217861,0.1704095835653618,0.742098933380651
LTCBTC,avoid_high,0.0,1.0,60,har,425.0523168774596,59382165.56962864,0.07157912022913072,0.7633721732615681
LTCBTC,avoid_high,0.0,1.0,60,oracle,-481.22612673220556,61797411.89149447,-0.07787156646254946,0.7939380795594199
LTCBTC,avoid_high,0.0,1.0,300,always,1992.0398935317771,71710640.08469586,0.2777886086610052,1.0
LTCBTC,avoid_high,0.0,1.0,300,trailing,1268.576770384633,55912178.63102059,0.2268873797167358,0.738792927194423
LTCBTC,avoid_high,0.0,1.0,300,seasonal,977.4784784461327,53902059.084060945,0.18134343938916,0.7424269405037495
LTCBTC,avoid_high,0.0,1.0,300,har,955.8076631577846,59213331.995346636,0.1614176454776938,0.7635187273698582
LTCBTC,avoid_high,0.0,1.0,300,oracle,140.15705009148826,61610866.50470372,0.02274875489387702,0.7939824432968613
LTCBTC,avoid_high,0.0,1.5,10,always,-9958.089138671156,71927222.04164135,-1.3844673624272665,1.0
LTCBTC,avoid_high,0.0,1.5,10,trailing,-8076.7013053063,56075156.3100982,-1.4403350497396332,0.7386815454479736
LTCBTC,avoid_high,0.0,1.5,10,seasonal,-7643.006730615124,54048563.84217861,-1.4140998737603176,0.742098933380651
LTCBTC,avoid_high,0.0,1.5,10,har,-8877.096515607696,59382165.56962864,-1.4949095288885759,0.7633721732615681
LTCBTC,avoid_high,0.0,1.5,10,oracle,-9730.856479010494,61797411.89149447,-1.5746381897183963,0.7939380795594199
LTCBTC,avoid_high,0.0,1.5,60,always,-9892.305408189452,71927222.04164135,-1.3753214884988088,1.0
LTCBTC,avoid_high,0.0,1.5,60,trailing,-7974.857489883975,56075156.3100982,-1.4221730289582513,0.7386815454479736
LTCBTC,avoid_high,0.0,1.5,60,seasonal,-7253.952424581526,54048563.84217861,-1.3421175159737844,0.742098933380651
LTCBTC,avoid_high,0.0,1.5,60,har,-8874.869624750478,59382165.56962864,-1.4945345188437489,0.7633721732615681
LTCBTC,avoid_high,0.0,1.5,60,oracle,-10174.771053580316,61797411.89149447,-1.646472035341132,0.7939380795594199
LTCBTC,avoid_high,0.0,1.5,300,always,-8473.58645795659,71710640.08469586,-1.1816358699278968,1.0
LTCBTC,avoid_high,0.0,1.5,300,trailing,-7016.319925064715,55912178.63102059,-1.2548822272455675,0.738792927194423
LTCBTC,avoid_high,0.0,1.5,300,seasonal,-7147.913761726344,53902059.084060945,-1.3260928957424578,0.7424269405037495
LTCBTC,avoid_high,0.0,1.5,300,har,-8056.25370633111,59213331.995346636,-1.3605472677950672,0.7635187273698582
LTCBTC,avoid_high,0.0,1.5,300,oracle,-9218.686803257116,61610866.50470372,-1.4962761159272626,0.7939824432968613
LTCBTC,avoid_high,1.0,1.0,10,always,-6169.64324857576,71927222.04164135,-0.8577619256592341,1.0
LTCBTC,avoid_high,1.0,1.0,10,trailing,-5029.887578241877,56075156.3100982,-0.896990380272213,0.7386815454479736
LTCBTC,avoid_high,1.0,1.0,10,seasonal,-4742.482956049412,54048563.84217861,-0.8774484683621613,0.742098933380651
LTCBTC,avoid_high,1.0,1.0,10,har,-5514.209245733894,59382165.56962864,-0.9285968594843851,0.7633721732615681
LTCBTC,avoid_high,1.0,1.0,10,oracle,-6364.35281788039,61797411.89149447,-1.0298736829068327,0.7939380795594199
LTCBTC,avoid_high,1.0,1.0,60,always,-6126.575745570067,71927222.04164135,-0.8517742756731468,1.0
LTCBTC,avoid_high,1.0,1.0,60,trailing,-4962.554330438428,56075156.3100982,-0.8849827012510271,0.7386815454479736
LTCBTC,avoid_high,1.0,1.0,60,seasonal,-4483.817058552707,54048563.84217861,-0.8295904164346379,0.742098933380651
LTCBTC,avoid_high,1.0,1.0,60,har,-5513.164240085405,59382165.56962864,-0.9284208797708694,0.7633721732615681
LTCBTC,avoid_high,1.0,1.0,60,oracle,-6660.967315881652,61797411.89149447,-1.0778715664625496,0.7939380795594199
LTCBTC,avoid_high,1.0,1.0,300,always,-5179.024114937809,71710640.08469586,-0.7222113913389948,1.0
LTCBTC,avoid_high,1.0,1.0,300,trailing,-4322.641092717426,55912178.63102059,-0.7731126202832641,0.738792927194423
LTCBTC,avoid_high,1.0,1.0,300,seasonal,-4412.727429959962,53902059.084060945,-0.81865656061084,0.7424269405037495
LTCBTC,avoid_high,1.0,1.0,300,har,-4965.525536376879,59213331.995346636,-0.8385823545223062,0.7635187273698582
LTCBTC,avoid_high,1.0,1.0,300,oracle,-6020.929600378884,61610866.50470372,-0.977251245106123,0.7939824432968613
LTCBTC,avoid_high,1.0,1.5,10,always,-17150.81134283529,71927222.04164135,-2.3844673624272668,1.0
LTCBTC,avoid_high,1.0,1.5,10,trailing,-13684.216936316123,56075156.3100982,-2.440335049739634,0.7386815454479736
LTCBTC,avoid_high,1.0,1.5,10,seasonal,-13047.863114832984,54048563.84217861,-2.414099873760317,0.742098933380651
LTCBTC,avoid_high,1.0,1.5,10,har,-14815.31307257056,59382165.56962864,-2.494909528888576,0.7633721732615681
LTCBTC,avoid_high,1.0,1.5,10,oracle,-15910.59766815994,61797411.89149447,-2.5746381897183963,0.7939380795594199
LTCBTC,avoid_high,1.0,1.5,60,always,-17085.027612353588,71927222.04164135,-2.375321488498809,1.0
LTCBTC,avoid_high,1.0,1.5,60,trailing,-13582.373120893795,56075156.3100982,-2.422173028958251,0.7386815454479736
LTCBTC,avoid_high,1.0,1.5,60,seasonal,-12658.808808799386,54048563.84217861,-2.342117515973784,0.742098933380651
LTCBTC,avoid_high,1.0,1.5,60,har,-14813.086181713343,59382165.56962864,-2.494534518843749,0.7633721732615681
LTCBTC,avoid_high,1.0,1.5,60,oracle,-16354.512242729761,61797411.89149447,-2.646472035341132,0.7939380795594199
LTCBTC,avoid_high,1.0,1.5,300,always,-15644.650466426177,71710640.08469586,-2.1816358699278973,1.0
LTCBTC,avoid_high,1.0,1.5,300,trailing,-12607.537788166772,55912178.63102059,-2.254882227245567,0.738792927194423
LTCBTC,avoid_high,1.0,1.5,300,seasonal,-12538.119670132437,53902059.084060945,-2.3260928957424576,0.7424269405037495
LTCBTC,avoid_high,1.0,1.5,300,har,-13977.586905865774,59213331.995346636,-2.3605472677950674,0.7635187273698582
LTCBTC,avoid_high,1.0,1.5,300,oracle,-15379.773453727488,61610866.50470372,-2.496276115927263,0.7939824432968613
LTCBTC,avoid_low,-0.5,1.0,10,always,4619.440057670443,71927222.04164135,0.6422380743407657,1.0
LTCBTC,avoid_low,-0.5,1.0,10,trailing,3484.4819811127572,48470640.79230215,0.7188850661256668,0.7484276729559748
LTCBTC,avoid_low,-0.5,1.0,10,seasonal,3512.206239044617,51615843.32624195,0.6804511972894534,0.7567279824924588
LTCBTC,avoid_low,-0.5,1.0,10,har,3666.0075779095005,49512948.16323592,0.7404139147245455,0.7813134599081248
LTCBTC,avoid_low,-0.5,1.0,10,oracle,4178.93833154723,57718737.89589286,0.7240176212939323,0.7955021917286068
LTCBTC,avoid_low,-0.5,1.0,60,always,4662.507560676136,71927222.04164135,0.6482257243268531,1.0
LTCBTC,avoid_low,-0.5,1.0,60,trailing,3481.835575083962,48470640.79230215,0.7183390848913491,0.7484276729559748
LTCBTC,avoid_low,-0.5,1.0,60,seasonal,3485.533204264571,51615843.32624195,0.6752835911706387,0.7567279824924588
LTCBTC,avoid_low,-0.5,1.0,60,har,3995.830172563308,49512948.16323592,0.8070273172564324,0.7813134599081248
LTCBTC,avoid_low,-0.5,1.0,60,oracle,4686.069107588712,57718737.89589286,0.8118800373010516,0.7955021917286068
LTCBTC,avoid_low,-0.5,1.0,300,always,5577.57189776657,71710640.08469586,0.7777886086610052,1.0
LTCBTC,avoid_low,-0.5,1.0,300,trailing,4432.926160451871,48318833.200419106,0.9174323688787709,0.7482505952263179
LTCBTC,avoid_low,-0.5,1.0,300,seasonal,4230.880508032428,51434263.68838252,0.8225801643949769,0.7563232491112826
LTCBTC,avoid_low,-0.5,1.0,300,har,5533.923339444394,49363719.33655447,1.1210507258812754,0.7811875507014108
LTCBTC,avoid_low,-0.5,1.0,300,oracle,6142.526081258895,57535705.861437306,1.0676024547351313,0.7955521259967155
LTCBTC,avoid_low,-0.5,1.5,10,always,-6361.728036589087,71927222.04164135,-0.8844673624272665,1.0
LTCBTC,avoid_low,-0.5,1.5,10,trailing,-3651.038246916422,48470640.79230215,-0.7532473652579111,0.7484276729559748
LTCBTC,avoid_low,-0.5,1.5,10,seasonal,-4420.7034951100495,51615843.32624195,-0.8564625142649807,0.7567279824924588
LTCBTC,avoid_low,-0.5,1.5,10,har,-3642.598764139155,49512948.16323592,-0.7356860981354039,0.7813134599081248
LTCBTC,avoid_low,-0.5,1.5,10,oracle,-5499.107328780849,57718737.89589286,-0.9527421300686745,0.7955021917286068
LTCBTC,avoid_low,-0.5,1.5,60,always,-6295.944306107384,71927222.04164135,-0.8753214884988089,1.0
LTCBTC,avoid_low,-0.5,1.5,60,trailing,-3653.998979046613,48470640.79230215,-0.7538581952535115,0.7484276729559748
LTCBTC,avoid_low,-0.5,1.5,60,seasonal,-4459.665333791852,51615843.32624195,-0.8640109405176607,0.7567279824924588
LTCBTC,avoid_low,-0.5,1.5,60,har,-3147.0630270596725,49512948.16323592,-0.635604047790556,0.7813134599081248
LTCBTC,avoid_low,-0.5,1.5,60,oracle,-4737.359150846732,57718737.89589286,-0.8207662404870139,0.7955021917286068
LTCBTC,avoid_low,-0.5,1.5,300,always,-4888.054453721797,71710640.08469586,-0.6816358699278967,1.0
LTCBTC,avoid_low,-0.5,1.5,300,trailing,-2202.5166390478157,48318833.200419106,-0.4558298479419225,0.7482505952263179
LTCBTC,avoid_low,-0.5,1.5,300,seasonal,-3311.752284466198,51434263.68838252,-0.6438805665675787,0.7563232491112826
LTCBTC,avoid_low,-0.5,1.5,300,har,-815.1533922767368,49363719.33655447,-0.16513208551388575,0.7811875507014108
LTCBTC,avoid_low,-0.5,1.5,300,oracle,-2520.449586380196,57535705.861437306,-0.4380670313579137,0.7955521259967155
LTCBTC,avoid_low,0.0,1.0,10,always,1023.0789555883757,71927222.04164135,0.14223807434076588,1.0
LTCBTC,avoid_low,0.0,1.0,10,trailing,1060.9499414976497,48470640.79230215,0.21888506612566677,0.7484276729559748
LTCBTC,avoid_low,0.0,1.0,10,seasonal,931.4140727325193,51615843.32624195,0.18045119728945322,0.7567279824924588
LTCBTC,avoid_low,0.0,1.0,10,har,1190.360169747704,49512948.16323592,0.24041391472454549,0.7813134599081248
LTCBTC,avoid_low,0.0,1.0,10,oracle,1293.0014367525869,57718737.89589286,0.22401762129393235,0.7955021917286068
LTCBTC,avoid_low,0.0,1.0,60,always,1066.146458594068,71927222.04164135,0.14822572432685305,1.0
LTCBTC,avoid_low,0.0,1.0,60,trailing,1058.3035354688543,48470640.79230215,0.21833908489134904,0.7484276729559748
LTCBTC,avoid_low,0.0,1.0,60,seasonal,904.7410379524738,51615843.32624195,0.17528359117063877,0.7567279824924588
LTCBTC,avoid_low,0.0,1.0,60,har,1520.1827644015123,49512948.16323592,0.30702731725643234,0.7813134599081248
LTCBTC,avoid_low,0.0,1.0,60,oracle,1800.132212794069,57718737.89589286,0.3118800373010516,0.7955021917286068
LTCBTC,avoid_low,0.0,1.0,300,always,1992.0398935317771,71710640.08469586,0.2777886086610052,1.0
LTCBTC,avoid_low,0.0,1.0,300,trailing,2016.9845004309152,48318833.200419106,0.41743236887877094,0.7482505952263179
LTCBTC,avoid_low,0.0,1.0,300,seasonal,1659.167323613302,51434263.68838252,0.32258016439497683,0.7563232491112826
LTCBTC,avoid_low,0.0,1.0,300,har,3065.7373726166697,49363719.33655447,0.6210507258812753,0.7811875507014108
LTCBTC,avoid_low,0.0,1.0,300,oracle,3265.740788187029,57535705.861437306,0.5676024547351312,0.7955521259967155
LTCBTC,avoid_low,0.0,1.5,10,always,-9958.089138671156,71927222.04164135,-1.3844673624272665,1.0
LTCBTC,avoid_low,0.0,1.5,10,trailing,-6074.570286531528,48470640.79230215,-1.2532473652579108,0.7484276729559748
LTCBTC,avoid_low,0.0,1.5,10,seasonal,-7001.495661422146,51615843.32624195,-1.3564625142649804,0.7567279824924588
LTCBTC,avoid_low,0.0,1.5,10,har,-6118.24617230095,49512948.16323592,-1.2356860981354039,0.7813134599081248
LTCBTC,avoid_low,0.0,1.5,10,oracle,-8385.04422357549,57718737.89589286,-1.4527421300686743,0.7955021917286068
LTCBTC,avoid_low,0.0,1.5,60,always,-9892.305408189452,71927222.04164135,-1.3753214884988088,1.0
LTCBTC,avoid_low,0.0,1.5,60,trailing,-6077.531018661721,48470640.79230215,-1.2538581952535117,0.7484276729559748
LTCBTC,avoid_low,0.0,1.5,60,seasonal,-7040.457500103949,51615843.32624195,-1.3640109405176606,0.7567279824924588
LTCBTC,avoid_low,0.0,1.5,60,har,-5622.710435221469,49512948.16323592,-1.1356040477905562,0.7813134599081248
LTCBTC,avoid_low,0.0,1.5,60,oracle,-7623.296045641375,57718737.89589286,-1.3207662404870137,0.7955021917286068
LTCBTC,avoid_low,0.0,1.5,300,always,-8473.58645795659,71710640.08469586,-1.1816358699278968,1.0
LTCBTC,avoid_low,0.0,1.5,300,trailing,-4618.458299068771,48318833.200419106,-0.9558298479419226,0.7482505952263179
LTCBTC,avoid_low,0.0,1.5,300,seasonal,-5883.465468885324,51434263.68838252,-1.1438805665675789,0.7563232491112826
LTCBTC,avoid_low,0.0,1.5,300,har,-3283.3393591044605,49363719.33655447,-0.6651320855138858,0.7811875507014108
LTCBTC,avoid_low,0.0,1.5,300,oracle,-5397.23487945206,57535705.861437306,-0.9380670313579136,0.7955521259967155
LTCBTC,avoid_low,1.0,1.0,10,always,-6169.64324857576,71927222.04164135,-0.8577619256592341,1.0
LTCBTC,avoid_low,1.0,1.0,10,trailing,-3786.1141377325657,48470640.79230215,-0.7811149338743333,0.7484276729559748
LTCBTC,avoid_low,1.0,1.0,10,seasonal,-4230.170259891675,51615843.32624195,-0.8195488027105468,0.7567279824924588
LTCBTC,avoid_low,1.0,1.0,10,har,-3760.9346465758886,49512948.16323592,-0.7595860852754547,0.7813134599081248
LTCBTC,avoid_low,1.0,1.0,10,oracle,-4478.8723528367,57718737.89589286,-0.7759823787060678,0.7955021917286068
LTCBTC,avoid_low,1.0,1.0,60,always,-6126.575745570067,71927222.04164135,-0.8517742756731468,1.0
LTCBTC,avoid_low,1.0,1.0,60,trailing,-3788.76054376136,48470640.79230215,-0.7816609151086509,0.7484276729559748
LTCBTC,avoid_low,1.0,1.0,60,seasonal,-4256.843294671721,51615843.32624195,-0.8247164088293613,0.7567279824924588
LTCBTC,avoid_low,1.0,1.0,60,har,-3431.1120519220804,49512948.16323592,-0.6929726827435679,0.7813134599081248
LTCBTC,avoid_low,1.0,1.0,60,oracle,-3971.741576795217,57718737.89589286,-0.6881199626989484,0.7955021917286068
LTCBTC,avoid_low,1.0,1.0,300,always,-5179.024114937809,71710640.08469586,-0.7222113913389948,1.0
LTCBTC,avoid_low,1.0,1.0,300,trailing,-2814.8988196109954,48318833.200419106,-0.5825676311212291,0.7482505952263179
LTCBTC,avoid_low,1.0,1.0,300,seasonal,-3484.259045224951,51434263.68838252,-0.6774198356050234,0.7563232491112826
LTCBTC,avoid_low,1.0,1.0,300,har,-1870.6345610387775,49363719.33655447,-0.3789492741187248,0.7811875507014108
LTCBTC,avoid_low,1.0,1.0,300,oracle,-2487.8297979567014,57535705.861437306,-0.4323975452648688,0.7955521259967155
LTCBTC,avoid_low,1.0,1.5,10,always,-17150.81134283529,71927222.04164135,-2.3844673624272668,1.0
LTCBTC,avoid_low,1.0,1.5,10,trailing,-10921.634365761745,48470640.79230215,-2.2532473652579115,0.7484276729559748
LTCBTC,avoid_low,1.0,1.5,10,seasonal,-12163.079994046344,51615843.32624195,-2.356462514264981,0.7567279824924588
LTCBTC,avoid_low,1.0,1.5,10,har,-11069.540988624543,49512948.16323592,-2.235686098135404,0.7813134599081248
LTCBTC,avoid_low,1.0,1.5,10,oracle,-14156.918013164777,57718737.89589286,-2.4527421300686743,0.7955021917286068
LTCBTC,avoid_low,1.0,1.5,60,always,-17085.027612353588,71927222.04164135,-2.375321488498809,1.0
LTCBTC,avoid_low,1.0,1.5,60,trailing,-10924.595097891935,48470640.79230215,-2.2538581952535117,0.7484276729559748
LTCBTC,avoid_low,1.0,1.5,60,seasonal,-12202.041832728146,51615843.32624195,-2.364010940517661,0.7567279824924588
LTCBTC,avoid_low,1.0,1.5,60,har,-10574.00525154506,49512948.16323592,-2.1356040477905562,0.7813134599081248
LTCBTC,avoid_low,1.0,1.5,60,oracle,-13395.16983523066,57718737.89589286,-2.3207662404870137,0.7955021917286068
LTCBTC,avoid_low,1.0,1.5,300,always,-15644.650466426177,71710640.08469586,-2.1816358699278973,1.0
LTCBTC,avoid_low,1.0,1.5,300,trailing,-9450.34161911068,48318833.200419106,-1.9558298479419225,0.7482505952263179
LTCBTC,avoid_low,1.0,1.5,300,seasonal,-11026.891837723577,51434263.68838252,-2.143880566567579,0.7563232491112826
LTCBTC,avoid_low,1.0,1.5,300,har,-8219.711292759906,49363719.33655447,-1.6651320855138856,0.7811875507014108
LTCBTC,avoid_low,1.0,1.5,300,oracle,-11150.80546559579,57535705.861437306,-1.9380670313579134,0.7955521259967155
