date,kyle_usd_disp_ratio,kyle_usd_p,sqrt_usd_disp_ratio,sqrt_usd_p,symbol
2018-04-06,0.5658249687252186,0.8,0.782641612898091,0.625,BTCUSDT
2018-04-07,0.7792975684703758,0.825,1.4377837961374025,0.05,BTCUSDT
2018-04-08,1.4889665131426473,0.025,2.255888374119892,0.005,BTCUSDT
2018-04-09,0.5063745903041565,0.975,0.5734123105129407,0.99,BTCUSDT
2018-04-10,0.8987383678368296,0.645,0.991389347466846,0.515,BTCUSDT
2018-04-11,0.7200112230726284,0.89,0.4951470939217594,0.995,BTCUSDT
2018-04-12,0.926941034264386,0.57,3.448799090354376,0.005,BTCUSDT
2018-04-13,1.340892040881532,0.08,0.502042164954188,0.99,BTCUSDT
2018-04-14,0.9876827825036144,0.54,1.000175086426634,0.45,BTCUSDT
2018-04-15,1.499610447360157,0.04,1.7532046774137189,0.005,BTCUSDT
2018-04-16,1.081523033520666,0.335,1.2365179569604656,0.205,BTCUSDT
2018-04-17,0.5014345008352971,0.99,0.6165175626238776,0.945,BTCUSDT
2018-04-18,1.0533368092090878,0.435,1.16601514623127,0.245,BTCUSDT
2018-04-19,0.786066754557998,0.775,0.9905217803653752,0.505,BTCUSDT
2018-04-20,1.199238695657336,0.16,0.8344622649458366,0.705,BTCUSDT
2018-04-21,1.117861374115877,0.31,1.2852730621737802,0.16,BTCUSDT
2018-04-22,1.571793159406022,0.005,1.0232954241572751,0.445,BTCUSDT
2018-04-23,1.6152196712369933,0.015,2.0236461408229998,0.005,BTCUSDT
2018-04-24,1.0821273408434784,0.36,1.888329252871074,0.005,BTCUSDT
2018-04-25,1.604798382993171,0.005,3.0743801549506804,0.005,BTCUSDT
2018-04-26,1.2164824012779414,0.175,1.4510627592392822,0.085,BTCUSDT
2018-04-27,1.1752914297108952,0.185,1.1061635829765446,0.21,BTCUSDT
2018-04-28,1.2792375072898996,0.02,1.7995396051229242,0.005,BTCUSDT
2018-04-29,1.1308429118528176,0.22,1.555657271557095,0.03,BTCUSDT
2018-04-30,0.9204988418245796,0.645,1.2072760422484885,0.255,BTCUSDT
2018-05-01,1.410484733929891,0.025,1.8080888543372828,0.01,BTCUSDT
2018-05-02,0.9216570388544312,0.64,1.324575746534749,0.105,BTCUSDT
2018-05-03,1.191249599453422,0.205,1.1895160586306652,0.255,BTCUSDT
2018-05-04,0.5882430435537972,0.98,1.2414280982086332,0.08,BTCUSDT
2018-05-05,0.9466753607618557,0.62,1.80598958519631,0.005,BTCUSDT
2018-05-06,1.2775534408670797,0.12,1.5397452151414943,0.02,BTCUSDT
2018-05-07,1.283655923704501,0.12,1.9565675632992308,0.005,BTCUSDT
2018-05-08,1.254461455271768,0.12,1.9403391203227276,0.01,BTCUSDT
2018-05-09,1.4828269007727517,0.03,1.5522350467203334,0.02,BTCUSDT
2018-05-10,0.8340502332460058,0.745,0.9774150674412492,0.5,BTCUSDT
2018-05-11,1.4201172614553412,0.035,2.5584917550835624,0.005,BTCUSDT
2018-05-12,1.3573411020449042,0.015,2.9278997467143397,0.005,BTCUSDT
2018-05-13,1.128279451394304,0.2,1.0899556865596778,0.34,BTCUSDT
2018-05-14,0.6569613319040822,0.99,1.9429827196712528,0.01,BTCUSDT
2018-05-15,1.1526639766836797,0.255,1.285898676491655,0.135,BTCUSDT
2018-05-16,1.051439357771635,0.4,1.5174348891239375,0.02,BTCUSDT
2018-05-17,1.3833729787933668,0.06,1.140576646623783,0.24,BTCUSDT
2018-05-18,1.1359289199401603,0.235,0.7640560365121783,0.895,BTCUSDT
2018-05-19,0.5715226303620282,0.99,0.8283367240818411,0.755,BTCUSDT
2018-05-20,1.383729368638281,0.055,1.1522755965329357,0.23,BTCUSDT
2018-05-21,1.2423205279793816,0.2,1.405018357202403,0.08,BTCUSDT
2018-05-22,0.7952241370717206,0.82,0.7845989096574643,0.745,BTCUSDT
2018-05-23,1.3016441580064022,0.01,2.2385172739271906,0.005,BTCUSDT
2018-05-24,1.7483821144072649,0.005,2.104885850972748,0.005,BTCUSDT
2018-05-25,0.7862569994295123,0.9,0.9674713098968258,0.575,BTCUSDT
2018-05-26,0.8550647359257677,0.735,0.47592102532578,1.0,BTCUSDT
2018-05-27,0.8024563095457735,0.78,1.116800149007093,0.325,BTCUSDT
2018-05-28,0.9323928370141128,0.585,1.464639219871483,0.065,BTCUSDT
2018-05-29,1.3054473079130038,0.105,1.44050026707017,0.035,BTCUSDT
2018-05-30,0.7525592758339621,0.86,1.20513454424691,0.145,BTCUSDT
2018-05-31,1.0165634027378256,0.46,1.0765698235286083,0.295,BTCUSDT
2018-06-01,1.1591402914543458,0.22,0.7036399672864287,0.855,BTCUSDT
2018-06-02,1.3214396928628511,0.12,0.8381322140671408,0.75,BTCUSDT
2018-06-03,1.045769135327495,0.41,1.3435084956447296,0.12,BTCUSDT
2018-06-04,0.8497582659351417,0.71,1.1903176742608663,0.255,BTCUSDT
2018-06-05,0.1969777601699694,1.0,0.5587590438121748,0.99,BTCUSDT
2018-06-06,0.9622029130712728,0.51,1.0729448989959225,0.33,BTCUSDT
2018-06-07,1.0108729731389772,0.465,0.6698280197800147,0.915,BTCUSDT
2018-06-08,0.8124738969801154,0.885,0.7360783319201774,0.985,BTCUSDT
2018-06-09,0.2465211153507963,1.0,0.3174425911554366,0.985,BTCUSDT
2018-06-10,0.6833827147553068,0.96,0.553914007556777,0.99,BTCUSDT
2018-06-11,0.7634615902854366,0.84,1.3851455500133,0.05,BTCUSDT
2018-06-12,1.036267024978117,0.445,1.3448155686981538,0.05,BTCUSDT
2018-06-13,0.7910262461603421,0.845,0.7966380614326339,0.855,BTCUSDT
2018-06-14,1.1947069945191482,0.15,0.8252189993301077,0.815,BTCUSDT
2018-06-15,0.8228196961600377,0.79,0.7057998238030061,0.86,BTCUSDT
2018-06-16,1.0398052537006146,0.385,1.2617051654616918,0.13,BTCUSDT
2018-06-17,0.6676407543230497,0.965,0.9224643844461168,0.615,BTCUSDT
2018-06-18,0.8469144653088668,0.75,1.0899520087561407,0.29,BTCUSDT
2018-06-19,1.304613011079178,0.09,0.8632225921842588,0.7,BTCUSDT
2018-06-20,0.6042228240934767,0.95,0.6492280093690792,0.915,BTCUSDT
2018-06-21,1.8812000878178572,0.005,1.3679408602675165,0.09,BTCUSDT
2018-06-22,0.895077268372219,0.7,1.2758211303956946,0.115,BTCUSDT
2018-06-23,1.6639907793053668,0.03,1.6579516648551686,0.02,BTCUSDT
2018-06-24,0.4385184838869544,0.995,0.3903461600576119,0.955,BTCUSDT
2018-06-25,0.5371795520549204,0.99,0.6831542742394423,0.86,BTCUSDT
2018-06-26,2.21451247045128,0.005,0.9208250221204032,0.57,BTCUSDT
2018-06-27,1.5753329142559909,0.025,1.357732324252748,0.07,BTCUSDT
2018-06-28,0.9014527106992434,0.665,1.1895560303217834,0.23,BTCUSDT
2018-06-29,0.539196259673306,0.98,1.1829285454455158,0.255,BTCUSDT
2018-06-30,1.2149613354860545,0.17,1.3669371915349997,0.05,BTCUSDT
2018-07-01,1.812608961859976,0.005,1.4311736767283632,0.005,BTCUSDT
2018-07-02,0.1693527369198429,1.0,0.4116732614026334,1.0,BTCUSDT
2018-07-03,0.3705880833454197,0.995,0.4529524748780257,1.0,BTCUSDT
2018-07-04,0.8476737369349806,0.72,0.9527036584839004,0.59,BTCUSDT
2018-07-05,0.6492738671944894,0.955,1.2772812099888475,0.05,BTCUSDT
2018-07-06,0.9821774406951268,0.525,1.112226807861996,0.345,BTCUSDT
2018-07-07,0.4813064457726302,0.99,0.3217092191301022,0.995,BTCUSDT
2018-07-08,0.5120694916130895,0.995,0.8280098212186818,0.715,BTCUSDT
2018-07-09,0.9329467703129074,0.585,1.7741572299492203,0.02,BTCUSDT
2018-07-10,0.6614972064064527,0.955,1.2564078284460924,0.115,BTCUSDT
2018-07-11,2.4337017313904807,0.005,2.5748181562523027,0.005,BTCUSDT
2018-07-12,0.6036337793957282,0.945,0.6455261264888695,0.905,BTCUSDT
2018-07-13,0.5008864709445539,1.0,0.8899442662628638,0.67,BTCUSDT
2018-07-14,1.0523203810150688,0.38,1.4216995048541174,0.055,BTCUSDT
2018-07-15,1.6076577486794077,0.01,1.952819771915216,0.005,BTCUSDT
2018-07-16,1.1324667786328249,0.305,1.7060753624954916,0.01,BTCUSDT
2018-07-17,0.4386193227978876,1.0,1.819944614666201,0.005,BTCUSDT
2018-07-18,0.6489672816671237,0.935,1.336161944400448,0.115,BTCUSDT
2018-07-19,0.4745575118368869,1.0,0.8780276194986941,0.725,BTCUSDT
2018-07-20,0.6280664414591516,0.985,0.4104385708409754,0.995,BTCUSDT
2018-07-21,1.7298651306689967,0.01,1.6821611657974975,0.025,BTCUSDT
2018-07-22,0.876245724311578,0.66,1.0715738225068925,0.385,BTCUSDT
2018-07-23,0.7559103403019362,0.87,0.93172281820202,0.61,BTCUSDT
2018-07-24,1.526893425399746,0.015,1.9394076147563315,0.005,BTCUSDT
2018-07-25,2.206971694266709,0.005,1.82327911939325,0.01,BTCUSDT
2018-07-26,1.3540577663685598,0.08,1.4677165733915505,0.025,BTCUSDT
2018-07-27,0.5056478891366907,1.0,0.9797994957617434,0.48,BTCUSDT
2018-07-28,1.669662674725788,0.005,2.2309010437916563,0.005,BTCUSDT
2018-07-29,0.8053756385873961,0.92,1.469100653004764,0.07,BTCUSDT
2018-07-30,1.5327776899740082,0.01,1.5808855835683464,0.005,BTCUSDT
2018-07-31,1.3807332277095,0.005,3.1787219703476755,0.005,BTCUSDT
2018-08-01,0.7058425687726608,0.935,0.4619895339687579,1.0,BTCUSDT
2018-08-02,1.7865806325813005,0.005,2.79752480123852,0.005,BTCUSDT
2018-08-03,1.3144011909672555,0.075,1.2385536901970275,0.13,BTCUSDT
2018-08-04,0.807451244950921,0.795,0.9511961790543624,0.56,BTCUSDT
2018-08-05,1.0080427721120584,0.47,1.09397134088153,0.345,BTCUSDT
2018-08-06,1.6020372161977716,0.005,1.4651716945239677,0.045,BTCUSDT
2018-08-07,0.7111366526632404,0.935,0.5891408334040282,0.985,BTCUSDT
2018-08-08,2.207442719423704,0.005,3.406980153186971,0.005,BTCUSDT
2018-08-09,1.3796061391940655,0.025,2.201305139728232,0.005,BTCUSDT
2018-08-10,1.7915072393761038,0.01,1.3621357127366824,0.09,BTCUSDT
2018-08-11,0.8854082393422269,0.785,1.2159134595031722,0.16,BTCUSDT
2018-08-12,1.4513232953088395,0.01,1.630350073195565,0.02,BTCUSDT
2018-08-13,1.1510397373585524,0.245,1.0025974356404843,0.46,BTCUSDT
2018-08-14,1.1601721011798911,0.21,1.898320543573816,0.005,BTCUSDT
2018-08-15,1.217380358101565,0.1,2.3771364478284904,0.005,BTCUSDT
2018-08-16,1.6084941892130384,0.005,4.23468446981446,0.005,BTCUSDT
2018-08-17,2.0601767726785285,0.005,2.1597682026061094,0.005,BTCUSDT
2018-08-18,1.5538757227444104,0.005,1.780928229518544,0.005,BTCUSDT
2018-08-19,2.110599749387628,0.01,2.7071496256164163,0.005,BTCUSDT
2018-08-20,1.3750317073287237,0.06,2.374915526179078,0.005,BTCUSDT
2018-08-21,1.950164356135743,0.005,3.97685569649902,0.005,BTCUSDT
2018-08-22,2.115411889303089,0.005,1.3806313528856526,0.105,BTCUSDT
2018-08-23,1.3297155073399078,0.14,1.8570017434089856,0.005,BTCUSDT
2018-08-24,1.4827672584685292,0.025,1.804794636991052,0.005,BTCUSDT
2018-08-25,1.312074752932656,0.025,1.400431907150178,0.055,BTCUSDT
2018-08-26,1.32281263911786,0.02,1.0740611819695278,0.38,BTCUSDT
2018-08-27,1.1041370436937263,0.275,1.1703034750165775,0.285,BTCUSDT
2018-08-28,1.3654490109962525,0.02,1.460750396828783,0.01,BTCUSDT
2018-08-29,0.8438581120220778,0.735,1.1773970378094334,0.255,BTCUSDT
2018-08-30,0.9056396006956696,0.73,1.12019826387566,0.235,BTCUSDT
2018-08-31,1.098560160984149,0.255,0.9870749571397216,0.485,BTCUSDT
2018-09-01,1.1294420164760512,0.26,1.4995336474936296,0.04,BTCUSDT
2018-09-02,0.7220699417949105,0.905,1.4605808865256746,0.05,BTCUSDT
2018-09-03,1.773662588915986,0.005,2.216493204681403,0.005,BTCUSDT
2018-09-04,1.2126834169928231,0.195,1.2706249782176349,0.18,BTCUSDT
2018-09-05,1.459695548783314,0.055,1.4524553480926568,0.035,BTCUSDT
2018-09-06,1.6343012400598522,0.01,1.0486702646028672,0.425,BTCUSDT
2018-09-07,1.873458500347622,0.005,3.202054917515785,0.005,BTCUSDT
2018-09-08,1.2952420716970483,0.095,1.048446194611924,0.415,BTCUSDT
2018-09-09,0.9510514386884864,0.59,0.7614085323439105,0.825,BTCUSDT
2018-09-10,2.612313971380701,0.005,2.681186069473324,0.005,BTCUSDT
2018-09-11,1.8123999012320653,0.005,1.9382493907321372,0.005,BTCUSDT
2018-09-12,2.2084508836867,0.005,2.527243849327673,0.005,BTCUSDT
2018-09-13,1.2770910125567323,0.045,1.5770171958650518,0.03,BTCUSDT
2018-09-14,0.6215121094131301,0.92,0.7026199979684601,0.88,BTCUSDT
2018-09-15,1.8830057606131532,0.01,2.1676588494712115,0.005,BTCUSDT
2018-09-16,1.3833639702432372,0.005,2.526020662519085,0.005,BTCUSDT
2018-09-17,0.7291802739015883,0.92,0.9600707287263892,0.56,BTCUSDT
2018-09-18,1.3960713018474302,0.055,1.7485469887226135,0.01,BTCUSDT
2018-09-19,1.3223870636140431,0.1,1.148729791981046,0.28,BTCUSDT
2018-09-20,0.991433184639148,0.48,1.5732823844142343,0.04,BTCUSDT
2018-09-21,0.8273512170888729,0.79,2.506345047350984,0.005,BTCUSDT
2018-09-22,1.461347315802246,0.02,2.180762821380419,0.005,BTCUSDT
2018-09-23,1.91493330601115,0.005,2.1386821130992035,0.005,BTCUSDT
2018-09-24,1.1491745667036557,0.275,1.3719783711082163,0.05,BTCUSDT
2018-09-25,1.2741696688890698,0.075,1.3948173858224333,0.03,BTCUSDT
2018-09-26,1.5701345596131877,0.025,2.210131776951381,0.005,BTCUSDT
2018-09-27,2.005417546232936,0.005,2.970701130099095,0.005,BTCUSDT
2018-09-28,0.5806507502327122,0.98,2.215928610810768,0.005,BTCUSDT
2018-09-29,1.208525511797851,0.15,1.11959179745714,0.315,BTCUSDT
2018-09-30,2.197757433589492,0.005,2.2780900639011783,0.005,BTCUSDT
2018-10-01,1.4984738367584738,0.015,1.2592769928410152,0.165,BTCUSDT
2018-10-02,1.4996604827201652,0.015,1.5990488793820614,0.005,BTCUSDT
2018-10-03,1.2842221019249285,0.11,1.5994822122116934,0.015,BTCUSDT
2018-10-04,1.1661100090102083,0.25,2.114923232457113,0.005,BTCUSDT
2018-10-05,1.375695162752918,0.055,1.998151363867684,0.005,BTCUSDT
2018-10-06,0.8912263128261197,0.745,0.9551074228685,0.62,BTCUSDT
2018-10-07,1.5043917199328023,0.02,1.482474696020375,0.05,BTCUSDT
2018-10-08,1.975589552725304,0.005,1.54234695153226,0.03,BTCUSDT
2018-10-09,2.4938775792248564,0.005,2.4799353552854595,0.005,BTCUSDT
2018-10-10,0.8620932277570681,0.755,0.9995356354567628,0.48,BTCUSDT
2018-10-11,1.3026084581696604,0.125,1.7107672490004315,0.015,BTCUSDT
2018-10-12,2.034224262644197,0.005,2.5786502732913528,0.005,BTCUSDT
2018-10-13,1.6308670006850656,0.01,1.3462312484079049,0.105,BTCUSDT
2018-10-14,0.7267537396861519,0.895,1.7922533397135365,0.005,BTCUSDT
2018-10-15,0.2758137036476453,1.0,1.4003235216085164,0.09,BTCUSDT
2018-10-16,1.08892306809474,0.275,1.2447556057833549,0.065,BTCUSDT
2018-10-17,1.3866152514665595,0.105,1.6500540701375348,0.04,BTCUSDT
2018-10-18,1.243510710691903,0.115,0.9947474452181422,0.51,BTCUSDT
2018-10-19,1.2462348137999757,0.18,2.115491723837821,0.005,BTCUSDT
2018-10-20,3.740058894987526,0.005,2.5643082723870325,0.005,BTCUSDT
2018-10-21,1.987780371730707,0.01,2.517282023546589,0.005,BTCUSDT
2018-10-22,1.0041113410171307,0.515,1.5558219299042144,0.01,BTCUSDT
2018-10-23,0.9642605174135528,0.585,1.0072111558721064,0.475,BTCUSDT
2018-10-24,1.0704868987449918,0.35,1.0227423433490217,0.43,BTCUSDT
2018-10-25,1.7425905266741593,0.015,1.957416646718282,0.005,BTCUSDT
2018-10-26,1.7687050783769651,0.01,1.677393522193263,0.015,BTCUSDT
2018-10-27,1.8569811089797543,0.005,0.9006231999442821,0.665,BTCUSDT
2018-10-28,0.9453047865384898,0.595,1.3338038420641938,0.095,BTCUSDT
2018-10-29,0.7720887763140086,0.895,1.401943648972729,0.12,BTCUSDT
2018-10-30,1.0519252067818043,0.375,0.6482924841222825,0.915,BTCUSDT
2018-10-31,0.9109010923134424,0.64,0.6281532088661178,0.965,BTCUSDT
2018-11-01,1.4521862680281337,0.05,1.4452007297548413,0.035,BTCUSDT
2018-11-02,1.1282789650859566,0.205,1.039812992207635,0.445,BTCUSDT
2018-11-03,0.5252292912725778,1.0,0.7459530952359418,0.825,BTCUSDT
2018-11-04,0.880374455173234,0.665,1.0849147212377777,0.38,BTCUSDT
2018-11-05,1.002026666944277,0.505,0.4264364731988117,0.95,BTCUSDT
2018-11-06,1.2965011869335812,0.02,0.9467960531633388,0.615,BTCUSDT
2018-11-07,0.8292763852973161,0.82,2.1960783981187406,0.005,BTCUSDT
2018-11-08,0.5818124577383509,0.96,1.0151972886403298,0.475,BTCUSDT
2018-11-09,0.8947718145382484,0.66,1.26025331950423,0.055,BTCUSDT
2018-11-10,1.3234412714378114,0.115,1.558034278186052,0.045,BTCUSDT
2018-11-11,0.6813152097472585,0.95,0.8492788269947473,0.71,BTCUSDT
2018-11-12,1.092698124163336,0.295,1.3963558688846982,0.07,BTCUSDT
2018-11-13,0.8340853191869204,0.76,2.891707115337089,0.005,BTCUSDT
2018-11-14,2.550380172586345,0.005,4.514008300279573,0.005,BTCUSDT
2018-11-15,1.2597954179391648,0.07,1.6560152731657978,0.005,BTCUSDT
2018-11-16,1.4920324926141666,0.015,3.7151881718964592,0.005,BTCUSDT
2018-11-17,1.0106789896931831,0.45,1.1202646414220208,0.28,BTCUSDT
2018-11-18,0.5978719624390842,0.975,1.0741652700194335,0.38,BTCUSDT
2018-11-19,1.7071310184125978,0.01,1.551982612449151,0.015,BTCUSDT
2018-11-20,3.339805423803248,0.005,3.401059388410168,0.005,BTCUSDT
2018-11-21,3.770110057585177,0.005,5.867022426380292,0.005,BTCUSDT
2018-11-22,1.2718256858442696,0.14,2.2424819618745766,0.005,BTCUSDT
2018-11-23,0.7827295434024168,0.98,0.9901287093733177,0.545,BTCUSDT
2018-11-24,0.8459096250194311,0.75,1.3869175662311155,0.085,BTCUSDT
2018-11-25,2.505709874764258,0.005,3.131176790786323,0.005,BTCUSDT
2018-11-26,2.9065844617383627,0.005,4.335126704532581,0.005,BTCUSDT
2018-11-27,1.4254926429020451,0.015,1.4410707146025237,0.005,BTCUSDT
2018-11-28,1.406574571951069,0.01,1.483167988053741,0.01,BTCUSDT
2018-11-29,1.3137150772015993,0.115,2.03589407294627,0.005,BTCUSDT
2018-11-30,1.6789536278782735,0.005,2.286623785837221,0.005,BTCUSDT
2018-12-01,1.7199297819873616,0.005,2.190895951457877,0.005,BTCUSDT
2018-12-02,1.553879929311779,0.02,1.4754342267869824,0.065,BTCUSDT
2018-12-03,1.294112879603732,0.07,1.6162988087173755,0.01,BTCUSDT
2018-12-04,1.221015535661497,0.16,0.9170574018044654,0.64,BTCUSDT
2018-12-05,1.0931346334372043,0.29,1.2829782159593273,0.1,BTCUSDT
2018-12-06,1.629384020482645,0.005,3.232880160538554,0.005,BTCUSDT
2018-12-07,1.604275224767857,0.005,3.2387892972983696,0.005,BTCUSDT
2018-12-08,1.1437916447097023,0.03,2.5610025328377457,0.005,BTCUSDT
2018-12-09,0.6579996116022622,1.0,0.8076040874806574,0.98,BTCUSDT
2018-12-10,1.6010150914575905,0.02,2.3603568483220743,0.005,BTCUSDT
2018-12-11,1.3945271603176514,0.065,1.358285396707678,0.09,BTCUSDT
2018-12-12,1.666203257326652,0.01,1.3835326256485825,0.045,BTCUSDT
2018-12-13,0.8122314696598519,0.805,1.5532679734185717,0.03,BTCUSDT
2018-12-14,1.1528736270646005,0.26,0.8211234937050175,0.75,BTCUSDT
2018-12-15,1.0420441672355896,0.41,1.2334899888075064,0.16,BTCUSDT
2018-12-16,1.1323086326463898,0.265,1.2162746405349447,0.235,BTCUSDT
2018-12-17,1.5881278229942095,0.025,1.9512753819336093,0.005,BTCUSDT
2018-12-18,1.1009744971113966,0.305,1.89357430840398,0.005,BTCUSDT
2018-12-19,1.2863801620066415,0.16,2.249316954661164,0.005,BTCUSDT
2018-12-20,1.573717109379464,0.01,1.6759657206709442,0.015,BTCUSDT
2018-12-21,1.4841523920505315,0.02,1.7985405980933364,0.005,BTCUSDT
2018-12-22,1.8210706597753232,0.005,2.138590532954125,0.005,BTCUSDT
2018-12-23,2.165616912332331,0.005,3.7349373612738255,0.005,BTCUSDT
2018-12-24,2.047265421708274,0.005,2.743921310791554,0.005,BTCUSDT
2018-12-25,2.250712186675329,0.005,1.9866701933145705,0.005,BTCUSDT
2018-12-26,2.302121990420821,0.005,2.498704709706878,0.005,BTCUSDT
2018-12-27,0.965967551529151,0.545,1.0829594575492556,0.365,BTCUSDT
2018-12-28,0.848617808232531,0.775,2.487111823446865,0.005,BTCUSDT
2018-12-29,0.8341794021874318,0.815,0.7079773437309733,0.945,BTCUSDT
2018-12-30,1.274972820534575,0.025,1.7021787271559563,0.005,BTCUSDT
2018-12-31,2.203189972538002,0.005,1.3153512182485505,0.045,BTCUSDT
2019-01-01,0.952327839701934,0.57,1.2474483673915222,0.09,BTCUSDT
2019-01-02,1.6028048661975565,0.005,1.965285125692313,0.005,BTCUSDT
2019-01-03,1.7421386385263875,0.02,1.632840752616651,0.015,BTCUSDT
2019-01-04,1.3793547300744318,0.065,2.0308572984766093,0.005,BTCUSDT
2019-01-05,0.7931426628484544,0.95,1.120042790743407,0.295,BTCUSDT
2019-01-06,0.9630635952698297,0.565,1.4339891469256891,0.04,BTCUSDT
2019-01-07,1.40174530829647,0.06,1.515444013211616,0.025,BTCUSDT
2019-01-08,1.2967254204380312,0.16,1.413409958351134,0.015,BTCUSDT
2019-01-09,1.287638852912118,0.07,1.240042304409665,0.2,BTCUSDT
2019-01-10,0.8360192146370969,0.755,1.2456069986772544,0.21,BTCUSDT
2019-01-11,0.4445837671174744,0.975,0.1118377112880751,1.0,BTCUSDT
2019-01-12,0.7216095293527742,0.925,0.5955380368025486,0.97,BTCUSDT
2019-01-13,0.5618200598976868,0.96,0.7163344850587143,0.885,BTCUSDT
2019-01-14,0.9763342566067026,0.44,1.6920116765071451,0.015,BTCUSDT
2019-01-15,1.1710442862406687,0.205,2.261190930943856,0.005,BTCUSDT
2019-01-16,1.7959229662941816,0.01,3.248930106752519,0.005,BTCUSDT
2019-01-17,1.2797460277106312,0.16,1.499857010401038,0.035,BTCUSDT
2019-01-18,1.8328010501138867,0.005,2.1335530492654047,0.005,BTCUSDT
2019-01-19,0.228004945399991,1.0,0.4152843839592193,0.995,BTCUSDT
2019-01-20,1.175825083556759,0.275,0.9988678414954,0.5,BTCUSDT
2019-01-21,1.022995970231494,0.46,0.8812310734515322,0.675,BTCUSDT
2019-01-22,0.8013737283231422,0.82,0.6967532369945649,0.875,BTCUSDT
2019-01-23,0.4601561198703628,1.0,0.4828053451990824,0.99,BTCUSDT
2019-01-24,1.549350011155762,0.015,1.94773835575212,0.005,BTCUSDT
2019-01-25,1.1451949202553218,0.36,1.5775990448744397,0.03,BTCUSDT
2019-01-26,0.7346370753851846,0.905,0.7643084222677061,0.895,BTCUSDT
2019-01-27,0.706679556625701,0.985,1.1043505957596045,0.31,BTCUSDT
2019-01-28,0.6356426899050225,0.99,1.297383339420629,0.075,BTCUSDT
2019-01-29,1.0231117326566703,0.445,1.0845424763436882,0.365,BTCUSDT
2019-01-30,1.364419167692967,0.03,1.7300358854152542,0.005,BTCUSDT
2019-01-31,0.8326111366902483,0.845,1.1378165489843497,0.245,BTCUSDT
2019-02-01,1.5782944586929983,0.005,2.5698465481545494,0.005,BTCUSDT
2019-02-02,1.1639151568341266,0.27,1.5785611824803836,0.03,BTCUSDT
2019-02-03,1.2232093712667855,0.14,1.9747040893229133,0.005,BTCUSDT
2019-02-04,0.8071526912642422,0.77,1.15843900004821,0.265,BTCUSDT
2019-02-05,0.5688452950742738,0.965,0.9229263819686868,0.73,BTCUSDT
2019-02-06,1.5054770681606469,0.01,1.1428796295152135,0.195,BTCUSDT
2019-02-07,1.3580357270276329,0.015,1.407305758866261,0.005,BTCUSDT
2019-02-08,0.8996679252753714,0.665,0.7698566011863571,0.775,BTCUSDT
2019-02-09,1.8969139406807047,0.005,2.2090622097624197,0.005,BTCUSDT
2019-02-10,1.3152357472179217,0.08,2.308393001878817,0.005,BTCUSDT
2019-02-11,0.6389263694009717,0.895,1.1163173857639763,0.33,BTCUSDT
2019-02-12,1.931307744367145,0.005,1.8574687474950788,0.005,BTCUSDT
2019-02-13,1.5178814234371063,0.005,2.1242618593954794,0.005,BTCUSDT
2019-02-14,1.4769316464973938,0.015,1.738206685579463,0.005,BTCUSDT
2019-02-15,0.8041355786137712,0.825,1.2030107169871656,0.205,BTCUSDT
2019-02-16,1.3352381817045846,0.095,1.8192619051681205,0.01,BTCUSDT
2019-02-17,0.4407229852949893,1.0,0.5440788721174898,0.965,BTCUSDT
2019-02-18,1.2400361613182225,0.19,1.7403277863936066,0.005,BTCUSDT
2019-02-19,0.8330235711656843,0.74,1.6973501433842693,0.02,BTCUSDT
2019-02-20,0.8592081158721212,0.755,1.492824989775594,0.04,BTCUSDT
2019-02-21,0.5904938064345283,1.0,0.7754190136608579,0.85,BTCUSDT
2019-02-22,1.0945769081191632,0.295,0.8319721965982804,0.775,BTCUSDT
2019-02-23,0.8315830667622239,0.69,0.6927858788194314,0.89,BTCUSDT
2019-02-24,1.1669521356849528,0.235,2.004012197285141,0.005,BTCUSDT
2019-02-25,2.0149650100126646,0.005,2.649811589520446,0.005,BTCUSDT
2019-02-26,1.2901317325172414,0.07,1.422996103179965,0.035,BTCUSDT
2019-02-27,1.2015413265602388,0.195,1.533322989744714,0.005,BTCUSDT
2019-02-28,1.675327726841686,0.005,3.16811401201456,0.005,BTCUSDT
2019-03-01,1.268442878351801,0.16,1.3101705013492686,0.075,BTCUSDT
2019-03-02,2.0197187739601783,0.005,2.835695921335107,0.005,BTCUSDT
2019-03-03,0.7415772047529059,0.85,1.8199804942909024,0.005,BTCUSDT
2019-03-04,0.960496904190769,0.555,0.9768953677428038,0.53,BTCUSDT
2019-03-05,0.9434982870113414,0.59,2.5759781527404217,0.005,BTCUSDT
2019-03-06,0.7867915480543793,0.925,1.6752136428364917,0.025,BTCUSDT
2019-03-07,1.432168300755056,0.05,2.222049144185817,0.005,BTCUSDT
2019-03-08,1.634903502067866,0.015,1.6562431371106734,0.02,BTCUSDT
2019-03-09,1.0930231216414488,0.335,1.326010413243369,0.07,BTCUSDT
2019-03-10,0.7483482914712237,0.89,0.8757029100222733,0.695,BTCUSDT
2019-03-11,2.197794955622149,0.005,2.6141710013040056,0.005,BTCUSDT
2019-03-12,0.8020204594754785,0.91,0.7726692312256779,0.895,BTCUSDT
2019-03-13,0.7157537598715689,0.9,0.8248079625012019,0.73,BTCUSDT
2019-03-14,0.5028899601872727,0.985,0.5666576289771986,0.985,BTCUSDT
2019-03-15,1.015356263137488,0.46,2.5344922522400157,0.005,BTCUSDT
2019-03-16,0.8561641291573459,0.805,1.9639085963654068,0.005,BTCUSDT
2019-03-17,0.8624899358419943,0.81,0.6464897257645064,0.985,BTCUSDT
2019-03-18,1.741681108700401,0.01,2.0367916527527505,0.005,BTCUSDT
2019-03-19,1.458428492565092,0.05,2.1883564571524765,0.005,BTCUSDT
2019-03-20,1.1732507025997247,0.055,1.2883046918433614,0.01,BTCUSDT
2019-03-21,0.4533209477142805,1.0,0.7745333972352748,0.795,BTCUSDT
2019-03-22,1.8584065595716512,0.005,1.7512720076005353,0.01,BTCUSDT
2019-03-23,1.128129459743937,0.225,1.5174372519311272,0.03,BTCUSDT
2019-03-24,0.919685535789825,0.63,0.8392806153308515,0.745,BTCUSDT
2019-03-25,1.0521773950067108,0.35,1.0286558120001783,0.465,BTCUSDT
2019-03-26,0.9153822284378528,0.59,1.1567356846146055,0.24,BTCUSDT
2019-03-27,0.8283549459969627,0.78,1.1100881250006722,0.33,BTCUSDT
2019-03-28,1.205102878571198,0.21,1.7297201652702408,0.01,BTCUSDT
2019-03-29,1.6854746199120183,0.015,1.565345352154032,0.025,BTCUSDT
2019-03-30,0.8262629387340056,0.745,1.538724326258939,0.065,BTCUSDT
2019-03-31,1.6426739450511845,0.03,1.6371550534442398,0.025,BTCUSDT
2019-04-01,1.5605786542103173,0.005,2.208593452691636,0.005,BTCUSDT
2019-04-02,1.293678291674352,0.15,4.50872432524599,0.005,BTCUSDT
2019-04-03,1.5153513605155375,0.005,0.7332470808575032,0.965,BTCUSDT
2019-04-04,1.927542457204296,0.005,3.3028426581510244,0.005,BTCUSDT
2019-04-05,0.748037975952936,0.975,0.9150653429611408,0.67,BTCUSDT
2019-04-06,1.4365270179994931,0.02,1.900557030354616,0.005,BTCUSDT
2019-04-07,0.8244689896125121,0.795,1.6719723460010645,0.005,BTCUSDT
2019-04-08,1.517477927193459,0.02,1.5501483867038444,0.01,BTCUSDT
2019-04-09,1.6627952112217903,0.005,2.165105290358812,0.005,BTCUSDT
2019-04-10,1.1216266916145798,0.325,0.7257876008640295,0.885,BTCUSDT
2019-04-11,0.5383220331760662,1.0,1.0701583775510883,0.36,BTCUSDT
2019-04-12,1.682498435027801,0.005,2.1403353169555244,0.005,BTCUSDT
2019-04-13,2.3168242921640467,0.005,2.8438533366717995,0.005,BTCUSDT
2019-04-14,0.6244899964620394,0.985,0.8234105329363112,0.755,BTCUSDT
2019-04-15,0.6153895982644921,0.99,0.5254164182738517,1.0,BTCUSDT
2019-04-16,1.2328544996575763,0.13,1.0216065063897746,0.435,BTCUSDT
2019-04-17,1.4244773164537468,0.02,1.797079686148859,0.005,BTCUSDT
2019-04-18,0.7247461695362908,0.855,0.592376091816714,0.96,BTCUSDT
2019-04-19,1.334145595862825,0.105,1.6311778544176454,0.015,BTCUSDT
2019-04-20,1.1121274170752042,0.17,1.1814267797011957,0.145,BTCUSDT
2019-04-21,1.5183436302279942,0.01,1.5786333068361833,0.01,BTCUSDT
2019-04-22,0.9216096100899444,0.64,1.3668667116437057,0.075,BTCUSDT
2019-04-23,1.0094184957153456,0.475,0.5550557251053699,0.985,BTCUSDT
2019-04-24,0.8293356357493046,0.785,1.1487552335578306,0.3,BTCUSDT
2019-04-25,0.7324168832596241,0.885,0.7852394596232581,0.8,BTCUSDT
2019-04-26,1.2755264529525647,0.05,1.3079386965544362,0.025,BTCUSDT
2019-04-27,0.7851589844670335,0.925,0.5381322368936352,0.975,BTCUSDT
2019-04-28,1.4434051813751108,0.005,1.9786524875827385,0.005,BTCUSDT
2019-04-29,1.2890863262480818,0.05,1.1385997933105845,0.235,BTCUSDT
2019-04-30,1.1937842699131676,0.13,1.479496855826264,0.005,BTCUSDT
2019-05-01,0.5302370061440452,0.995,0.7293245448228451,0.925,BTCUSDT
2019-05-02,1.2894254927604898,0.065,0.909037407304679,0.66,BTCUSDT
2019-05-03,1.542273730252136,0.01,1.9754192008531848,0.005,BTCUSDT
2019-05-04,1.1890337907551043,0.23,1.2640933027560126,0.09,BTCUSDT
2019-05-05,1.4217607538168513,0.065,1.7247629398980104,0.005,BTCUSDT
2019-05-06,0.9286553664931654,0.675,0.9203323635293952,0.725,BTCUSDT
2019-05-07,1.0463214048302136,0.415,1.6803591757607823,0.005,BTCUSDT
2019-05-08,1.694169109332022,0.025,2.26207637645841,0.005,BTCUSDT
2019-05-09,1.3573946449085856,0.01,1.725272566978816,0.015,BTCUSDT
2019-05-10,1.5088888008356929,0.015,3.065093917761714,0.005,BTCUSDT
2019-05-11,1.9010937094432272,0.005,2.7210840239679923,0.005,BTCUSDT
2019-05-12,1.749901020513649,0.01,2.308252142773861,0.005,BTCUSDT
2019-05-13,1.3872676260065715,0.01,1.9851244122080396,0.005,BTCUSDT
2019-05-14,2.4302159955098714,0.005,3.3442719806366457,0.005,BTCUSDT
2019-05-15,1.0040932868345671,0.49,2.07401236284749,0.01,BTCUSDT
2019-05-16,2.10558476743735,0.005,3.709712646681415,0.005,BTCUSDT
2019-05-17,1.712401145799512,0.005,3.239148652494582,0.005,BTCUSDT
2019-05-18,1.6501493962279603,0.01,2.539179672887897,0.005,BTCUSDT
2019-05-19,2.34440675258151,0.005,3.0336302813976506,0.005,BTCUSDT
2019-05-20,2.2383858609260376,0.005,3.398389146880014,0.005,BTCUSDT
2019-05-21,1.7926341443100544,0.005,2.157752887321259,0.005,BTCUSDT
2019-05-22,1.223728025771163,0.055,1.4785598971206424,0.005,BTCUSDT
2019-05-23,1.6081702912412672,0.005,1.2931758235705466,0.005,BTCUSDT
2019-05-24,1.75119545979921,0.005,3.5687810204754835,0.005,BTCUSDT
2019-05-25,1.3010715006490174,0.15,1.4911758336598135,0.01,BTCUSDT
2019-05-26,1.3686321868737594,0.02,1.3695947751508104,0.03,BTCUSDT
2019-05-27,1.4468593482298664,0.035,2.001008487458328,0.005,BTCUSDT
2019-05-28,1.56976360004001,0.01,2.0119795514251293,0.01,BTCUSDT
2019-05-29,1.0987778154869792,0.215,1.6335716962227498,0.02,BTCUSDT
2019-05-30,0.5513049015870397,0.98,1.1936362823565196,0.165,BTCUSDT
2019-05-31,2.3687965582686634,0.005,3.2855093363669563,0.005,BTCUSDT
2019-06-01,1.9029668915318745,0.005,2.0824342197929773,0.005,BTCUSDT
2019-06-02,2.124493087491838,0.005,2.202600131721057,0.005,BTCUSDT
2019-06-03,0.6447082752243761,0.98,0.8544361294713124,0.825,BTCUSDT
2019-06-04,2.5610188506120632,0.005,2.5958752223037145,0.005,BTCUSDT
2019-06-05,2.5097815655301225,0.005,4.429296062909702,0.005,BTCUSDT
2019-06-06,1.5633260450650677,0.015,2.0283323832567755,0.005,BTCUSDT
2019-06-07,1.495485826221659,0.005,1.655628181070117,0.005,BTCUSDT
2019-06-08,0.927476022676732,0.72,1.2050120634387724,0.155,BTCUSDT
2019-06-09,1.2627445114006466,0.04,1.1564628775158257,0.135,BTCUSDT
2019-06-10,1.0997437450908434,0.245,1.5210190383747315,0.005,BTCUSDT
2019-06-11,1.0472966148809753,0.405,1.3077746855188392,0.035,BTCUSDT
2019-06-12,0.903238495076894,0.695,1.017260967276282,0.435,BTCUSDT
2019-06-13,0.9609382241801476,0.625,1.084091017011444,0.24,BTCUSDT
2019-06-14,0.8608036248572531,0.755,1.120842878014184,0.295,BTCUSDT
2019-06-15,1.4862018474251024,0.01,2.6359515108217586,0.005,BTCUSDT
2019-06-16,1.567041941374455,0.025,2.270796679717773,0.005,BTCUSDT
2019-06-17,0.9725989986705164,0.495,1.453066657377481,0.025,BTCUSDT
2019-06-18,1.9507613074744592,0.005,2.5751711571057347,0.005,BTCUSDT
2019-06-19,2.16049042791768,0.005,2.0259404328943624,0.005,BTCUSDT
2019-06-20,1.16276379820662,0.015,1.5074478549069648,0.005,BTCUSDT
2019-06-21,1.66842931706568,0.005,2.253321900002553,0.005,BTCUSDT
2019-06-22,2.285629705404548,0.005,3.2720025994882054,0.005,BTCUSDT
2019-06-23,1.3091825816779463,0.055,2.02277496563055,0.005,BTCUSDT
2019-06-24,1.128926761055021,0.28,1.4233072256969252,0.015,BTCUSDT
2019-06-25,2.050941858318439,0.005,2.286143560245912,0.005,BTCUSDT
2019-06-26,1.2871258666060297,0.005,1.0909125868229683,0.29,BTCUSDT
2019-06-27,1.613106176184247,0.005,3.886328883751608,0.005,BTCUSDT
2019-06-28,2.3685596639503204,0.005,3.1932409543463685,0.005,BTCUSDT
2019-06-29,0.8692712695326074,0.705,1.176828287841049,0.21,BTCUSDT
2019-06-30,1.7967429511179176,0.005,3.215126955479973,0.005,BTCUSDT
2019-07-01,2.0067338573884754,0.005,2.972270016248725,0.005,BTCUSDT
2019-07-02,2.2673474736461565,0.005,2.9274672457546096,0.005,BTCUSDT
2019-07-03,1.889546397777345,0.005,4.730453458770136,0.005,BTCUSDT
2019-07-04,2.8461464460095294,0.005,3.29877321884407,0.005,BTCUSDT
2019-07-05,1.7699208390028467,0.005,2.77353475794611,0.005,BTCUSDT
2019-07-06,1.2236645072857744,0.005,1.7730647079103916,0.005,BTCUSDT
2019-07-07,1.9289914674509268,0.005,2.243556361201416,0.005,BTCUSDT
2019-07-08,1.2596835436497045,0.005,1.6131678668405776,0.005,BTCUSDT
2019-07-09,0.9498301921608328,0.63,1.6096528596228596,0.05,BTCUSDT
2019-07-10,3.105965575292836,0.005,3.945924376735917,0.005,BTCUSDT
2019-07-11,1.2332306918501426,0.18,1.6861102055017672,0.01,BTCUSDT
2019-07-12,0.9900648187265244,0.485,1.0449918135351473,0.41,BTCUSDT
2019-07-13,1.6370895961136631,0.005,1.6391090483430495,0.02,BTCUSDT
2019-07-14,2.033926658965665,0.005,3.289910748376172,0.005,BTCUSDT
2019-07-15,1.85803030550772,0.005,1.704998346299086,0.005,BTCUSDT
2019-07-16,1.810180828079064,0.005,2.197300346661021,0.005,BTCUSDT
2019-07-17,2.194909865003661,0.005,1.6905562577312994,0.005,BTCUSDT
2019-07-18,1.698116953733022,0.02,3.262884033952278,0.005,BTCUSDT
2019-07-19,1.2734752549761528,0.15,1.29323786909121,0.165,BTCUSDT
2019-07-20,1.0572301152914991,0.365,1.2421513164238989,0.105,BTCUSDT
2019-07-21,1.6656391357675688,0.005,2.1708946225173262,0.005,BTCUSDT
2019-07-22,1.425756966929146,0.01,1.53772317272046,0.005,BTCUSDT
2019-07-23,1.040955405855409,0.39,1.4155005771641551,0.005,BTCUSDT
2019-07-24,1.278087127818084,0.025,1.6946713628684789,0.005,BTCUSDT
2019-07-25,0.9603876292208148,0.6,1.0184813312850471,0.495,BTCUSDT
2019-07-26,1.3968634514702756,0.03,1.6122243925821638,0.005,BTCUSDT
2019-07-27,2.042982437994866,0.005,1.7770341162635472,0.005,BTCUSDT
2019-07-28,0.5250241204320619,1.0,0.7450592591683121,0.965,BTCUSDT
2019-07-29,1.323134021403728,0.025,1.7945226381757786,0.005,BTCUSDT
2019-07-30,1.5433374916037137,0.01,1.935673653833132,0.005,BTCUSDT
2019-07-31,1.2197163226447798,0.06,1.3418044694912157,0.01,BTCUSDT
2019-08-01,1.1468862041401375,0.07,2.249488918963768,0.005,BTCUSDT
2019-08-02,0.6016916832064142,0.97,1.059110693460726,0.395,BTCUSDT
2019-08-03,1.3467500715680056,0.04,1.512572843109684,0.005,BTCUSDT
2019-08-04,1.1476077695636038,0.135,1.6749750617210706,0.005,BTCUSDT
2019-08-05,1.5323663171529334,0.005,1.4792915530739488,0.005,BTCUSDT
2019-08-06,1.2206479035662483,0.165,2.1686961549398758,0.005,BTCUSDT
2019-08-07,2.432173573535181,0.005,2.704795061099788,0.005,BTCUSDT
2019-08-08,1.8747460573291796,0.005,2.1785567574262203,0.005,BTCUSDT
2019-08-09,1.848214344986571,0.005,1.702553459087946,0.005,BTCUSDT
2019-08-10,1.3325823408791166,0.08,1.984325990283496,0.005,BTCUSDT
2019-08-11,0.8348685317998534,0.85,0.8784553506978567,0.835,BTCUSDT
2019-08-12,1.3893188217145112,0.015,1.2973815619493183,0.09,BTCUSDT
2019-08-13,1.9564224953379807,0.005,1.8405138589357228,0.005,BTCUSDT
2019-08-14,1.1264469473525536,0.255,1.3787740710544636,0.035,BTCUSDT
2019-08-15,1.289744619327707,0.195,1.344717709123885,0.01,BTCUSDT
2019-08-16,1.881717608279652,0.005,2.00905706033856,0.005,BTCUSDT
2019-08-17,1.4473481189079274,0.015,1.8226478740908891,0.005,BTCUSDT
2019-08-18,1.307112113135095,0.005,1.5901608359045798,0.005,BTCUSDT
2019-08-19,1.1427752304699372,0.27,1.0885585999440643,0.26,BTCUSDT
2019-08-20,1.2360073002802254,0.1,1.3072197643200656,0.03,BTCUSDT
2019-08-21,1.4829403113468709,0.03,1.5712238594032866,0.005,BTCUSDT
2019-08-22,0.8507274548151331,0.745,0.7734001812509826,0.88,BTCUSDT
2019-08-23,1.3048408615650915,0.09,1.0085271419173016,0.465,BTCUSDT
2019-08-24,1.3891143787127258,0.03,1.0374125553848934,0.435,BTCUSDT
2019-08-25,1.0385665209964987,0.42,0.824170767934587,0.905,BTCUSDT
2019-08-26,1.6318464077504953,0.005,1.525800573975027,0.005,BTCUSDT
2019-08-27,1.209679837112275,0.035,1.354622315185526,0.005,BTCUSDT
2019-08-28,0.6148590405448966,0.975,0.6710820730647855,0.975,BTCUSDT
2019-08-29,1.0850948467783783,0.255,1.5155170989969786,0.005,BTCUSDT
2019-08-30,1.3499405730539995,0.015,1.531875928743877,0.005,BTCUSDT
2019-08-31,0.9412763526880162,0.645,1.0760120357769445,0.32,BTCUSDT
2019-09-01,1.1462871591648884,0.195,1.2404992993613262,0.1,BTCUSDT
2019-09-02,1.930928784081589,0.005,1.635931775625834,0.005,BTCUSDT
2019-09-03,1.766105630336321,0.005,1.3161515213486514,0.085,BTCUSDT
2019-09-04,1.503675435810417,0.035,1.1962424356211794,0.115,BTCUSDT
2019-09-05,0.1638868516566432,0.995,1.6423625151636796,0.06,BTCUSDT
2019-09-06,0.9182275797076638,0.61,1.2092803892859834,0.175,BTCUSDT
2019-09-07,1.5840517171770112,0.005,2.4178605217835925,0.005,BTCUSDT
2019-09-08,0.466986454594123,0.995,0.6805977519969816,0.93,BTCUSDT
2019-09-09,1.8642824930889657,0.005,1.7868936444386236,0.005,BTCUSDT
2019-09-10,1.0799589513357284,0.31,1.164169245690784,0.075,BTCUSDT
2019-09-11,1.174896574015361,0.135,1.3351836092953164,0.065,BTCUSDT
2019-09-12,1.5403522132443828,0.01,1.7564592404420916,0.005,BTCUSDT
2019-09-13,2.159960434084508,0.005,2.87016691928216,0.005,BTCUSDT
2019-09-14,1.2861378870184554,0.065,1.0896473491327563,0.205,BTCUSDT
2019-09-15,1.1091947289814412,0.29,1.0387399024158552,0.41,BTCUSDT
2019-09-16,0.7926509942043483,0.925,0.6953331365857391,0.995,BTCUSDT
2019-09-17,1.273207008056297,0.055,1.4665946528718024,0.005,BTCUSDT
2019-09-18,0.9300011327154208,0.645,0.922062542582367,0.665,BTCUSDT
2019-09-19,1.1003962086015249,0.27,1.2406160187353472,0.135,BTCUSDT
2019-09-20,1.584945521915197,0.005,1.7711685216428612,0.005,BTCUSDT
2019-09-21,0.6527825292294632,0.975,0.6679870041745478,0.96,BTCUSDT
2019-09-22,0.7784387849102965,0.97,0.6051628682174721,0.975,BTCUSDT
2019-09-23,0.8790450993211841,0.75,1.077083374853918,0.315,BTCUSDT
2019-09-24,1.3115456418981628,0.095,1.0440613917002135,0.4,BTCUSDT
2019-09-25,1.4205486776151168,0.005,2.126294578928423,0.005,BTCUSDT
2019-09-26,0.2827938457809525,1.0,0.4298962441142871,1.0,BTCUSDT
2019-09-27,1.0613627318791,0.38,1.3857987138130463,0.065,BTCUSDT
2019-09-28,0.8806056627172508,0.625,0.6012032544084969,0.97,BTCUSDT
2019-09-29,0.8438148531513967,0.82,0.8463374011396492,0.825,BTCUSDT
2019-09-30,1.706576547774189,0.005,1.8965877088114025,0.005,BTCUSDT
2019-10-01,1.2735359166982767,0.04,1.169628000512322,0.185,BTCUSDT
2019-10-02,0.7295197035068026,0.985,1.1155002578576612,0.295,BTCUSDT
2019-10-03,0.9226290838298178,0.645,2.3140647389951297,0.005,BTCUSDT
2019-10-04,1.2039114414335848,0.125,1.494312268632276,0.005,BTCUSDT
2019-10-05,1.2065206695234618,0.015,1.163005931603661,0.13,BTCUSDT
2019-10-06,0.8388121970775277,0.82,0.7183825716844309,0.95,BTCUSDT
2019-10-07,1.0180031295227343,0.42,2.632404960530701,0.005,BTCUSDT
2019-10-08,1.6251295188336057,0.005,1.851496143341677,0.005,BTCUSDT
2019-10-09,0.8309191889925699,0.84,1.037901988946983,0.415,BTCUSDT
2019-10-10,1.5166953131446783,0.005,1.0023798257625267,0.51,BTCUSDT
2019-10-11,0.8065302922970203,0.825,0.83440175626148,0.77,BTCUSDT
2019-10-12,1.867107082923138,0.005,1.7820472949129564,0.005,BTCUSDT
2019-10-13,0.9337477659284196,0.625,0.2888438016436792,1.0,BTCUSDT
2019-10-14,2.043339619107996,0.005,3.316890749796856,0.005,BTCUSDT
2019-10-15,0.890339259701343,0.675,2.046028551426452,0.005,BTCUSDT
2019-10-16,0.4079708234344646,1.0,0.585084918270536,0.985,BTCUSDT
2019-10-17,1.2331839587561224,0.105,1.422561572839596,0.01,BTCUSDT
2019-10-18,0.7445983819089501,0.845,0.9873059765123324,0.555,BTCUSDT
2019-10-19,0.9777150110787974,0.58,1.7169226810382292,0.005,BTCUSDT
2019-10-20,1.0036290376605592,0.485,1.0813535675282546,0.225,BTCUSDT
2019-10-21,0.1876992610147745,1.0,0.77222688625804,0.815,BTCUSDT
2019-10-22,0.8352481745177432,0.795,0.6657356181732556,0.98,BTCUSDT
2019-10-23,0.3335598556119156,1.0,0.3890809078962326,0.995,BTCUSDT
2019-10-24,0.8562981945465266,0.81,3.1461962350062183,0.005,BTCUSDT
2019-10-25,0.8161706668832264,0.74,1.708238796402543,0.03,BTCUSDT
2019-10-26,0.317097447100302,1.0,0.937228324164212,0.595,BTCUSDT
2019-10-27,1.928690606001792,0.005,2.170835390977767,0.005,BTCUSDT
2019-10-28,0.8745445279183633,0.72,0.5964245737250795,0.94,BTCUSDT
2019-10-29,1.005250436725712,0.48,1.3992091424810005,0.065,BTCUSDT
2019-10-30,1.4182162088337251,0.005,1.3728688662338506,0.005,BTCUSDT
2019-10-31,0.7971615489039489,0.885,0.7787764087688995,0.885,BTCUSDT
2019-11-01,1.31568642049154,0.045,1.3826649235037478,0.08,BTCUSDT
2019-11-02,1.053384457763075,0.415,1.6159759279462254,0.005,BTCUSDT
2019-11-03,0.4979953552458133,0.995,0.8554468467953935,0.715,BTCUSDT
2019-11-04,1.0365631836694298,0.425,0.7527923457425292,0.91,BTCUSDT
2019-11-05,1.0442892523816327,0.405,2.238163109017051,0.005,BTCUSDT
2019-11-06,1.6070318552857714,0.01,2.1846457489274345,0.005,BTCUSDT
2019-11-07,1.201611567810318,0.18,1.5341003222029894,0.005,BTCUSDT
2019-11-08,0.5426689708906386,1.0,0.7382990525262418,0.92,BTCUSDT
2019-11-09,1.420761334347437,0.02,1.800917501299771,0.005,BTCUSDT
2019-11-10,0.4700794297397899,1.0,0.3765326628893521,0.99,BTCUSDT
2019-11-11,0.5445516232770002,0.975,0.943469564638019,0.64,BTCUSDT
2019-11-12,0.7947476050880133,0.9,1.4479274504667778,0.035,BTCUSDT
2019-11-13,0.6580008444370088,0.94,0.3993076545232664,0.995,BTCUSDT
2019-11-14,1.025709395575653,0.455,1.55795821316026,0.025,BTCUSDT
2019-11-15,0.8874516929210333,0.825,1.0499502895959398,0.405,BTCUSDT
2019-11-16,0.931365756918235,0.695,1.3899648415185053,0.08,BTCUSDT
2019-11-17,1.1128884773229877,0.325,0.9466925262523314,0.57,BTCUSDT
2018-04-06,1.9099619750668544,0.05,2.371085340265831,0.015,BNBUSDT
2018-04-07,1.0347180429458454,0.425,0.972113357213795,0.515,BNBUSDT
2018-04-08,1.0269420412903156,0.425,0.7093787616932906,0.825,BNBUSDT
2018-04-09,1.3160676692492193,0.13,1.7016628889203227,0.03,BNBUSDT
2018-04-10,5.511560102543848,0.005,3.086116968351341,0.005,BNBUSDT
2018-04-11,0.99346535805244,0.545,1.8636437949935645,0.005,BNBUSDT
2018-04-12,0.6733473816184661,0.915,0.9613113534145468,0.54,BNBUSDT
2018-04-13,0.8108567204895022,0.88,1.1693424502850611,0.265,BNBUSDT
2018-04-14,1.3682115767544514,0.045,1.8891192811990336,0.005,BNBUSDT
2018-04-15,1.1867805281282937,0.105,1.526452221734673,0.035,BNBUSDT
2018-04-16,0.5834221348010519,0.98,1.0576025661782862,0.365,BNBUSDT
2018-04-17,1.5962877747874948,0.025,1.5860601559248135,0.015,BNBUSDT
2018-04-18,0.8752612018967166,0.665,0.9456178919771456,0.56,BNBUSDT
2018-04-19,1.086119060016374,0.34,1.5070794068627746,0.05,BNBUSDT
2018-04-20,1.7130935613304084,0.005,1.8971177255584863,0.005,BNBUSDT
2018-04-21,0.7814460503742917,0.845,0.8757574842977704,0.785,BNBUSDT
2018-04-22,1.5879404811361066,0.015,1.2093206799537315,0.17,BNBUSDT
2018-04-23,1.1937381447877409,0.23,0.5666345838372538,0.97,BNBUSDT
2018-04-24,1.791034362438266,0.01,1.9197503987504376,0.005,BNBUSDT
2018-04-25,2.4362083024362824,0.005,3.281107729308612,0.005,BNBUSDT
2018-04-26,1.352637813283798,0.05,1.6701569049040532,0.015,BNBUSDT
2018-04-27,0.7549433174791125,0.9,0.9661781309730268,0.635,BNBUSDT
2018-04-28,2.07666371806188,0.005,1.8600543543640649,0.01,BNBUSDT
2018-04-29,1.0762297079121623,0.36,1.2417540033706005,0.185,BNBUSDT
2018-04-30,1.6045294601677915,0.01,1.6988318378480276,0.005,BNBUSDT
2018-05-01,1.221320360216429,0.22,1.4463585373365089,0.055,BNBUSDT
2018-05-02,1.5945167032245828,0.005,1.673229451389233,0.005,BNBUSDT
2018-05-03,2.025500771611651,0.005,0.9891093908474063,0.51,BNBUSDT
2018-05-04,1.0745198975974406,0.355,2.127777955531042,0.005,BNBUSDT
2018-05-05,1.165544522943303,0.245,1.2252006336128336,0.105,BNBUSDT
2018-05-06,0.8160076197559203,0.795,1.26053103750894,0.115,BNBUSDT
2018-05-07,1.0113578306690791,0.45,1.6371179513686116,0.03,BNBUSDT
2018-05-08,1.2753887430567008,0.075,1.553442982703485,0.02,BNBUSDT
2018-05-09,1.257877152254589,0.165,0.9092344564732072,0.62,BNBUSDT
2018-05-10,1.10982632989425,0.27,1.2641200081769863,0.155,BNBUSDT
2018-05-11,1.2169581849816402,0.11,1.3147224361152698,0.095,BNBUSDT
2018-05-12,0.8110897754131038,0.84,1.2934150135920963,0.09,BNBUSDT
2018-05-13,0.9524205113452192,0.765,0.812596887602299,0.85,BNBUSDT
2018-05-14,1.072522155661784,0.34,1.4374573731977736,0.02,BNBUSDT
2018-05-15,3.76879461862302,0.005,4.028252599039416,0.005,BNBUSDT
2018-05-16,0.904478538108969,0.605,1.4809841591917492,0.02,BNBUSDT
2018-05-17,1.3362273694138496,0.005,2.3202195378573824,0.005,BNBUSDT
2018-05-18,1.1065429468368615,0.295,1.3524963704334398,0.07,BNBUSDT
2018-05-19,1.038357428518207,0.41,1.104459381767792,0.24,BNBUSDT
2018-05-20,1.2754977838774544,0.015,1.0349353444973644,0.415,BNBUSDT
2018-05-21,1.4226665596769383,0.07,1.7425003087477473,0.01,BNBUSDT
2018-05-22,1.3410755335636435,0.035,1.6363516555339197,0.025,BNBUSDT
2018-05-23,1.3694143054926915,0.02,1.855747393534196,0.005,BNBUSDT
2018-05-24,2.052963181868278,0.005,1.5856008904397425,0.04,BNBUSDT
2018-05-25,1.0012545531296095,0.475,1.205954495511746,0.235,BNBUSDT
2018-05-26,1.0911773040057893,0.34,1.943256307137074,0.005,BNBUSDT
2018-05-27,0.9982580144989064,0.57,1.1888638248720071,0.24,BNBUSDT
2018-05-28,1.094518551579922,0.32,1.8596299862625136,0.005,BNBUSDT
2018-05-29,2.1057233418941634,0.005,2.075028007799193,0.005,BNBUSDT
2018-05-30,1.904465957258952,0.005,2.4081051092613097,0.005,BNBUSDT
2018-05-31,1.5314384752010444,0.005,1.51636741879285,0.03,BNBUSDT
2018-06-01,1.5947789741480825,0.03,1.596173299920712,0.02,BNBUSDT
2018-06-02,0.794090004218975,0.77,0.947853726320138,0.585,BNBUSDT
2018-06-03,1.3232026523377447,0.12,1.294278123911173,0.04,BNBUSDT
2018-06-04,1.1151363109773882,0.295,0.9965879788935748,0.49,BNBUSDT
2018-06-05,1.2688056438849555,0.08,1.6520514075209325,0.02,BNBUSDT
2018-06-06,0.8861424711590934,0.725,1.736613317030604,0.015,BNBUSDT
2018-06-07,1.0591144148256482,0.32,1.3003016541708472,0.145,BNBUSDT
2018-06-08,1.4101523232423865,0.01,1.239567587019874,0.215,BNBUSDT
2018-06-09,1.353361211313886,0.045,2.1011032640019125,0.005,BNBUSDT
2018-06-10,1.4986658523135203,0.01,1.3623661794394428,0.015,BNBUSDT
2018-06-11,0.9909293301035124,0.49,1.7438115844931288,0.005,BNBUSDT
2018-06-12,1.1586980985580986,0.12,1.558254771093054,0.05,BNBUSDT
2018-06-13,1.4156158596716724,0.01,2.360558953335517,0.005,BNBUSDT
2018-06-14,1.0479656341864652,0.38,0.975613598245932,0.5,BNBUSDT
2018-06-15,1.6427935403475014,0.015,1.6242747471217232,0.02,BNBUSDT
2018-06-16,0.928532645593887,0.74,0.8175587432022265,0.87,BNBUSDT
2018-06-17,1.223882261985401,0.01,1.7071658316236973,0.005,BNBUSDT
2018-06-18,0.6620593358740566,0.96,1.011708433053386,0.445,BNBUSDT
2018-06-19,1.182434067395421,0.06,1.697819952842496,0.01,BNBUSDT
2018-06-20,1.1404924473851872,0.19,1.3478130911564308,0.08,BNBUSDT
2018-06-21,1.4167663125976877,0.05,2.1066518471227345,0.005,BNBUSDT
2018-06-22,1.3053912651117796,0.115,1.522442935305864,0.005,BNBUSDT
2018-06-23,1.900913664819176,0.005,1.2219307317377262,0.12,BNBUSDT
2018-06-24,1.1399501560870011,0.175,1.1627326851431512,0.13,BNBUSDT
2018-06-25,1.0383294228098918,0.36,1.035419130526768,0.38,BNBUSDT
2018-06-26,0.9749665688006722,0.6,2.463567280058838,0.005,BNBUSDT
2018-06-27,1.0229260952166848,0.34,1.1040662577570928,0.12,BNBUSDT
2018-06-28,0.9070921125337432,0.825,1.055541208722154,0.235,BNBUSDT
2018-06-29,1.107909729712238,0.14,2.705076201734387,0.005,BNBUSDT
2018-06-30,2.107943697492078,0.005,1.6971872853919692,0.01,BNBUSDT
2018-07-01,1.5882039138006707,0.005,1.7051184794406316,0.005,BNBUSDT
2018-07-02,0.922446952128293,0.59,1.5114510955801383,0.04,BNBUSDT
2018-07-03,1.4994985805687353,0.005,2.073202844219439,0.005,BNBUSDT
2018-07-04,0.8699862139693405,0.695,1.508812571616423,0.055,BNBUSDT
2018-07-05,0.9165390739382052,0.72,0.8283556526996766,0.705,BNBUSDT
2018-07-06,1.307342522659199,0.05,1.2710099039037863,0.15,BNBUSDT
2018-07-07,1.358816938245711,0.045,1.7782052360056952,0.005,BNBUSDT
2018-07-08,1.6062247495891342,0.01,1.8961043408465224,0.005,BNBUSDT
2018-07-09,0.6964903779051841,0.93,1.068343649951404,0.385,BNBUSDT
2018-07-10,1.2465259229643253,0.13,1.5303557302909725,0.03,BNBUSDT
2018-07-11,1.292822126872588,0.04,1.159093591616852,0.21,BNBUSDT
2018-07-12,0.9885627718846944,0.525,0.8145972347038992,0.795,BNBUSDT
2018-07-13,0.9835010029420485,0.52,1.6294046533173772,0.03,BNBUSDT
2018-07-14,0.8687294703102613,0.7,0.7908146930087167,0.73,BNBUSDT
2018-07-15,1.8249400327766765,0.005,2.47064534638044,0.005,BNBUSDT
2018-07-16,0.9929982307537089,0.52,1.6351488903340945,0.025,BNBUSDT
2018-07-17,1.1033586547024803,0.285,2.3336522208343915,0.005,BNBUSDT
2018-07-18,0.9281313895929796,0.65,1.3271351435598246,0.11,BNBUSDT
2018-07-19,1.4019295925738864,0.06,1.6705760943376262,0.01,BNBUSDT
2018-07-20,0.8803046111556344,0.78,1.4516014105764703,0.01,BNBUSDT
2018-07-21,1.314124594489939,0.01,1.2903502653946135,0.105,BNBUSDT
2018-07-22,1.2491180010092022,0.145,1.4748865249500047,0.085,BNBUSDT
2018-07-23,1.1001269398658782,0.235,1.2904106425346626,0.16,BNBUSDT
2018-07-24,0.974973710793219,0.53,1.8319142103972048,0.01,BNBUSDT
2018-07-25,1.3558199097617374,0.025,1.5652942887014214,0.03,BNBUSDT
2018-07-26,1.2468375001938468,0.07,1.2757935608234274,0.17,BNBUSDT
2018-07-27,1.542300140603851,0.005,1.905124117377244,0.01,BNBUSDT
2018-07-28,0.9952232463995184,0.525,1.3010917213667434,0.09,BNBUSDT
2018-07-29,2.153586269620055,0.005,1.811358163536329,0.01,BNBUSDT
2018-07-30,1.1534980789047564,0.07,1.2949094873413332,0.125,BNBUSDT
2018-07-31,0.9506485338564968,0.66,0.7110057819620589,0.94,BNBUSDT
2018-08-01,0.6503059228597924,0.98,1.271486687245183,0.185,BNBUSDT
2018-08-02,1.368052736232562,0.05,2.154094444637612,0.005,BNBUSDT
2018-08-03,1.01543969222902,0.43,1.190144217155092,0.245,BNBUSDT
2018-08-04,1.3881251289250234,0.055,1.1446446564795778,0.26,BNBUSDT
2018-08-05,0.6349476942399324,0.94,1.1876208855022818,0.22,BNBUSDT
2018-08-06,0.8913840949922887,0.67,1.4843223063982234,0.005,BNBUSDT
2018-08-07,1.2156575768445992,0.13,0.9840722106913372,0.47,BNBUSDT
2018-08-08,1.1100958401697634,0.225,1.5516596372864928,0.01,BNBUSDT
2018-08-09,0.7644000682238062,0.975,0.9425074058713656,0.685,BNBUSDT
2018-08-10,1.0099640082594838,0.5,1.0886748532349988,0.35,BNBUSDT
2018-08-11,0.9798664814621328,0.545,1.6026752613687136,0.03,BNBUSDT
2018-08-12,0.963583288018538,0.825,1.280240758411502,0.005,BNBUSDT
2018-08-13,0.4780419579184813,1.0,0.9150793766560248,0.595,BNBUSDT
2018-08-14,0.5521054124134941,1.0,0.6755727248616684,0.98,BNBUSDT
2018-08-15,0.8866271239748876,0.77,1.068448810632714,0.3,BNBUSDT
2018-08-16,1.6453997928147668,0.025,1.45657231533613,0.085,BNBUSDT
2018-08-17,0.5803479984404987,0.965,0.7431601153165093,0.815,BNBUSDT
2018-08-18,1.0404477812506925,0.395,1.1831204057950977,0.185,BNBUSDT
2018-08-19,2.0466802410699008,0.005,2.005787672943884,0.005,BNBUSDT
2018-08-20,0.8400808604503074,0.765,0.8516472153743545,0.715,BNBUSDT
2018-08-21,1.1540392087597948,0.26,1.4033617318097895,0.085,BNBUSDT
2018-08-22,1.0659032307727774,0.36,1.4315155958382744,0.085,BNBUSDT
2018-08-23,1.531697263603682,0.005,1.7853237995140527,0.005,BNBUSDT
2018-08-24,1.0459941201532017,0.355,2.1077203553313764,0.005,BNBUSDT
2018-08-25,1.4355184834669803,0.045,1.6990348154197428,0.01,BNBUSDT
2018-08-26,1.0165821951576277,0.44,1.1017950854362226,0.32,BNBUSDT
2018-08-27,1.3290465840196728,0.035,1.3675691778350347,0.085,BNBUSDT
2018-08-28,0.8804661834089055,0.705,1.3182485149825307,0.135,BNBUSDT
2018-08-29,1.0947021534883792,0.305,1.666910816380199,0.005,BNBUSDT
2018-08-30,0.9641386698237564,0.565,0.7819410275496632,0.82,BNBUSDT
2018-08-31,2.0954193762309674,0.005,1.0391573003494594,0.445,BNBUSDT
2018-09-01,1.1578225470161971,0.21,1.539968257725025,0.01,BNBUSDT
2018-09-02,0.9643141150001802,0.55,1.4730778634568005,0.045,BNBUSDT
2018-09-03,0.7688582646445722,0.855,1.0126975742500892,0.455,BNBUSDT
2018-09-04,1.0619544340898004,0.395,1.7279891934701714,0.015,BNBUSDT
2018-09-05,0.7312764631448379,0.985,0.8739899412329598,0.705,BNBUSDT
2018-09-06,1.8766755403177064,0.005,1.4860417253037546,0.045,BNBUSDT
2018-09-07,1.3231527240889265,0.14,1.0620716443605538,0.375,BNBUSDT
2018-09-08,1.3814235367552057,0.03,1.6283842600688474,0.02,BNBUSDT
2018-09-09,0.587949483137321,1.0,0.8111958437186221,0.8,BNBUSDT
2018-09-10,1.0307528874353802,0.445,1.4056762082160712,0.09,BNBUSDT
2018-09-11,1.2430197045161036,0.005,1.8968012547645352,0.005,BNBUSDT
2018-09-12,1.2052163604835728,0.22,1.7802940788965502,0.005,BNBUSDT
2018-09-13,1.3072839429948149,0.005,1.632719167331844,0.005,BNBUSDT
2018-09-14,1.5403790048495836,0.02,2.0072109555512694,0.01,BNBUSDT
2018-09-15,0.832214588908328,0.845,1.30923620501224,0.14,BNBUSDT
2018-09-16,1.6474845510112917,0.005,3.8486113275696554,0.005,BNBUSDT
2018-09-17,0.5607301168576321,0.99,1.587248631358653,0.03,BNBUSDT
2018-09-18,1.7537366394339162,0.005,2.787001697031158,0.005,BNBUSDT
2018-09-19,1.0293044104446432,0.455,1.495192387611799,0.055,BNBUSDT
2018-09-20,1.4830230571896033,0.07,1.2336776393565332,0.21,BNBUSDT
2018-09-21,1.505920299462339,0.02,1.847238508201376,0.005,BNBUSDT
2018-09-22,0.9463822139193538,0.6,1.557564488050032,0.005,BNBUSDT
2018-09-23,1.8071012540135976,0.005,2.5323614746766885,0.005,BNBUSDT
2018-09-24,0.7126753981039768,0.865,1.0458833897469186,0.39,BNBUSDT
2018-09-25,1.2559263816081627,0.085,1.4703422051971593,0.03,BNBUSDT
2018-09-26,1.4654347464897504,0.015,1.601893779081139,0.035,BNBUSDT
2018-09-27,1.3700053221215376,0.07,1.8622493585548163,0.005,BNBUSDT
2018-09-28,1.0844808091428153,0.2,2.013311488112716,0.005,BNBUSDT
2018-09-29,2.3107123950887587,0.005,1.8838129970748767,0.005,BNBUSDT
2018-09-30,2.6656287554911526,0.005,2.833840303936776,0.005,BNBUSDT
2018-10-01,2.9224990867257548,0.005,2.7728931483898918,0.005,BNBUSDT
2018-10-02,1.511146084107595,0.03,2.110821274182383,0.005,BNBUSDT
2018-10-03,1.13423287843454,0.225,1.889090575222318,0.01,BNBUSDT
2018-10-04,1.5979161852361072,0.03,2.2227346707930407,0.005,BNBUSDT
2018-10-05,2.046889385860637,0.005,2.438702182785562,0.005,BNBUSDT
2018-10-06,1.4032938872727887,0.065,1.873270645915794,0.01,BNBUSDT
2018-10-07,2.2370522368159094,0.005,2.690153258116218,0.005,BNBUSDT
2018-10-08,1.7819334691418232,0.005,2.51979708464006,0.005,BNBUSDT
2018-10-09,0.7586744970357305,0.81,0.7026434919031896,0.895,BNBUSDT
2018-10-10,2.3393049173235605,0.005,3.1050759072315746,0.005,BNBUSDT
2018-10-11,1.2776854141216836,0.145,1.9175225060259509,0.005,BNBUSDT
2018-10-12,2.2379500695861134,0.005,3.881864830693115,0.005,BNBUSDT
2018-10-13,1.7507650667439998,0.005,1.800473832277367,0.005,BNBUSDT
2018-10-14,0.9410723909086424,0.585,1.197172868106124,0.165,BNBUSDT
2018-10-15,0.6872282164528998,0.92,0.8516919811113456,0.725,BNBUSDT
2018-10-16,1.78587459881968,0.025,2.9832488416664287,0.005,BNBUSDT
2018-10-17,3.115024720831148,0.005,2.44671123021579,0.005,BNBUSDT
2018-10-18,2.330627784956645,0.005,3.4335224377929427,0.005,BNBUSDT
2018-10-19,3.1561269714835003,0.005,5.100176741660995,0.005,BNBUSDT
2018-10-20,4.416517653997534,0.005,4.732641670848671,0.005,BNBUSDT
2018-10-21,1.7486092359734131,0.015,2.583814688601777,0.005,BNBUSDT
2018-10-22,2.2144178175321865,0.005,2.308040021258813,0.005,BNBUSDT
2018-10-23,0.8666101660848856,0.64,2.0637410426440024,0.005,BNBUSDT
2018-10-24,2.790309279129823,0.005,2.4143255628634157,0.005,BNBUSDT
2018-10-25,2.40020743778916,0.005,4.163581862743557,0.005,BNBUSDT
2018-10-26,5.751759717586669,0.005,5.559043140442927,0.005,BNBUSDT
2018-10-27,0.709033393833433,0.915,2.154501605935906,0.01,BNBUSDT
2018-10-28,1.29645328181638,0.09,3.4275919111048654,0.005,BNBUSDT
2018-10-29,1.2044288896018136,0.18,1.877164437299946,0.005,BNBUSDT
2018-10-30,2.087718500118908,0.005,2.2655288619252274,0.005,BNBUSDT
2018-10-31,1.7046049861553978,0.005,2.852115873368941,0.005,BNBUSDT
2018-11-01,2.2344454116673256,0.005,2.58495929936918,0.005,BNBUSDT
2018-11-02,1.1858348401751548,0.13,1.3644985012495816,0.09,BNBUSDT
2018-11-03,0.9769671487614028,0.53,3.414122558945585,0.005,BNBUSDT
2018-11-04,2.0124761968427007,0.005,2.266530577770885,0.005,BNBUSDT
2018-11-05,2.820549935363461,0.005,3.742720779640098,0.005,BNBUSDT
2018-11-06,0.7678613942304164,0.81,1.467446709819868,0.06,BNBUSDT
2018-11-07,1.1583959234037318,0.195,1.962861721284216,0.005,BNBUSDT
2018-11-08,2.47467827228228,0.005,5.196635015329419,0.005,BNBUSDT
2018-11-09,3.456202703904715,0.005,3.793439658599653,0.005,BNBUSDT
2018-11-10,5.1850401471339485,0.005,5.533319590269202,0.005,BNBUSDT
2018-11-11,1.8633616444558223,0.005,3.0447814620939377,0.005,BNBUSDT
2018-11-12,1.439102857561536,0.045,1.567711148204055,0.055,BNBUSDT
2018-11-13,1.1887413569588705,0.17,2.4252271113571293,0.005,BNBUSDT
2018-11-14,1.1433945025029475,0.21,1.8860154772004296,0.02,BNBUSDT
2018-11-15,1.5304882908845605,0.005,2.7446099421145638,0.005,BNBUSDT
2018-11-16,2.027409536372749,0.005,3.843448598258776,0.005,BNBUSDT
2018-11-17,1.7525819853069786,0.005,2.662136066617537,0.005,BNBUSDT
2018-11-18,1.4643749887600324,0.055,1.8608471288090889,0.01,BNBUSDT
2018-11-19,0.9598565227555268,0.545,1.0010381247378004,0.485,BNBUSDT
2018-11-20,1.2442254363524083,0.235,1.982436629003508,0.005,BNBUSDT
2018-11-21,0.7402348008982352,0.845,1.1994476824016729,0.225,BNBUSDT
2018-11-22,0.6812159461977703,0.95,0.9177597321293272,0.655,BNBUSDT
2018-11-23,1.3334710320275371,0.05,1.7546352249643355,0.005,BNBUSDT
2018-11-24,0.7843681320110237,0.985,0.8541736421740606,0.995,BNBUSDT
2018-11-25,1.6724246131363207,0.005,2.600126128008708,0.005,BNBUSDT
2018-11-26,1.308223400859102,0.1,1.6205691551998254,0.025,BNBUSDT
2018-11-27,1.3679809136716865,0.07,1.7958902509566417,0.005,BNBUSDT
2018-11-28,2.1139833960611973,0.005,3.307151690724308,0.005,BNBUSDT
2018-11-29,1.1087214808946424,0.17,1.5421684316143554,0.04,BNBUSDT
2018-11-30,1.3227114329210887,0.01,1.2972191438097729,0.115,BNBUSDT
2018-12-01,1.6661573433655603,0.005,2.057776333055548,0.005,BNBUSDT
2018-12-02,1.5919810963941707,0.005,2.631354650154916,0.005,BNBUSDT
2018-12-03,1.5464088196208807,0.005,1.5330457500743064,0.005,BNBUSDT
2018-12-04,1.0706624640643638,0.35,1.3361165833598725,0.035,BNBUSDT
2018-12-05,1.2623559393960695,0.05,0.992312003319316,0.51,BNBUSDT
2018-12-06,1.3199520378219145,0.005,1.1912734534401943,0.03,BNBUSDT
2018-12-07,1.2118726371236288,0.085,1.1686464612094716,0.255,BNBUSDT
2018-12-08,1.0274428911459583,0.415,0.93679892371817,0.57,BNBUSDT
2018-12-09,1.811290073232672,0.005,1.44411463940446,0.035,BNBUSDT
2018-12-10,1.3320103982627742,0.005,1.2214239830210056,0.005,BNBUSDT
2018-12-11,1.0912416972640513,0.315,1.282115338236627,0.11,BNBUSDT
2018-12-12,0.8972405009465781,0.695,1.5305068683295016,0.045,BNBUSDT
2018-12-13,1.1451397313905962,0.19,1.166624665959381,0.235,BNBUSDT
2018-12-14,1.3406941679042217,0.015,1.7702626601444145,0.005,BNBUSDT
2018-12-15,3.01065458597745,0.005,2.9694778361999044,0.005,BNBUSDT
2018-12-16,1.9088655295675567,0.005,1.4804932580589754,0.015,BNBUSDT
2018-12-17,0.9584671830545838,0.545,0.7527643966573518,0.86,BNBUSDT
2018-12-18,1.09706593852472,0.32,1.0710410989848178,0.32,BNBUSDT
2018-12-19,1.204043912007615,0.125,1.1157348607656044,0.295,BNBUSDT
2018-12-20,1.5239153859766983,0.01,1.5087907043071531,0.005,BNBUSDT
2018-12-21,1.862790469524574,0.01,1.933212526784388,0.005,BNBUSDT
2018-12-22,1.3679543832848469,0.07,1.6216199211755715,0.02,BNBUSDT
2018-12-23,1.2024933404192306,0.025,1.1998738587890816,0.01,BNBUSDT
2018-12-24,1.339999281116096,0.06,1.272928297821615,0.13,BNBUSDT
2018-12-25,1.6569762994876136,0.015,1.1474852972980771,0.27,BNBUSDT
2018-12-26,3.2354746085848123,0.005,2.215665248867401,0.005,BNBUSDT
2018-12-27,3.182554594188681,0.005,2.511928863288194,0.005,BNBUSDT
2018-12-28,1.4418004260378212,0.045,2.099886181976571,0.005,BNBUSDT
2018-12-29,1.768333169225663,0.005,1.3230811628879988,0.01,BNBUSDT
2018-12-30,1.0773215076736156,0.3,0.9187845210582,0.68,BNBUSDT
2018-12-31,1.492883834859664,0.005,2.2748422940979407,0.005,BNBUSDT
2019-01-01,1.804621651040026,0.005,2.9120340672482694,0.005,BNBUSDT
2019-01-02,1.1115149831172095,0.175,1.1572165823301852,0.17,BNBUSDT
2019-01-03,2.4028545847885696,0.005,1.9912141766474976,0.01,BNBUSDT
2019-01-04,2.074991564414761,0.005,1.82757683712134,0.015,BNBUSDT
2019-01-05,1.5482638723847575,0.005,1.9624754789877457,0.005,BNBUSDT
2019-01-06,1.2109529258034564,0.105,1.128579627241084,0.25,BNBUSDT
2019-01-07,1.0888895753385943,0.335,0.9785516125806591,0.485,BNBUSDT
2019-01-08,1.6878566511357609,0.005,1.176108823627012,0.025,BNBUSDT
2019-01-09,0.8143083061372757,0.875,1.5804632659222737,0.015,BNBUSDT
2019-01-10,0.8121271103721339,0.82,1.1926493520550632,0.235,BNBUSDT
2019-01-11,1.2686877666697118,0.04,1.1848694739009915,0.025,BNBUSDT
2019-01-12,2.1241141259655225,0.005,1.889846228392129,0.01,BNBUSDT
2019-01-13,1.0084052478140118,0.575,0.9196946040286575,0.68,BNBUSDT
2019-01-14,1.098027083287298,0.295,0.916215522550172,0.715,BNBUSDT
2019-01-15,1.122355648481039,0.31,1.2779587502933023,0.065,BNBUSDT
2019-01-16,0.4871535590506443,1.0,0.9058791461220124,0.725,BNBUSDT
2019-01-17,2.3169893278438014,0.005,1.7610600508043437,0.005,BNBUSDT
2019-01-18,1.0804183676760102,0.37,0.8312623482462859,0.715,BNBUSDT
2019-01-19,2.52172027431994,0.005,1.440087406021099,0.045,BNBUSDT
2019-01-20,1.5735160745476433,0.01,1.7220967211576663,0.01,BNBUSDT
2019-01-21,2.4209431355151088,0.005,1.7228582850819296,0.025,BNBUSDT
2019-01-22,1.830050344756568,0.005,2.2270278316608096,0.005,BNBUSDT
2019-01-23,1.1305079493923729,0.295,1.3404617004889126,0.11,BNBUSDT
2019-01-24,1.5961292112659424,0.01,1.8611201406125832,0.005,BNBUSDT
2019-01-25,2.0663097699420345,0.005,1.899460841961716,0.005,BNBUSDT
2019-01-26,1.7218852760242616,0.015,1.8294191873143624,0.01,BNBUSDT
2019-01-27,0.9353955542790726,0.77,0.8228789299775714,0.975,BNBUSDT
2019-01-28,0.8199063368204327,0.75,0.4666499733633167,0.995,BNBUSDT
2019-01-29,1.7286697899141406,0.005,2.149746661622924,0.005,BNBUSDT
2019-01-30,2.407431098152512,0.005,1.4803238898615518,0.06,BNBUSDT
2019-01-31,1.8649073383207475,0.005,1.357124266191253,0.105,BNBUSDT
2019-02-01,1.5058504681892315,0.055,1.6455886313426915,0.01,BNBUSDT
2019-02-02,2.15282858434248,0.005,2.4677435157634138,0.005,BNBUSDT
2019-02-03,4.1800589045600764,0.005,3.897505355189231,0.005,BNBUSDT
2019-02-04,2.3732738918015284,0.005,2.5473400136692828,0.005,BNBUSDT
2019-02-05,1.3497624513895072,0.115,1.1714634782058575,0.27,BNBUSDT
2019-02-06,1.271738373749958,0.1,1.2191297902527332,0.115,BNBUSDT
2019-02-07,2.277177128275796,0.005,2.5569470383803754,0.005,BNBUSDT
2019-02-08,3.786675661785261,0.005,4.301377320741325,0.005,BNBUSDT
2019-02-09,2.1724513367844893,0.005,2.793155464824289,0.005,BNBUSDT
2019-02-10,2.73892220331942,0.005,1.8999725348023355,0.01,BNBUSDT
2019-02-11,2.9453304536694094,0.005,2.22334415700308,0.005,BNBUSDT
2019-02-12,0.6074353517938711,0.995,1.074402369826984,0.355,BNBUSDT
2019-02-13,2.130916219482029,0.005,1.9007022458626277,0.005,BNBUSDT
2019-02-14,1.544787027075592,0.005,1.6267345245249936,0.005,BNBUSDT
2019-02-15,1.4151328874991655,0.075,1.9697402531343904,0.01,BNBUSDT
2019-02-16,3.4103488260328207,0.005,4.831982008754884,0.005,BNBUSDT
2019-02-17,0.975274163451528,0.535,0.8491216057942357,0.695,BNBUSDT
2019-02-18,1.021120658742678,0.425,0.977469613075546,0.5,BNBUSDT
2019-02-19,1.789871965240042,0.01,1.3547657619237583,0.085,BNBUSDT
2019-02-20,1.278067666416812,0.095,1.04572600346996,0.425,BNBUSDT
2019-02-21,1.3761877394153978,0.03,0.9046558211495518,0.615,BNBUSDT
2019-02-22,4.839085892675283,0.005,3.79730696377145,0.005,BNBUSDT
2019-02-23,1.180907488674523,0.225,1.4784928386721718,0.075,BNBUSDT
2019-02-24,1.904482239535008,0.005,1.9847836254047848,0.005,BNBUSDT
2019-02-25,1.6779074413381916,0.01,2.0639603251748584,0.005,BNBUSDT
2019-02-26,1.8394702168343235,0.01,2.8892403424209534,0.005,BNBUSDT
2019-02-27,2.6833377682002357,0.005,4.110946595118159,0.005,BNBUSDT
2019-02-28,1.85970935928646,0.005,2.483134057917515,0.005,BNBUSDT
2019-03-01,0.9012958125019108,0.75,0.6377261519018648,0.985,BNBUSDT
2019-03-02,1.2319525616250888,0.16,0.7645497389883673,0.935,BNBUSDT
2019-03-03,1.6736058771525213,0.015,1.9183014331013093,0.005,BNBUSDT
2019-03-04,1.1111818638297248,0.3,0.8189305624476716,0.855,BNBUSDT
2019-03-05,1.1291181745163803,0.25,1.7336852159817773,0.025,BNBUSDT
2019-03-06,2.366654751127017,0.005,3.0953265355264885,0.005,BNBUSDT
2019-03-07,1.4007306148726717,0.025,1.4760183633711388,0.035,BNBUSDT
2019-03-08,3.0833670092077887,0.005,3.0072941013602943,0.005,BNBUSDT
2019-03-09,1.1916004167001693,0.145,1.080234166791426,0.235,BNBUSDT
2019-03-10,3.562563802313199,0.005,2.7640692079782623,0.005,BNBUSDT
2019-03-11,1.8157840836761292,0.005,2.462917300412069,0.005,BNBUSDT
2019-03-12,2.711631403751613,0.005,2.4158609628280936,0.005,BNBUSDT
2019-03-13,2.120660465666628,0.005,1.715075893649883,0.015,BNBUSDT
2019-03-14,2.430449495024646,0.005,2.9001243473972083,0.005,BNBUSDT
2019-03-15,1.9226998154898285,0.005,2.1701477078572804,0.005,BNBUSDT
2019-03-16,5.567001042062788,0.005,4.75583264110843,0.005,BNBUSDT
2019-03-17,5.749054549059488,0.005,5.534168465576022,0.005,BNBUSDT
2019-03-18,1.2026669123293583,0.145,1.1595224151711585,0.12,BNBUSDT
2019-03-19,0.4299295942371046,1.0,0.6030734586886046,0.99,BNBUSDT
2019-03-20,1.6991899830314106,0.005,1.3574980515691375,0.09,BNBUSDT
2019-03-21,0.7003005531215228,0.9,0.6417890320147228,0.985,BNBUSDT
2019-03-22,2.8093459481338905,0.005,2.4268468595096317,0.005,BNBUSDT
2019-03-23,3.700478129745181,0.005,3.8099815536921886,0.005,BNBUSDT
2019-03-24,0.9522987947263952,0.555,1.3422019499463185,0.08,BNBUSDT
2019-03-25,1.8054907025164688,0.005,1.6643566757266488,0.015,BNBUSDT
2019-03-26,1.336971777526199,0.01,2.947053151921457,0.005,BNBUSDT
2019-03-27,3.0041056412459,0.005,3.3327184323436354,0.005,BNBUSDT
2019-03-28,2.604073290183005,0.005,1.5678271823724816,0.01,BNBUSDT
2019-03-29,1.0244774224822102,0.445,1.280530313592458,0.04,BNBUSDT
2019-03-30,2.961992818150205,0.005,2.3694905346200965,0.005,BNBUSDT
2019-03-31,0.7126311708939717,0.91,0.5112018936646524,1.0,BNBUSDT
2019-04-01,2.6957916815737657,0.005,2.470272500368436,0.005,BNBUSDT
2019-04-02,1.4843953398835967,0.015,1.5044860505146054,0.04,BNBUSDT
2019-04-03,1.797623010880381,0.005,1.9444194090032048,0.005,BNBUSDT
2019-04-04,3.2776343409646818,0.005,3.705658291920672,0.005,BNBUSDT
2019-04-05,3.949738923099314,0.005,1.8752995431560315,0.005,BNBUSDT
2019-04-06,2.4748006704522454,0.005,2.231989701240068,0.005,BNBUSDT
2019-04-07,1.0871190378032765,0.3,1.8598846198811367,0.005,BNBUSDT
2019-04-08,1.6116056462585184,0.02,1.5816345287225002,0.01,BNBUSDT
2019-04-09,3.346688577209909,0.005,2.447126459371685,0.005,BNBUSDT
2019-04-10,0.8498245069706559,0.76,0.8758606998477224,0.695,BNBUSDT
2019-04-11,1.8505440225924985,0.01,1.816210465224432,0.005,BNBUSDT
2019-04-12,3.968421603712302,0.005,1.9854504089632172,0.005,BNBUSDT
2019-04-13,1.925134823133619,0.005,1.8720705298355476,0.005,BNBUSDT
2019-04-14,1.4705082205196478,0.03,1.3855576873597977,0.03,BNBUSDT
2019-04-15,2.154159272534335,0.005,1.7058327079385869,0.005,BNBUSDT
2019-04-16,1.429911711330596,0.055,1.1860986673727536,0.2,BNBUSDT
2019-04-17,2.763807211116574,0.005,2.672614237293084,0.005,BNBUSDT
2019-04-18,0.5513285524257158,0.985,0.9264254482628304,0.715,BNBUSDT
2019-04-19,2.189313809207387,0.005,1.6173099000315838,0.01,BNBUSDT
2019-04-20,1.1161188001427027,0.23,0.87969680850579,0.895,BNBUSDT
2019-04-21,1.1314679474546034,0.135,0.6581549433497428,0.995,BNBUSDT
2019-04-22,1.5783507683554088,0.005,2.215982596748366,0.005,BNBUSDT
2019-04-23,4.676372825615005,0.005,4.043223595463936,0.005,BNBUSDT
2019-04-24,1.6411764340027548,0.005,2.3376857493397667,0.005,BNBUSDT
2019-04-25,3.983333274229739,0.005,2.267899487282818,0.005,BNBUSDT
2019-04-26,3.645333416087592,0.005,3.069726619808397,0.005,BNBUSDT
2019-04-27,3.904243207459002,0.005,3.548100262360519,0.005,BNBUSDT
2019-04-28,4.46349647859121,0.005,4.3361776616892085,0.005,BNBUSDT
2019-04-29,3.721173806989,0.005,3.2104239773817977,0.005,BNBUSDT
2019-04-30,3.1254992589418995,0.005,3.9853831188061393,0.005,BNBUSDT
2019-05-01,3.293081789472338,0.005,2.944159098989496,0.005,BNBUSDT
2019-05-02,0.7699694108040503,0.925,1.6440985950610147,0.005,BNBUSDT
2019-05-03,3.4889677577888447,0.005,2.7403666112609963,0.005,BNBUSDT
2019-05-04,2.089182470568813,0.005,2.0931842799813847,0.005,BNBUSDT
2019-05-05,4.419464127880877,0.005,2.952961789290101,0.005,BNBUSDT
2019-05-06,1.1267058977928166,0.135,1.2336622709104206,0.065,BNBUSDT
2019-05-07,1.13538130962369,0.19,0.9531495858086656,0.57,BNBUSDT
2019-05-08,0.7810887461394007,0.86,1.1566003999279473,0.19,BNBUSDT
2019-05-09,1.778898509277665,0.005,2.098786113338487,0.005,BNBUSDT
2019-05-10,0.7188953967681818,0.96,3.043515903348248,0.005,BNBUSDT
2019-05-11,1.291541745720441,0.005,3.2224038851962846,0.005,BNBUSDT
2019-05-12,1.7876782023134157,0.005,3.894561028590069,0.005,BNBUSDT
2019-05-13,1.939934780939099,0.005,2.036872945118466,0.005,BNBUSDT
2019-05-14,1.3993525430552067,0.03,1.9442117952196707,0.015,BNBUSDT
2019-05-15,1.2459281957896118,0.17,2.1751206545997546,0.005,BNBUSDT
2019-05-16,2.4960439784100754,0.005,2.0823329006017506,0.005,BNBUSDT
2019-05-17,1.6534120370092016,0.005,2.42651835348441,0.005,BNBUSDT
2019-05-18,1.5654208608387434,0.005,1.8853368972873448,0.005,BNBUSDT
2019-05-19,1.462522449437115,0.005,2.069817719475219,0.005,BNBUSDT
2019-05-20,5.805945373248892,0.005,4.527013876075803,0.005,BNBUSDT
2019-05-21,1.7503807101882356,0.005,1.3736877259458222,0.005,BNBUSDT
2019-05-22,2.2374047013834275,0.005,2.5904961145258505,0.005,BNBUSDT
2019-05-23,1.54025955778584,0.005,6.1249920730147,0.005,BNBUSDT
2019-05-24,1.1311175367827442,0.26,1.2989902801882427,0.06,BNBUSDT
2019-05-25,0.994710321770877,0.495,2.458878493330746,0.005,BNBUSDT
2019-05-26,3.371351908194381,0.005,4.007046147043723,0.005,BNBUSDT
2019-05-27,2.564805453833313,0.005,4.161642230357116,0.005,BNBUSDT
2019-05-28,1.917178892662195,0.005,3.38182078218077,0.005,BNBUSDT
2019-05-29,2.955548616812621,0.005,4.348418208324011,0.005,BNBUSDT
2019-05-30,3.537073264234592,0.005,2.366494215109921,0.005,BNBUSDT
2019-05-31,5.066029668162066,0.005,2.6851459164679223,0.005,BNBUSDT
2019-06-01,2.5263037346353223,0.005,1.7159168792361938,0.01,BNBUSDT
2019-06-02,3.4084358523082257,0.005,1.8358156165626136,0.005,BNBUSDT
2019-06-03,3.6157192120511072,0.005,1.8748512747288295,0.01,BNBUSDT
2019-06-04,1.7310739597531764,0.01,1.9586722000804688,0.005,BNBUSDT
2019-06-05,4.16976893176231,0.005,1.73440156921084,0.015,BNBUSDT
2019-06-06,4.641572812784134,0.005,3.0871147100291148,0.005,BNBUSDT
2019-06-07,2.7868491615246493,0.005,3.4737670867739565,0.005,BNBUSDT
2019-06-08,3.045677486584945,0.005,1.854656209922333,0.005,BNBUSDT
2019-06-09,3.636089107909969,0.005,1.919676335752048,0.005,BNBUSDT
2019-06-10,6.446655370237787,0.005,5.258928053647454,0.005,BNBUSDT
2019-06-11,4.697632682120719,0.005,4.687389956615729,0.005,BNBUSDT
2019-06-12,1.6718891986833606,0.005,3.537715487126964,0.005,BNBUSDT
2019-06-13,2.457928987262012,0.005,2.329064524732082,0.005,BNBUSDT
2019-06-14,2.571816657367703,0.005,3.3263103581196214,0.005,BNBUSDT
2019-06-15,6.776082809393129,0.005,3.388155268065049,0.005,BNBUSDT
2019-06-16,4.273338675144392,0.005,2.9141526292612103,0.005,BNBUSDT
2019-06-17,2.2683958422944226,0.005,0.9925584014900444,0.445,BNBUSDT
2019-06-18,2.1415994471496123,0.005,1.8453891522968997,0.015,BNBUSDT
2019-06-19,2.244519283688928,0.005,0.9432715711370576,0.585,BNBUSDT
2019-06-20,1.4787219710279296,0.005,2.693159791016658,0.005,BNBUSDT
2019-06-21,1.771309621989342,0.005,1.2257948477255558,0.205,BNBUSDT
2019-06-22,2.7818465736459976,0.005,1.538003365246337,0.02,BNBUSDT
2019-06-23,3.3168883549868973,0.005,2.6835107016888484,0.005,BNBUSDT
2019-06-24,6.665602381121136,0.005,2.7950138870213963,0.005,BNBUSDT
2019-06-25,1.332720596561444,0.1,0.7230697051859349,0.855,BNBUSDT
2019-06-26,1.539977862744736,0.005,1.310537062928827,0.12,BNBUSDT
2019-06-27,2.120931941314374,0.005,3.209680683867316,0.005,BNBUSDT
2019-06-28,6.314630703323071,0.005,7.446388504421536,0.005,BNBUSDT
2019-06-29,5.017003498245155,0.005,4.486474125063447,0.005,BNBUSDT
2019-06-30,5.617465842179305,0.005,4.777486964685372,0.005,BNBUSDT
2019-07-01,1.4277271945773675,0.02,2.247801129154677,0.005,BNBUSDT
2019-07-02,1.3170772643337625,0.095,1.65348462225984,0.015,BNBUSDT
2019-07-03,1.6683897183562406,0.005,1.573115867628044,0.005,BNBUSDT
2019-07-04,1.473287056463632,0.055,1.0113220466996553,0.46,BNBUSDT
2019-07-05,1.787021043885646,0.01,1.0491644633533652,0.36,BNBUSDT
2019-07-06,1.7381339564396938,0.005,2.1364114043356373,0.005,BNBUSDT
2019-07-07,1.9845054723899385,0.005,1.1234830119889394,0.29,BNBUSDT
2019-07-08,1.9268796748487949,0.005,1.1715906815576602,0.19,BNBUSDT
2019-07-09,1.3764308578712123,0.03,1.5984862814720986,0.04,BNBUSDT
2019-07-10,2.166708142679713,0.005,2.4068032800866104,0.005,BNBUSDT
2019-07-11,0.974710725127518,0.555,1.3309252911382836,0.085,BNBUSDT
2019-07-12,0.3681958198185452,1.0,1.167097637685196,0.245,BNBUSDT
2019-07-13,2.281102802552849,0.005,2.1973267269616827,0.005,BNBUSDT
2019-07-14,1.3627132030824909,0.045,2.909287792017195,0.005,BNBUSDT
2019-07-15,0.8115580378010517,0.855,2.721617094643863,0.005,BNBUSDT
2019-07-16,0.6584018431976436,0.95,1.124412609071897,0.28,BNBUSDT
2019-07-17,2.0531208236138223,0.005,2.4199218766432447,0.005,BNBUSDT
2019-07-18,1.5156931570016623,0.02,2.98139413427319,0.005,BNBUSDT
2019-07-19,1.941146041551232,0.01,5.37968647249511,0.005,BNBUSDT
2019-07-20,1.18958227876723,0.255,0.9074736863070368,0.96,BNBUSDT
2019-07-21,2.716986757690063,0.005,1.51412823915871,0.015,BNBUSDT
2019-07-22,1.764725460211514,0.01,1.4894817181704754,0.005,BNBUSDT
2019-07-23,3.0166806964376165,0.005,2.372912787986459,0.005,BNBUSDT
2019-07-24,4.095743188531405,0.005,1.347079029213143,0.06,BNBUSDT
2019-07-25,3.7416788442251416,0.005,2.265621151539917,0.005,BNBUSDT
2019-07-26,4.458737918352902,0.005,2.081640871787337,0.005,BNBUSDT
2019-07-27,4.136089171872753,0.005,2.6456173219104984,0.005,BNBUSDT
2019-07-28,4.488156650160322,0.005,2.198069382743045,0.005,BNBUSDT
2019-07-29,2.403035392805386,0.005,1.443599667381808,0.015,BNBUSDT
2019-07-30,1.7496747381539106,0.02,1.1438189331993809,0.255,BNBUSDT
2019-07-31,5.136026628486218,0.005,2.66666150066275,0.005,BNBUSDT
2019-08-01,2.4909989336863143,0.005,2.21674233867103,0.005,BNBUSDT
2019-08-02,2.4418506494094165,0.005,2.4576771197618217,0.005,BNBUSDT
2019-08-03,1.7602245582122693,0.01,1.7634374820986682,0.005,BNBUSDT
2019-08-04,1.920244148152596,0.005,1.5826739266326246,0.02,BNBUSDT
2019-08-05,1.4299942371635397,0.01,1.4650165277692937,0.045,BNBUSDT
2019-08-06,1.2687027423312858,0.16,1.1184856086653785,0.325,BNBUSDT
2019-08-07,1.149905536771715,0.165,2.147079164623291,0.005,BNBUSDT
2019-08-08,1.5463108753026205,0.04,3.354612149099418,0.005,BNBUSDT
2019-08-09,1.5913304989823858,0.005,1.55278853777144,0.045,BNBUSDT
2019-08-10,2.4509420126612897,0.005,1.5584708563532452,0.01,BNBUSDT
2019-08-11,4.090472163371538,0.005,2.978449827414246,0.005,BNBUSDT
2019-08-12,3.5250866316849416,0.005,1.1676914387262145,0.26,BNBUSDT
2019-08-13,1.687120478346138,0.025,1.205781954413341,0.155,BNBUSDT
2019-08-14,1.0944947388113986,0.265,1.0077107492658623,0.5,BNBUSDT
2019-08-15,6.253291391026751,0.005,2.9374860506834706,0.005,BNBUSDT
2019-08-16,1.979792226798262,0.005,3.74481721112501,0.005,BNBUSDT
2019-08-17,4.977916574448736,0.005,3.0335364132615585,0.005,BNBUSDT
2019-08-18,3.458217793211968,0.005,1.722437478799982,0.015,BNBUSDT
2019-08-19,4.727464151496546,0.005,1.5560939031844194,0.02,BNBUSDT
2019-08-20,4.272829593299907,0.005,1.6467023146359727,0.015,BNBUSDT
2019-08-21,1.909664085633505,0.02,1.412413491876781,0.09,BNBUSDT
2019-08-22,2.496117254016982,0.005,1.680192707963596,0.005,BNBUSDT
2019-08-23,2.4221315350439783,0.005,1.7832513184980383,0.01,BNBUSDT
2019-08-24,1.7708536949315343,0.01,2.7832489720721942,0.005,BNBUSDT
2019-08-25,2.0003949317986764,0.005,2.8538958585629834,0.005,BNBUSDT
2019-08-26,0.937931218063533,0.565,0.9254400586758456,0.535,BNBUSDT
2019-08-27,3.128553551178082,0.005,3.322231815717529,0.005,BNBUSDT
2019-08-28,1.0946393117495616,0.32,0.6250830673238622,0.98,BNBUSDT
2019-08-29,1.5220489783161315,0.03,2.447960233972663,0.005,BNBUSDT
2019-08-30,3.5579729434692613,0.005,2.662524881652121,0.005,BNBUSDT
2019-08-31,2.0720968519983844,0.005,1.5496732409939948,0.005,BNBUSDT
2019-09-01,3.3651178391624725,0.005,1.7042760832108577,0.01,BNBUSDT
2019-09-02,1.0110499730459004,0.525,1.3378791317123102,0.1,BNBUSDT
2019-09-03,1.6436308303239924,0.01,2.3627328893450765,0.005,BNBUSDT
2019-09-04,1.7935743529020254,0.005,2.7117089244007784,0.005,BNBUSDT
2019-09-05,0.6843165573079968,0.93,0.7727735748853979,0.805,BNBUSDT
2019-09-06,0.8432577814772454,0.71,1.1854311876269636,0.22,BNBUSDT
2019-09-07,4.878760205812516,0.005,3.0315667085547453,0.005,BNBUSDT
2019-09-08,2.281352764246329,0.005,2.717680578953705,0.005,BNBUSDT
2019-09-09,1.5265180470433992,0.02,0.7140189112053084,0.91,BNBUSDT
2019-09-10,1.2627454029674106,0.01,1.7674494454424687,0.01,BNBUSDT
2019-09-11,1.3253863668675274,0.035,1.858782959032199,0.005,BNBUSDT
2019-09-12,0.7447946930452346,0.89,1.340207963743334,0.09,BNBUSDT
2019-09-13,4.557617626405136,0.005,2.6074522638243574,0.005,BNBUSDT
2019-09-14,2.9230156788569874,0.005,2.325750481681195,0.005,BNBUSDT
2019-09-15,2.4894877484276123,0.005,2.0816967055483366,0.005,BNBUSDT
2019-09-16,0.7889318256230907,0.895,1.6009658287788435,0.02,BNBUSDT
2019-09-17,1.7926322299654842,0.005,1.595608025987942,0.015,BNBUSDT
2019-09-18,1.4528794479026406,0.045,1.3744386808993234,0.13,BNBUSDT
2019-09-19,2.108467456856161,0.005,0.7660883993866934,0.82,BNBUSDT
2019-09-20,1.3607961242482585,0.105,1.4214872028616656,0.065,BNBUSDT
2019-09-21,2.602811616434019,0.005,2.1645389739190257,0.005,BNBUSDT
2019-09-22,2.234631818112695,0.005,1.0889315505914838,0.35,BNBUSDT
2019-09-23,1.1709349666117832,0.185,1.4283273875890603,0.045,BNBUSDT
2019-09-24,0.484436864503751,1.0,0.9339169184277212,0.595,BNBUSDT
2019-09-25,1.1486418072987754,0.225,0.7591941734663692,0.84,BNBUSDT
2019-09-26,1.880230659602784,0.005,1.435538108455773,0.075,BNBUSDT
2019-09-27,3.10754086878824,0.005,2.437400404258286,0.005,BNBUSDT
2019-09-28,1.997390125741528,0.015,1.0320369277262649,0.47,BNBUSDT
2019-09-29,1.9366834567109112,0.005,1.3384772847578357,0.055,BNBUSDT
2019-09-30,1.932059911840716,0.005,1.803909042200292,0.005,BNBUSDT
2019-10-01,2.1972643648269514,0.005,1.5142356033585875,0.025,BNBUSDT
2019-10-02,3.438350283546188,0.005,2.0014100994822783,0.005,BNBUSDT
2019-10-03,2.205862531790345,0.005,2.3435635669509987,0.005,BNBUSDT
2019-10-04,2.7593069114956985,0.005,2.122130527567201,0.01,BNBUSDT
2019-10-05,2.5242479970089966,0.005,2.3734969875227274,0.005,BNBUSDT
2019-10-06,1.023157473289202,0.44,1.0569194430391786,0.41,BNBUSDT
2019-10-07,1.821532091067652,0.005,1.5875281140902453,0.01,BNBUSDT
2019-10-08,1.575393829258305,0.015,0.8453436271738368,0.73,BNBUSDT
2019-10-09,0.7966681263683859,0.915,1.332151414943144,0.12,BNBUSDT
2019-10-10,2.985049965429647,0.005,1.5106390516931945,0.01,BNBUSDT
2019-10-11,1.515053524764162,0.01,2.002289677641534,0.005,BNBUSDT
2019-10-12,0.8766250477603993,0.695,2.2402140123602576,0.005,BNBUSDT
2019-10-13,1.145381237854067,0.225,1.6493403548549228,0.025,BNBUSDT
2019-10-14,1.0801144579565272,0.275,1.002882120988781,0.49,BNBUSDT
2019-10-15,1.3472281600422296,0.01,1.423082421252188,0.045,BNBUSDT
2019-10-16,1.36092025499617,0.035,1.638238366937956,0.005,BNBUSDT
2019-10-17,2.2922747871416043,0.005,1.1131491597304042,0.3,BNBUSDT
2019-10-18,1.755659805413981,0.005,1.3799499114092613,0.075,BNBUSDT
2019-10-19,3.279487162184336,0.005,2.4347756983549176,0.005,BNBUSDT
2019-10-20,3.553633124236112,0.005,1.984214984783988,0.005,BNBUSDT
2019-10-21,2.497746868375022,0.005,2.372071103736201,0.005,BNBUSDT
2019-10-22,2.7018980603186318,0.005,1.5125311216252413,0.03,BNBUSDT
2019-10-23,1.2808770172133028,0.1,0.8915180600128085,0.65,BNBUSDT
2019-10-24,2.089736694316885,0.005,1.1474209849974002,0.29,BNBUSDT
2019-10-25,1.1537863885881212,0.25,1.0269211686826916,0.465,BNBUSDT
2019-10-26,0.9717115515853256,0.575,1.6236508870389723,0.025,BNBUSDT
2019-10-27,1.985006280269872,0.005,3.064701240119751,0.005,BNBUSDT
2019-10-28,1.8564336862348048,0.005,2.5120740778426547,0.005,BNBUSDT
2019-10-29,2.53626434422371,0.005,1.1130450111428665,0.325,BNBUSDT
2019-10-30,1.2943196873668057,0.06,1.5707692849284949,0.025,BNBUSDT
2019-10-31,0.8662666324236231,0.745,1.1923511678185097,0.235,BNBUSDT
2019-11-01,2.0265118716465413,0.005,1.77483218474453,0.01,BNBUSDT
2019-11-02,3.94638365090804,0.005,1.6121128415437929,0.015,BNBUSDT
2019-11-03,2.1682789923404444,0.005,1.571408309750846,0.035,BNBUSDT
2019-11-04,1.368986044556305,0.005,1.8794983415253488,0.01,BNBUSDT
2019-11-05,3.9945318367753497,0.005,2.6009951227986146,0.005,BNBUSDT
2019-11-06,2.955309976262494,0.005,2.013865235259422,0.005,BNBUSDT
2019-11-07,1.212039945834012,0.115,1.3168705389876394,0.08,BNBUSDT
2019-11-08,2.1353269928301857,0.005,2.5309846228242683,0.005,BNBUSDT
2019-11-09,2.1195503690950948,0.005,1.690772067222339,0.025,BNBUSDT
2019-11-10,1.4584197677507769,0.055,1.4825826555273802,0.055,BNBUSDT
2019-11-11,2.2036419594581247,0.005,2.566177841781117,0.005,BNBUSDT
2019-11-12,2.4123510106379404,0.005,2.648437223095012,0.005,BNBUSDT
2019-11-13,1.197247692941788,0.18,1.417452549610771,0.095,BNBUSDT
2019-11-14,1.0554262936451064,0.335,1.7358046564960836,0.005,BNBUSDT
2019-11-15,0.5779030135843222,1.0,0.4011294125323748,1.0,BNBUSDT
2019-11-16,1.619671207378085,0.005,1.8532310786829729,0.005,BNBUSDT
2019-11-17,1.2145110232035767,0.195,1.5935234818455724,0.04,BNBUSDT
2018-04-06,0.5278895516611255,0.81,1.3107900167983122,0.24,ETHBTC
2018-04-07,1.711158242559651,0.005,1.0415557749813813,0.4,ETHBTC
2018-04-08,1.576710939341341,0.035,1.7903625921142388,0.01,ETHBTC
2018-04-09,1.1959779319440245,0.175,0.6942754767621264,0.94,ETHBTC
2018-04-10,0.8768596053187427,0.94,0.8126605895928236,0.98,ETHBTC
2018-04-11,1.0864864657580267,0.205,1.1828215965310724,0.055,ETHBTC
2018-04-12,1.2205713539265177,0.2,1.4065945330086917,0.08,ETHBTC
2018-04-13,1.0478832754120886,0.385,1.0334461309617933,0.42,ETHBTC
2018-04-14,1.1392353017238286,0.185,3.1669349571042655,0.005,ETHBTC
2018-04-15,1.4620678960177287,0.01,0.8907338363814632,0.67,ETHBTC
2018-04-16,1.7846240501527928,0.005,4.293071498844861,0.005,ETHBTC
2018-04-17,0.12141692994522528,0.97,0.07703470601464672,0.995,ETHBTC
2018-04-18,0.4424967518092105,0.995,0.4002201300990585,1.0,ETHBTC
2018-04-19,1.4900987752595232,0.035,1.0561361429996134,0.405,ETHBTC
2018-04-20,1.1583027947082094,0.21,0.7912237870158416,0.765,ETHBTC
2018-04-21,1.294657948902382,0.09,0.34119777934235757,1.0,ETHBTC
2018-04-22,0.9317725261487901,0.6,1.0439049784721606,0.375,ETHBTC
2018-04-23,1.4145225727940385,0.085,1.172615386941988,0.245,ETHBTC
2018-04-24,0.9244369354385046,0.6,0.6664260185311316,0.915,ETHBTC
2018-04-25,1.2049280925929344,0.13,1.1049150402286687,0.335,ETHBTC
2018-04-26,0.8504923318916461,0.7,0.5406758057550742,0.96,ETHBTC
2018-04-27,1.3761054869651248,0.07,0.8779400234993937,0.635,ETHBTC
2018-04-28,0.968517955603951,0.555,0.8583971518421221,0.665,ETHBTC
2018-04-29,1.4035958509215114,0.08,1.1053582003284759,0.305,ETHBTC
2018-04-30,2.03252958842449,0.005,1.0684530152965865,0.385,ETHBTC
2018-05-01,1.6020645642379987,0.06,1.315362817438384,0.13,ETHBTC
2018-05-02,1.2976815479704453,0.095,1.284920404346176,0.16,ETHBTC
2018-05-03,1.163129614179839,0.245,0.7552402823151426,0.86,ETHBTC
2018-05-04,1.080985202717664,0.35,0.9036229427965297,0.645,ETHBTC
2018-05-05,1.0354305742860836,0.43,1.1489318555894283,0.245,ETHBTC
2018-05-06,0.9626159577603737,0.54,0.7496604535896922,0.82,ETHBTC
2018-05-07,1.2576936450229252,0.125,0.6906602460949431,0.865,ETHBTC
2018-05-08,1.0145539779430572,0.47,0.9442408544684572,0.6,ETHBTC
2018-05-09,1.2017121733589635,0.205,1.2840194450521176,0.155,ETHBTC
2018-05-10,1.6123401919692648,0.015,1.6768142515875442,0.03,ETHBTC
2018-05-11,1.4150979484928021,0.08,0.9522367098944435,0.61,ETHBTC
2018-05-12,1.3788368438072682,0.085,1.2539952453128351,0.185,ETHBTC
2018-05-13,0.825731519424688,0.765,1.4255222609599714,0.095,ETHBTC
2018-05-14,1.235176236136966,0.15,0.6190921538982606,0.915,ETHBTC
2018-05-15,1.0551145953273682,0.32,0.6935689262792814,0.92,ETHBTC
2018-05-16,0.8459733756167046,0.72,2.7822101860907913,0.005,ETHBTC
2018-05-17,1.3487367102815555,0.075,1.1176419467565024,0.325,ETHBTC
2018-05-18,0.8571251690060571,0.84,1.2381577236687988,0.2,ETHBTC
2018-05-19,0.9654300182681143,0.525,1.3184966243599134,0.14,ETHBTC
2018-05-20,1.0611146392337343,0.255,0.9439590014770827,0.585,ETHBTC
2018-05-21,0.7993231258712304,0.82,0.33418511801949213,0.995,ETHBTC
2018-05-22,1.3890881596315707,0.06,1.119222721779346,0.305,ETHBTC
2018-05-23,1.5655772365231029,0.005,1.0224531037957652,0.435,ETHBTC
2018-05-24,1.6764875605201066,0.005,2.4715157389737903,0.005,ETHBTC
2018-05-25,1.1856354071537367,0.175,1.517132792802274,0.06,ETHBTC
2018-05-26,2.018177713316516,0.005,1.1314746292729982,0.295,ETHBTC
2018-05-27,1.1773465020572575,0.23,0.44543142630990895,1.0,ETHBTC
2018-05-28,1.1791112982928218,0.265,3.257612883895531,0.005,ETHBTC
2018-05-29,0.6962475531077585,1.0,0.6149310820466789,0.935,ETHBTC
2018-05-30,1.2391944306735243,0.1,1.7912705691572048,0.01,ETHBTC
2018-05-31,1.6425404486793016,0.005,3.763990145473113,0.005,ETHBTC
2018-06-01,1.0209868766795016,0.445,1.1302423233719214,0.295,ETHBTC
2018-06-02,0.9503656654970921,0.53,0.5398886931694268,0.98,ETHBTC
2018-06-03,1.121130194774225,0.33,1.1569378898473968,0.275,ETHBTC
2018-06-04,1.2089477918203626,0.21,0.8270361910031785,0.75,ETHBTC
2018-06-05,0.8113899274038986,0.88,1.514803263643478,0.025,ETHBTC
2018-06-06,0.8149142851590893,0.745,1.2474934311041947,0.205,ETHBTC
2018-06-07,1.3708648873700042,0.065,0.9657745916295211,0.5,ETHBTC
2018-06-08,1.5114047610122108,0.01,1.0307210391719268,0.45,ETHBTC
2018-06-09,1.1428923722956998,0.27,0.6827344774348582,0.865,ETHBTC
2018-06-10,1.556858798819147,0.005,0.7850055326365903,0.875,ETHBTC
2018-06-11,1.5321479084073157,0.005,1.2789511175667325,0.135,ETHBTC
2018-06-12,1.7117002179852976,0.005,0.8076867447555068,0.73,ETHBTC
2018-06-13,0.8957433997895657,0.675,0.9497093923790341,0.515,ETHBTC
2018-06-14,1.16422651444991,0.015,1.1924898302074598,0.205,ETHBTC
2018-06-15,1.5960164168955335,0.005,1.9326458722963356,0.01,ETHBTC
2018-06-16,1.6137114695304635,0.005,1.9767024912848397,0.005,ETHBTC
2018-06-17,1.1709284533909587,0.175,1.1515904206029701,0.27,ETHBTC
2018-06-18,1.6339644431926112,0.015,0.9603245042808827,0.555,ETHBTC
2018-06-19,0.9926635840722384,0.525,0.9616868444062959,0.6,ETHBTC
2018-06-20,2.158395533038491,0.005,1.583996247690738,0.035,ETHBTC
2018-06-21,0.8844166829528759,0.87,1.0850637300187966,0.225,ETHBTC
2018-06-22,1.5086734016276777,0.015,1.4608921000993176,0.055,ETHBTC
2018-06-23,0.7874635935023461,0.99,0.9309796941103825,0.665,ETHBTC
2018-06-24,0.976849659443604,0.635,1.221588728070653,0.175,ETHBTC
2018-06-25,1.8443569022078987,0.005,1.1093982343559712,0.345,ETHBTC
2018-06-26,1.8000596240285938,0.015,2.967534843851552,0.005,ETHBTC
2018-06-27,1.2935579921037623,0.05,0.9174989898598025,0.75,ETHBTC
2018-06-28,1.916165637909377,0.005,2.77080241413448,0.005,ETHBTC
2018-06-29,1.6797846248834905,0.005,2.481201431244292,0.005,ETHBTC
2018-06-30,1.328684053027092,0.005,2.9108708308805795,0.005,ETHBTC
2018-07-01,2.2276295850679895,0.005,1.7301719938824651,0.015,ETHBTC
2018-07-02,0.7943832999935624,0.83,0.8662385196536416,0.665,ETHBTC
2018-07-03,1.8496662392114744,0.005,2.381108168853904,0.005,ETHBTC
2018-07-04,1.303023862931458,0.125,1.552193021291964,0.05,ETHBTC
2018-07-05,2.108699106316802,0.005,1.5635186702880624,0.035,ETHBTC
2018-07-06,1.3033137922040374,0.005,1.23953744221616,0.005,ETHBTC
2018-07-07,0.9226981383744717,0.735,1.3184589849264285,0.095,ETHBTC
2018-07-08,0.7127842919548326,0.825,0.9434666368586165,0.55,ETHBTC
2018-07-09,1.2749997243905327,0.04,2.010399926303712,0.005,ETHBTC
2018-07-10,1.120848982084845,0.14,1.2759934345797617,0.01,ETHBTC
2018-07-11,1.8265041588158193,0.005,1.771580969399858,0.01,ETHBTC
2018-07-12,2.021365809191934,0.005,2.1486000763447044,0.005,ETHBTC
2018-07-13,1.6144381634171625,0.025,1.8307348117741078,0.005,ETHBTC
2018-07-14,1.2563409364037788,0.165,2.3142945089650064,0.005,ETHBTC
2018-07-15,0.8620183778894034,0.66,1.4588734876643394,0.075,ETHBTC
2018-07-16,1.1421417115348886,0.205,0.6616174450703795,0.895,ETHBTC
2018-07-17,2.312706676415005,0.005,0.5562161231289655,0.97,ETHBTC
2018-07-18,1.5841771891652048,0.01,1.7323190425214996,0.015,ETHBTC
2018-07-19,1.4344975085124636,0.035,0.6695932523123593,0.89,ETHBTC
2018-07-20,1.783965978214447,0.01,1.061976171324496,0.395,ETHBTC
2018-07-21,0.7097321766501964,0.835,1.9718701789121234,0.01,ETHBTC
2018-07-22,1.3951703397149384,0.02,1.5208124649236374,0.04,ETHBTC
2018-07-23,1.7168979781982399,0.01,1.8349800043137434,0.015,ETHBTC
2018-07-24,0.9143006374828992,0.67,1.8593570102154966,0.02,ETHBTC
2018-07-25,1.29303847861791,0.09,1.0865362691174754,0.355,ETHBTC
2018-07-26,1.564996453473783,0.025,1.6813195565985244,0.01,ETHBTC
2018-07-27,1.6079704694087764,0.015,1.2506350312649268,0.195,ETHBTC
2018-07-28,1.2972907610433706,0.165,0.8793018552029547,0.615,ETHBTC
2018-07-29,1.7579289604460713,0.01,1.5264145704921068,0.035,ETHBTC
2018-07-30,1.7646775229992264,0.005,1.4980499695871876,0.05,ETHBTC
2018-07-31,1.4531738481202359,0.01,1.2671290607796732,0.16,ETHBTC
2018-08-01,1.1260779666592002,0.23,1.4371344477941237,0.085,ETHBTC
2018-08-02,1.428695513460952,0.005,1.6808872929224454,0.005,ETHBTC
2018-08-03,0.8948599689160581,0.785,0.6867626735782909,0.98,ETHBTC
2018-08-04,1.4981444384039273,0.005,1.982197731770049,0.005,ETHBTC
2018-08-05,1.2053288270933409,0.19,1.133791446372998,0.3,ETHBTC
2018-08-06,1.283014145831308,0.085,1.1453650090872094,0.285,ETHBTC
2018-08-07,2.8684764092927977,0.005,1.2462638205593493,0.19,ETHBTC
2018-08-08,1.9989701528537862,0.005,0.8738142783117023,0.675,ETHBTC
2018-08-09,1.9631998985967518,0.005,2.1611025007968387,0.005,ETHBTC
2018-08-10,1.264429706406391,0.19,0.9381008145500431,0.605,ETHBTC
2018-08-11,1.733651353538854,0.01,1.52223866623086,0.045,ETHBTC
2018-08-12,1.0778725530734001,0.345,1.8105729201099188,0.015,ETHBTC
2018-08-13,1.51396881907388,0.01,2.5462093573059335,0.005,ETHBTC
2018-08-14,1.0167597463343305,0.455,0.8679441618286651,0.675,ETHBTC
2018-08-15,1.664859982664018,0.005,1.419512454142875,0.055,ETHBTC
2018-08-16,1.724232965535222,0.005,1.6963850599223502,0.01,ETHBTC
2018-08-17,0.710130660980492,0.96,0.9673201024212582,0.515,ETHBTC
2018-08-18,1.375800375421702,0.015,0.799467148697255,0.795,ETHBTC
2018-08-19,0.7196918897618299,0.835,0.9652733023098204,0.54,ETHBTC
2018-08-20,2.004431687900384,0.005,1.5965228941210254,0.01,ETHBTC
2018-08-21,1.5170932929486955,0.005,0.9271925358615345,0.565,ETHBTC
2018-08-22,1.491215580809899,0.005,1.4201635269527815,0.075,ETHBTC
2018-08-23,1.21173635258592,0.155,1.198969769158627,0.24,ETHBTC
2018-08-24,1.3573348817954103,0.05,0.6408837466166273,0.895,ETHBTC
2018-08-25,1.3879693070610648,0.085,1.6995524898713517,0.005,ETHBTC
2018-08-26,1.2963367947970934,0.075,1.062663446451069,0.415,ETHBTC
2018-08-27,1.7274323767751225,0.005,1.1205479556932902,0.295,ETHBTC
2018-08-28,0.9330043120474317,0.62,1.0145268120060686,0.465,ETHBTC
2018-08-29,1.2034932435905101,0.03,1.2582035516353152,0.115,ETHBTC
2018-08-30,1.5385982215125231,0.005,1.3445491186236296,0.105,ETHBTC
2018-08-31,0.46767618828542723,0.985,0.6721027786058595,0.905,ETHBTC
2018-09-01,1.9524834038650674,0.005,2.330537524884565,0.005,ETHBTC
2018-09-02,1.2764094667574082,0.12,1.4283754307382082,0.065,ETHBTC
2018-09-03,1.051432454585543,0.415,1.6668787080559049,0.02,ETHBTC
2018-09-04,1.4744103443412548,0.04,1.250470944393237,0.15,ETHBTC
2018-09-05,1.9091164360375044,0.005,1.7451188919968514,0.02,ETHBTC
2018-09-06,0.5388542780217789,1.0,0.4158071192128518,1.0,ETHBTC
2018-09-07,1.5375075210167117,0.005,1.5374577900870936,0.005,ETHBTC
2018-09-08,1.4051757096200013,0.005,0.8261409155154859,0.95,ETHBTC
2018-09-09,1.4204525053432313,0.015,3.1615317700431147,0.005,ETHBTC
2018-09-10,2.0766332536990286,0.005,1.9013691178389058,0.005,ETHBTC
2018-09-11,1.839307349101472,0.005,2.0192823107216817,0.005,ETHBTC
2018-09-12,1.84599763383184,0.005,1.7077941263790133,0.005,ETHBTC
2018-09-13,1.5747979446796434,0.005,3.0224949301236084,0.005,ETHBTC
2018-09-14,1.1276665737954719,0.275,1.4516939381882075,0.02,ETHBTC
2018-09-15,1.002319730863887,0.51,0.8405859366754148,0.725,ETHBTC
2018-09-16,1.2525831386756123,0.115,1.353004182039276,0.075,ETHBTC
2018-09-17,0.9497570146427836,0.69,3.9232330296786038,0.005,ETHBTC
2018-09-18,0.7532067313284074,0.935,1.2531726239810417,0.18,ETHBTC
2018-09-19,2.4408293609826948,0.005,3.308441388442287,0.005,ETHBTC
2018-09-20,0.7004844556987155,0.99,1.167622739199256,0.22,ETHBTC
2018-09-21,1.304721932838099,0.02,1.7191730862535028,0.005,ETHBTC
2018-09-22,1.5016772315473699,0.005,1.359157944949276,0.005,ETHBTC
2018-09-23,1.3677726028746517,0.005,1.903250698911045,0.005,ETHBTC
2018-09-24,2.289261348489739,0.005,2.3800739110399616,0.005,ETHBTC
2018-09-25,1.03372117597413,0.445,2.1234451066068383,0.005,ETHBTC
2018-09-26,1.225036702105198,0.01,2.6655407268602445,0.005,ETHBTC
2018-09-27,0.9547044111968135,0.74,1.1909938325059528,0.065,ETHBTC
2018-09-28,0.7172298306221626,1.0,1.7474891817773988,0.01,ETHBTC
2018-09-29,0.9401141268676466,0.6,1.3720887794154766,0.035,ETHBTC
2018-09-30,2.3575066286077377,0.005,2.791021376871173,0.005,ETHBTC
2018-10-01,1.717863009393776,0.005,2.6976149672570013,0.005,ETHBTC
2018-10-02,0.6223158178963004,0.97,1.752914365921524,0.02,ETHBTC
2018-10-03,1.2083129444090281,0.175,1.5245863966142128,0.055,ETHBTC
2018-10-04,1.889332227281731,0.005,1.7236563735691095,0.005,ETHBTC
2018-10-05,1.3319674808986974,0.085,0.922233562854818,0.6,ETHBTC
2018-10-06,1.0726751001330217,0.35,1.1156669389460228,0.315,ETHBTC
2018-10-07,0.5562728580513628,0.965,0.8479984030593493,0.685,ETHBTC
2018-10-08,1.9190607643205468,0.015,1.7504066746915274,0.01,ETHBTC
2018-10-09,0.8738917790880476,0.62,1.1134827209520366,0.335,ETHBTC
2018-10-10,1.9150760674902054,0.005,1.8884629580434873,0.005,ETHBTC
2018-10-11,1.5781126070866645,0.005,1.6512348844728568,0.005,ETHBTC
2018-10-12,1.4614965332606524,0.005,1.4956469940701915,0.015,ETHBTC
2018-10-13,1.9136778417233387,0.005,0.7618061208169693,0.84,ETHBTC
2018-10-14,1.4312330195758998,0.06,1.3393189333812237,0.125,ETHBTC
2018-10-15,1.2499252004861134,0.12,1.449787978023342,0.035,ETHBTC
2018-10-16,0.9879079367051555,0.495,2.348038288215214,0.005,ETHBTC
2018-10-17,1.5195472518822768,0.01,1.3220462877197088,0.095,ETHBTC
2018-10-18,0.845432028777776,0.755,1.0715174575491304,0.395,ETHBTC
2018-10-19,1.1876110487374278,0.25,1.4183287376188065,0.07,ETHBTC
2018-10-20,0.8993317467799479,0.865,0.9514351294270429,0.645,ETHBTC
2018-10-21,1.2058373513244836,0.08,2.0307646781618995,0.005,ETHBTC
2018-10-22,1.5110896580097766,0.005,1.324885884969128,0.11,ETHBTC
2018-10-23,1.2361453238178013,0.23,1.2227933870575662,0.055,ETHBTC
2018-10-24,0.9209537203719388,0.68,1.3896591500033106,0.02,ETHBTC
2018-10-25,0.833639795463743,0.845,1.1848712708085107,0.2,ETHBTC
2018-10-26,1.748550773875539,0.005,1.3980197728275086,0.065,ETHBTC
2018-10-27,1.3835525023448938,0.01,1.374883165456268,0.105,ETHBTC
2018-10-28,1.0696705078141797,0.535,1.14161303406921,0.27,ETHBTC
2018-10-29,0.7945635015221468,0.875,0.7480609883922701,0.84,ETHBTC
2018-10-30,1.9655859379380047,0.005,2.355534863970802,0.005,ETHBTC
2018-10-31,1.0329289096439551,0.44,0.6491576532885931,0.925,ETHBTC
2018-11-01,1.2668564204473556,0.185,1.8189986318019538,0.01,ETHBTC
2018-11-02,1.0176770369324235,0.465,1.03731201628103,0.425,ETHBTC
2018-11-03,1.2475658346516953,0.08,1.3983282589338912,0.05,ETHBTC
2018-11-04,0.9640140693277992,0.57,2.1962184231327915,0.005,ETHBTC
2018-11-05,1.03027632371046,0.335,1.3602973001254044,0.07,ETHBTC
2018-11-06,0.6637946757990536,0.98,0.9817374663941961,0.52,ETHBTC
2018-11-07,1.018828658014702,0.435,1.0886235890750906,0.37,ETHBTC
2018-11-08,1.4572192891574782,0.01,1.9064787902880231,0.005,ETHBTC
2018-11-09,0.7194863543011859,0.98,2.1206611573036938,0.005,ETHBTC
2018-11-10,1.4630962819696174,0.01,1.4213175210519733,0.07,ETHBTC
2018-11-11,1.1718598532719664,0.245,0.5714018847862218,0.985,ETHBTC
2018-11-12,1.4979536206013138,0.01,1.9390512821806802,0.005,ETHBTC
2018-11-13,0.9970854852306433,0.505,1.9622844561067132,0.005,ETHBTC
2018-11-14,0.9261243991079833,0.645,1.1600151540122798,0.19,ETHBTC
2018-11-15,1.2895620170473723,0.055,2.101478850832855,0.005,ETHBTC
2018-11-16,1.152220039680203,0.27,1.5429082253551067,0.025,ETHBTC
2018-11-17,1.2121087592745465,0.04,1.21191226629139,0.2,ETHBTC
2018-11-18,1.159668931839623,0.16,0.9630658669986715,0.585,ETHBTC
2018-11-19,0.9241506433659264,0.655,1.8610375441894973,0.005,ETHBTC
2018-11-20,1.1608836920716392,0.035,1.3530276496337519,0.005,ETHBTC
2018-11-21,1.4963990823650348,0.005,3.755808622112162,0.005,ETHBTC
2018-11-22,1.1187252802343348,0.215,2.31051896426273,0.005,ETHBTC
2018-11-23,1.9253399471038477,0.005,2.3646644184062535,0.005,ETHBTC
2018-11-24,1.4774745274352237,0.005,1.3271359152263011,0.01,ETHBTC
2018-11-25,1.3389952284975926,0.01,1.3464473986225982,0.005,ETHBTC
2018-11-26,0.9540138050580438,0.555,1.5237199247005817,0.01,ETHBTC
2018-11-27,1.307796604673203,0.085,1.657207340465692,0.005,ETHBTC
2018-11-28,1.6900406650832203,0.01,1.7579086810064677,0.01,ETHBTC
2018-11-29,1.3848082477106638,0.005,1.5323335437731496,0.025,ETHBTC
2018-11-30,1.2042316212227704,0.145,1.2274809388363754,0.195,ETHBTC
2018-12-01,1.1484288844053836,0.22,0.8327244627496156,0.72,ETHBTC
2018-12-02,1.4294582409612089,0.005,2.00035540543619,0.005,ETHBTC
2018-12-03,1.3036450535094684,0.105,0.8167024635876371,0.805,ETHBTC
2018-12-04,1.0241448230440438,0.47,1.8546106307301875,0.005,ETHBTC
2018-12-05,0.7414972141732947,0.945,0.9404936756749013,0.59,ETHBTC
2018-12-06,0.8988171436168247,0.605,1.1885895738675643,0.245,ETHBTC
2018-12-07,1.673366585757278,0.005,1.2435867357196937,0.14,ETHBTC
2018-12-08,1.6055743287548578,0.015,1.7069108252597904,0.01,ETHBTC
2018-12-09,1.7564365025826465,0.005,2.1978681187357756,0.005,ETHBTC
2018-12-10,0.9205610413212851,0.7,1.7300709272676733,0.02,ETHBTC
2018-12-11,0.6863415559825076,0.995,0.7290317331450478,0.85,ETHBTC
2018-12-12,1.079925010998568,0.35,0.8579484881915179,0.66,ETHBTC
2018-12-13,1.1508238004573745,0.25,1.603006452653525,0.015,ETHBTC
2018-12-14,1.6162100475774774,0.005,2.103116821956504,0.005,ETHBTC
2018-12-15,1.1532186289214803,0.15,1.0965683145474123,0.335,ETHBTC
2018-12-16,1.2609558360344084,0.185,0.9794284409370296,0.5,ETHBTC
2018-12-17,1.6022189159783762,0.015,1.3366794452728015,0.065,ETHBTC
2018-12-18,1.3689378901025517,0.085,1.5820569078881097,0.025,ETHBTC
2018-12-19,1.037799246867559,0.375,0.8874522744394137,0.755,ETHBTC
2018-12-20,0.949458277428874,0.59,1.026147608564961,0.42,ETHBTC
2018-12-21,1.2722942973251956,0.09,1.369920852036568,0.085,ETHBTC
2018-12-22,0.9488500472113671,0.59,0.9353351267122777,0.63,ETHBTC
2018-12-23,1.0437352983003123,0.415,1.1204569156861621,0.265,ETHBTC
2018-12-24,2.036493192404695,0.01,2.3441295680843695,0.005,ETHBTC
2018-12-25,1.1829571332818032,0.23,1.1996890021551414,0.21,ETHBTC
2018-12-26,1.541568831996957,0.035,2.0194960937160817,0.005,ETHBTC
2018-12-27,0.3903531375047949,1.0,0.4771209017402297,0.995,ETHBTC
2018-12-28,1.24242237968352,0.18,2.5260557135211985,0.005,ETHBTC
2018-12-29,1.8241826022721594,0.005,1.402518511230699,0.095,ETHBTC
2018-12-30,1.2353595900870644,0.055,0.8532210852879022,0.755,ETHBTC
2018-12-31,0.590984855368411,0.99,1.0811455308105147,0.34,ETHBTC
2019-01-01,1.0717930677756407,0.38,0.6745984250361343,0.89,ETHBTC
2019-01-02,0.9534065099636807,0.575,1.3062309339540585,0.12,ETHBTC
2019-01-03,1.2029872619080484,0.22,1.1926886450678544,0.2,ETHBTC
2019-01-04,0.766935872560143,0.82,0.8263680555519184,0.71,ETHBTC
2019-01-05,0.9877676986356319,0.51,1.292649174603231,0.095,ETHBTC
2019-01-06,1.0558415640699734,0.38,1.3795607502152716,0.085,ETHBTC
2019-01-07,1.5681987498290348,0.015,1.741666322312901,0.005,ETHBTC
2019-01-08,1.0434874078951992,0.4,1.567809569029501,0.05,ETHBTC
2019-01-09,1.3479164184290497,0.115,1.564150656711124,0.025,ETHBTC
2019-01-10,1.354770544403627,0.055,2.5347480110831606,0.005,ETHBTC
2019-01-11,1.1297990508057787,0.33,1.0801671578690761,0.355,ETHBTC
2019-01-12,1.3345553402148898,0.03,1.7816038311772548,0.01,ETHBTC
2019-01-13,0.31708287926907713,1.0,0.3584795509221568,1.0,ETHBTC
2019-01-14,0.5398247126226088,0.985,0.9140009366948002,0.635,ETHBTC
2019-01-15,0.9417400987418442,0.72,1.1800334093807472,0.27,ETHBTC
2019-01-16,1.106148306773116,0.28,1.336583684016302,0.085,ETHBTC
2019-01-17,1.5256826594001656,0.02,2.05228224131497,0.005,ETHBTC
2019-01-18,1.53607863828623,0.025,1.4854422077120224,0.06,ETHBTC
2019-01-19,1.3164741641535747,0.1,0.8873337519302876,0.66,ETHBTC
2019-01-20,1.4064234816571421,0.04,1.8279179109559716,0.005,ETHBTC
2019-01-21,1.6237681058291633,0.005,2.034420728513493,0.005,ETHBTC
2019-01-22,1.6086676464614245,0.01,1.1744289412019837,0.195,ETHBTC
2019-01-23,1.3410864339780835,0.07,1.1618156009037848,0.2,ETHBTC
2019-01-24,1.203378121340626,0.005,1.1054865063818278,0.01,ETHBTC
2019-01-25,1.27318920183563,0.02,1.1500002090611028,0.12,ETHBTC
2019-01-26,0.5894648629939412,0.96,0.1387905035976976,1.0,ETHBTC
2019-01-27,0.7493366640791495,0.91,0.7460655508062726,0.93,ETHBTC
2019-01-28,1.288295695831373,0.115,1.9044764309568663,0.005,ETHBTC
2019-01-29,1.227711254954974,0.02,1.3195411069444585,0.03,ETHBTC
2019-01-30,1.2116847789880183,0.15,0.28807370893584283,1.0,ETHBTC
2019-01-31,0.8969383894286834,0.91,1.0876035049015937,0.125,ETHBTC
2019-02-01,1.6742543244254062,0.01,0.8962489144364572,0.64,ETHBTC
2019-02-02,2.2032138254723037,0.005,1.7468260342528077,0.005,ETHBTC
2019-02-03,0.9511922259979098,0.665,0.8334390807189249,0.745,ETHBTC
2019-02-04,1.220385983798504,0.02,1.1617524293031698,0.115,ETHBTC
2019-02-05,1.2280109761785176,0.055,0.9844817380172213,0.51,ETHBTC
2019-02-06,1.0120032964763537,0.43,0.8479736477401122,0.73,ETHBTC
2019-02-07,1.105721355098244,0.055,1.1210413774854486,0.165,ETHBTC
2019-02-08,0.7667325269941898,0.94,0.5125772227181056,1.0,ETHBTC
2019-02-09,1.3110332271514469,0.06,1.6473960275183324,0.015,ETHBTC
2019-02-10,0.6456378737218821,0.96,0.4170249696439717,1.0,ETHBTC
2019-02-11,0.7574465246602449,0.835,1.379494917866553,0.08,ETHBTC
2019-02-12,0.5410252768568787,0.965,0.9795699887071367,0.505,ETHBTC
2019-02-13,1.705034533529618,0.015,1.902135494997492,0.005,ETHBTC
2019-02-14,1.714540458050503,0.005,1.5283947048541624,0.03,ETHBTC
2019-02-15,2.0592008680443366,0.005,1.6130866684904042,0.01,ETHBTC
2019-02-16,1.2974237607833132,0.11,1.7481541168983885,0.005,ETHBTC
2019-02-17,0.9168940260779979,0.64,1.0601196168848,0.38,ETHBTC
2019-02-18,1.7356437493153354,0.005,2.6256934147599935,0.005,ETHBTC
2019-02-19,1.3121413771238228,0.035,1.1623147382185504,0.14,ETHBTC
2019-02-20,2.2495897155664104,0.005,3.1493373180982456,0.005,ETHBTC
2019-02-21,0.8804829707269066,0.72,2.501219516227826,0.005,ETHBTC
2019-02-22,1.5196991224514544,0.02,1.6999557377048011,0.01,ETHBTC
2019-02-23,0.6994613801400456,0.995,0.9696536336685647,0.53,ETHBTC
2019-02-24,1.364033229180017,0.01,2.244078331147721,0.005,ETHBTC
2019-02-25,2.5552774089713606,0.005,3.3171014136809913,0.005,ETHBTC
2019-02-26,2.2543160622656604,0.005,3.0459016125123424,0.005,ETHBTC
2019-02-27,1.0497402265235642,0.39,1.1179725548916888,0.335,ETHBTC
2019-02-28,0.5613319886186043,0.995,0.6974647643176981,0.94,ETHBTC
2019-03-01,1.3011307321358467,0.035,1.892054711721484,0.005,ETHBTC
2019-03-02,1.26656044796175,0.105,1.1926954337085471,0.215,ETHBTC
2019-03-03,1.4293161503984568,0.015,1.1403493972298637,0.235,ETHBTC
2019-03-04,1.6636555335203782,0.01,1.8720057126824876,0.005,ETHBTC
2019-03-05,0.6437395686030627,0.965,0.6439541180523936,0.98,ETHBTC
2019-03-06,1.4134884634766118,0.05,1.290739450522475,0.145,ETHBTC
2019-03-07,1.930068673698465,0.005,2.5013939091438377,0.005,ETHBTC
2019-03-08,1.4785858536102192,0.035,0.8163855160727393,0.805,ETHBTC
2019-03-09,1.3985063169539251,0.015,1.4407336225840575,0.05,ETHBTC
2019-03-10,2.2725841904100212,0.005,2.5821298538530457,0.005,ETHBTC
2019-03-11,0.9978911467756442,0.495,0.8005565677658978,0.77,ETHBTC
2019-03-12,1.5255151349788434,0.035,1.6999387190608846,0.025,ETHBTC
2019-03-13,1.415762073186363,0.02,1.0942899026332227,0.35,ETHBTC
2019-03-14,0.2461353388469188,1.0,0.3731555417237979,1.0,ETHBTC
2019-03-15,1.1037913038464569,0.285,0.9569060329545349,0.62,ETHBTC
2019-03-16,1.0096317180301015,0.455,1.2116310955919338,0.215,ETHBTC
2019-03-17,2.0369982740500316,0.005,0.4813496401373253,0.99,ETHBTC
2019-03-18,1.6361217429750576,0.01,2.079912449463063,0.005,ETHBTC
2019-03-19,1.2719777092514066,0.115,1.0074131185328108,0.42,ETHBTC
2019-03-20,1.4838385224385642,0.035,1.3108761706950494,0.09,ETHBTC
2019-03-21,0.9406562263087692,0.685,0.9944697667904675,0.545,ETHBTC
2019-03-22,1.4298388165011184,0.015,2.181194449191031,0.005,ETHBTC
2019-03-23,1.8298349072565043,0.005,2.1913112102988923,0.005,ETHBTC
2019-03-24,1.5286207265542455,0.01,1.8248405870195414,0.01,ETHBTC
2019-03-25,1.2641760360815368,0.005,1.2377604166928946,0.005,ETHBTC
2019-03-26,1.0542043470218883,0.37,1.108644974546565,0.365,ETHBTC
2019-03-27,1.3263316750179839,0.035,1.3046833489578988,0.065,ETHBTC
2019-03-28,1.565473756932537,0.02,1.4590492845616543,0.03,ETHBTC
2019-03-29,0.6513399092962061,0.975,0.5050735209781454,0.975,ETHBTC
2019-03-30,0.43156801311819043,1.0,0.8762778926138985,0.66,ETHBTC
2019-03-31,1.2438344055002137,0.045,1.800415928193543,0.015,ETHBTC
2019-04-01,1.4665905231752774,0.035,1.206379315460516,0.18,ETHBTC
2019-04-02,0.9523126728392529,0.56,0.6213934133759298,0.92,ETHBTC
2019-04-03,2.2904973958920065,0.005,2.620869866772141,0.005,ETHBTC
2019-04-04,1.3337280021613185,0.065,3.6907216598702153,0.005,ETHBTC
2019-04-05,2.140326771083814,0.005,1.4625100260092074,0.035,ETHBTC
2019-04-06,1.0623754202765567,0.4,1.4296527163194748,0.045,ETHBTC
2019-04-07,1.0633035350011038,0.355,1.3904502128966936,0.04,ETHBTC
2019-04-08,2.2704631937815476,0.005,3.1420805027453746,0.005,ETHBTC
2019-04-09,1.3236320770379217,0.035,1.4779843935983963,0.015,ETHBTC
2019-04-10,1.0939484790380518,0.33,1.0688639479934559,0.38,ETHBTC
2019-04-11,1.5766986648618848,0.005,1.5272136531923912,0.03,ETHBTC
2019-04-12,1.3968147941320903,0.07,1.756240540978055,0.02,ETHBTC
2019-04-13,1.4532803076224134,0.025,1.848292219176152,0.005,ETHBTC
2019-04-14,0.8312750607719573,0.815,1.1155908931046705,0.34,ETHBTC
2019-04-15,1.6654413948348556,0.005,2.8630112500966836,0.005,ETHBTC
2019-04-16,1.593401759024915,0.025,1.1749936870486517,0.225,ETHBTC
2019-04-17,1.1482575996202453,0.14,1.2866501218838637,0.155,ETHBTC
2019-04-18,0.7573335648705518,0.885,0.4137833579522575,0.995,ETHBTC
2019-04-19,1.1051825556063224,0.3,1.5654464911068444,0.025,ETHBTC
2019-04-20,0.38038179193645355,1.0,0.9167111647960315,0.61,ETHBTC
2019-04-21,1.7738171350229464,0.005,2.190628021977496,0.01,ETHBTC
2019-04-22,1.0815294693100013,0.33,1.6088341588136885,0.03,ETHBTC
2019-04-23,1.1535588044153708,0.275,1.5131180843444074,0.04,ETHBTC
2019-04-24,1.051861840266297,0.265,1.2928340534204117,0.125,ETHBTC
2019-04-25,0.33272424212116775,1.0,0.8071151234470874,0.81,ETHBTC
2019-04-26,1.4442343882122537,0.025,1.6368599952811733,0.03,ETHBTC
2019-04-27,1.2282582364314134,0.11,1.4293916719432453,0.04,ETHBTC
2019-04-28,1.8598491555350798,0.005,1.7963777189379213,0.005,ETHBTC
2019-04-29,0.6807559741328905,0.865,1.2067269623049206,0.165,ETHBTC
2019-04-30,1.0065775221024802,0.51,0.8160853675866592,0.75,ETHBTC
2019-05-01,1.5055195752373671,0.02,1.288137627436038,0.065,ETHBTC
2019-05-02,1.301194367723494,0.055,1.5490693627596,0.02,ETHBTC
2019-05-03,0.9393651325212741,0.675,0.7873222482535148,0.765,ETHBTC
2019-05-04,1.0804863431394802,0.345,1.0263057120736594,0.435,ETHBTC
2019-05-05,0.9664621910942051,0.55,1.124749283371994,0.33,ETHBTC
2019-05-06,1.075878923189997,0.305,1.2717486352479423,0.12,ETHBTC
2019-05-07,1.1102480069867995,0.3,1.4559370093409238,0.04,ETHBTC
2019-05-08,1.0083884706401243,0.46,1.9784883600688918,0.005,ETHBTC
2019-05-09,1.29711970086476,0.01,1.9035856252932701,0.005,ETHBTC
2019-05-10,0.9825598129428985,0.54,1.2875197026029215,0.11,ETHBTC
2019-05-11,2.0417816117329632,0.005,4.073663026885385,0.005,ETHBTC
2019-05-12,1.2241824524349312,0.195,1.520146321199878,0.03,ETHBTC
2019-05-13,1.42356313710015,0.05,1.9788830031677296,0.005,ETHBTC
2019-05-14,1.1947329522722117,0.215,2.2533898955513223,0.005,ETHBTC
2019-05-15,0.9950652650977359,0.555,1.144967636071411,0.005,ETHBTC
2019-05-16,2.3869525014740565,0.005,3.70218073103319,0.005,ETHBTC
2019-05-17,1.0683919878955186,0.215,1.2929546668864098,0.01,ETHBTC
2019-05-18,1.7851480590954751,0.005,3.66531289160315,0.005,ETHBTC
2019-05-19,1.3108862869484454,0.055,1.9050677308487467,0.005,ETHBTC
2019-05-20,0.9993899629787831,0.475,1.1348403116064663,0.23,ETHBTC
2019-05-21,1.731696837592997,0.005,2.7696112596101687,0.005,ETHBTC
2019-05-22,1.4221737896934068,0.05,1.4265956111846478,0.03,ETHBTC
2019-05-23,1.5884797379800153,0.03,1.4414192522268243,0.1,ETHBTC
2019-05-24,1.6852057761866248,0.005,2.1377330126399205,0.005,ETHBTC
2019-05-25,1.2603572109596153,0.165,1.0045706634752567,0.45,ETHBTC
2019-05-26,1.0990684407085642,0.34,1.037623761602688,0.39,ETHBTC
2019-05-27,0.8790884929011168,0.685,2.1303473441583227,0.005,ETHBTC
2019-05-28,1.254383291129091,0.155,1.6165514659212195,0.02,ETHBTC
2019-05-29,1.450152686434095,0.01,1.1960582812138048,0.15,ETHBTC
2019-05-30,1.5587182039394485,0.005,1.2681490480723774,0.035,ETHBTC
2019-05-31,1.390787219046133,0.085,1.3644137720491731,0.07,ETHBTC
2019-06-01,1.4384618520388193,0.015,1.4726506946469056,0.005,ETHBTC
2019-06-02,0.9208786005146793,0.785,1.082861506510302,0.16,ETHBTC
2019-06-03,0.893729601793818,0.79,1.223126169288544,0.195,ETHBTC
2019-06-04,0.8661070248426528,0.765,2.483626769093254,0.005,ETHBTC
2019-06-05,1.75401326133638,0.005,1.8415873497445985,0.005,ETHBTC
2019-06-06,1.0571630086850234,0.37,2.7099457869222676,0.005,ETHBTC
2019-06-07,0.47957590397248784,0.995,0.9218652483076747,0.57,ETHBTC
2019-06-08,1.226645706188016,0.075,1.5544320786189603,0.015,ETHBTC
2019-06-09,0.8865765548482535,0.695,1.2249491805801322,0.2,ETHBTC
2019-06-10,1.203058386911233,0.01,1.9833378280227951,0.005,ETHBTC
2019-06-11,1.5915953817309179,0.01,1.283517388652238,0.13,ETHBTC
2019-06-12,0.9506700432509395,0.595,1.4372113351455322,0.06,ETHBTC
2019-06-13,1.7817662248990167,0.02,2.8994757446281696,0.005,ETHBTC
2019-06-14,1.0226528136776976,0.44,1.7215441437569885,0.015,ETHBTC
2019-06-15,1.586911788970481,0.01,1.8331305071598987,0.005,ETHBTC
2019-06-16,1.353243384005367,0.055,2.405743423389975,0.005,ETHBTC
2019-06-17,0.9926215413422927,0.455,1.5543796345668968,0.055,ETHBTC
2019-06-18,1.5513554948988315,0.005,2.2826416706567754,0.005,ETHBTC
2019-06-19,1.8643288020442663,0.005,2.1367166661918247,0.005,ETHBTC
2019-06-20,1.048712530868975,0.4,0.8014236124230352,0.84,ETHBTC
2019-06-21,1.4658807114815877,0.045,1.845679975321397,0.015,ETHBTC
2019-06-22,1.644002496973843,0.015,2.724278342348248,0.005,ETHBTC
2019-06-23,2.270157218728968,0.005,3.2651510109472803,0.005,ETHBTC
2019-06-24,1.378416483357191,0.05,1.7514063070067758,0.005,ETHBTC
2019-06-25,0.8630115570554091,0.68,1.607886040262106,0.025,ETHBTC
2019-06-26,1.686781741291468,0.02,1.8400462168384597,0.01,ETHBTC
2019-06-27,1.511134357953718,0.025,1.5010843145296826,0.03,ETHBTC
2019-06-28,1.5052738804273433,0.005,2.0203412465893944,0.005,ETHBTC
2019-06-29,1.5959345864916061,0.02,1.9041707804985235,0.005,ETHBTC
2019-06-30,2.5391714328531174,0.005,3.967284109444051,0.005,ETHBTC
2019-07-01,1.1166671009714024,0.245,1.3088964740353084,0.04,ETHBTC
2019-07-02,1.4228297553607685,0.03,2.6461248691562522,0.005,ETHBTC
2019-07-03,1.5724392112639483,0.025,1.8177808504510502,0.025,ETHBTC
2019-07-04,1.5633051794838253,0.005,2.28502654742105,0.005,ETHBTC
2019-07-05,2.205570629637915,0.005,2.1745961128961366,0.005,ETHBTC
2019-07-06,1.2965193427547954,0.085,1.747673419016834,0.02,ETHBTC
2019-07-07,1.0859576287085466,0.24,1.7379623689270236,0.005,ETHBTC
2019-07-08,1.392796139671147,0.06,1.7139650639829935,0.005,ETHBTC
2019-07-09,0.951512072857125,0.65,1.2055961978057919,0.2,ETHBTC
2019-07-10,0.9625173377008976,0.52,1.3565827669978476,0.1,ETHBTC
2019-07-11,1.7497877717370223,0.01,2.305082088247163,0.005,ETHBTC
2019-07-12,1.317758245428416,0.02,1.4866436567646075,0.005,ETHBTC
2019-07-13,1.5685857887902768,0.005,1.3526861437639357,0.045,ETHBTC
2019-07-14,1.577000213772083,0.005,2.593462507111059,0.005,ETHBTC
2019-07-15,1.3394452218088786,0.07,1.6257368068841787,0.01,ETHBTC
2019-07-16,1.764736283561846,0.005,2.126507454684784,0.005,ETHBTC
2019-07-17,1.6313947318137905,0.005,2.431336715962353,0.005,ETHBTC
2019-07-18,2.6110534989371463,0.005,2.603706611752926,0.005,ETHBTC
2019-07-19,1.6141041953064645,0.02,2.412592358073336,0.005,ETHBTC
2019-07-20,1.6174664008675161,0.01,1.429776207010397,0.08,ETHBTC
2019-07-21,1.1183590647952801,0.3,0.9177171337899513,0.61,ETHBTC
2019-07-22,1.4500610893677097,0.005,1.192878821396538,0.225,ETHBTC
2019-07-23,1.8463113829097435,0.005,1.690098958255888,0.005,ETHBTC
2019-07-24,0.5292926135450755,1.0,0.4740454875112994,1.0,ETHBTC
2019-07-25,2.1047725992294652,0.005,2.67253302485787,0.005,ETHBTC
2019-07-26,1.6472372157115462,0.005,1.7985200075168675,0.005,ETHBTC
2019-07-27,0.5674964115909322,0.98,0.4947319676991243,0.985,ETHBTC
2019-07-28,0.9820511317804842,0.5,1.3058024979413083,0.12,ETHBTC
2019-07-29,1.1542350813041593,0.275,1.2288049145196096,0.19,ETHBTC
2019-07-30,0.8716949564870246,0.795,0.9260768456456754,0.665,ETHBTC
2019-07-31,0.8903247988533126,0.69,1.1651633700142607,0.325,ETHBTC
2019-08-01,0.9794546328056104,0.545,1.0493425887261325,0.375,ETHBTC
2019-08-02,0.5457580368259024,1.0,0.4015100767850512,0.995,ETHBTC
2019-08-03,2.033335541752839,0.005,1.5073573029642424,0.015,ETHBTC
2019-08-04,1.0411302233827304,0.425,0.9520288196351366,0.57,ETHBTC
2019-08-05,1.5225705799250444,0.035,1.959948003608807,0.005,ETHBTC
2019-08-06,1.2267675027332485,0.025,2.2382594697713403,0.005,ETHBTC
2019-08-07,1.1990251297877175,0.01,2.2108050813622278,0.005,ETHBTC
2019-08-08,1.430700576852236,0.015,1.1252184429589005,0.3,ETHBTC
2019-08-09,1.3171413267012608,0.005,1.0745938626973002,0.355,ETHBTC
2019-08-10,0.7060677908640846,0.825,0.9417042510290241,0.535,ETHBTC
2019-08-11,1.1533804700825296,0.31,2.255746899969829,0.005,ETHBTC
2019-08-12,0.8387159870105353,0.745,1.249923975400364,0.15,ETHBTC
2019-08-13,1.1773421831905018,0.14,0.9464182267591188,0.705,ETHBTC
2019-08-14,1.7626628973157834,0.02,0.37581432472525794,1.0,ETHBTC
2019-08-15,2.4355772888493936,0.005,2.5834188681721084,0.005,ETHBTC
2019-08-16,2.2241024654404202,0.005,1.4033014957110455,0.075,ETHBTC
2019-08-17,2.798996410861943,0.005,2.571634064523601,0.005,ETHBTC
2019-08-18,1.828677762733942,0.005,2.057617089882132,0.005,ETHBTC
2019-08-19,1.1322319762206323,0.22,1.5866657173697196,0.005,ETHBTC
2019-08-20,1.6297401958574143,0.005,2.6071271966055285,0.005,ETHBTC
2019-08-21,1.5258097233276864,0.005,2.5263996540854428,0.005,ETHBTC
2019-08-22,1.6189814883501996,0.005,1.4711094146206358,0.03,ETHBTC
2019-08-23,2.099570245424835,0.005,2.7780862888702247,0.005,ETHBTC
2019-08-24,0.8719996482758747,0.765,1.108425687789441,0.285,ETHBTC
2019-08-25,0.9084009794206118,0.685,0.8537308304693716,0.77,ETHBTC
2019-08-26,1.3225813577458272,0.035,1.215898784909768,0.19,ETHBTC
2019-08-27,1.967359726438279,0.005,1.6004735818208642,0.01,ETHBTC
2019-08-28,1.0543554577129188,0.36,1.293406777973289,0.055,ETHBTC
2019-08-29,1.9363161628730603,0.005,2.4453626732949325,0.005,ETHBTC
2019-08-30,1.1632821720496274,0.155,1.1797588884450843,0.12,ETHBTC
2019-08-31,2.7414603873664043,0.005,3.475206902008205,0.005,ETHBTC
2019-09-01,1.6664833637803598,0.015,0.9009693113079655,0.695,ETHBTC
2019-09-02,1.421856165488302,0.005,1.2533309632580358,0.13,ETHBTC
2019-09-03,1.2811369375345598,0.05,1.1958710562057773,0.17,ETHBTC
2019-09-04,3.106636908780534,0.005,4.301997074271896,0.005,ETHBTC
2019-09-05,1.3230921780169929,0.015,1.7250120189457987,0.005,ETHBTC
2019-09-06,1.2158566987458896,0.065,1.0626093339504905,0.34,ETHBTC
2019-09-07,1.3212578694608617,0.025,1.748546531424885,0.005,ETHBTC
2019-09-08,1.3173113805666499,0.03,1.4467302933161774,0.005,ETHBTC
2019-09-09,1.8036535034778893,0.005,2.0859550478826847,0.005,ETHBTC
2019-09-10,0.9615894022608097,0.63,1.2959296947926537,0.065,ETHBTC
2019-09-11,0.702725332757598,0.965,0.8635858693257674,0.85,ETHBTC
2019-09-12,1.64583520657553,0.005,1.8412321722831169,0.005,ETHBTC
2019-09-13,1.545877697267228,0.005,2.377290772447639,0.005,ETHBTC
2019-09-14,1.2489928645981159,0.045,0.9036529884126323,0.62,ETHBTC
2019-09-15,1.5080729518240807,0.01,1.6858839432375126,0.005,ETHBTC
2019-09-16,1.4959639916648073,0.015,2.5211272651545404,0.005,ETHBTC
2019-09-17,2.334298188832766,0.005,2.084627837531492,0.005,ETHBTC
2019-09-18,1.3066259185579951,0.01,1.2301564861531042,0.01,ETHBTC
2019-09-19,1.1945655970935323,0.12,1.419599199806776,0.04,ETHBTC
2019-09-20,1.2677339502245508,0.015,1.5454248539168212,0.005,ETHBTC
2019-09-21,0.8939662955574434,0.75,1.0509091834928315,0.39,ETHBTC
2019-09-22,1.17413896413245,0.17,1.4284036438237457,0.04,ETHBTC
2019-09-23,1.5167038508099737,0.005,2.0479051105536596,0.005,ETHBTC
2019-09-24,2.7148601156015544,0.005,1.756615539320701,0.01,ETHBTC
2019-09-25,1.1645434336231133,0.14,1.3997458153153974,0.005,ETHBTC
2019-09-26,0.45106640228601724,1.0,1.4552912641325089,0.06,ETHBTC
2019-09-27,1.6678322310249143,0.005,2.4992118484337738,0.005,ETHBTC
2019-09-28,1.8554712410017518,0.005,1.9280572297283003,0.015,ETHBTC
2019-09-29,1.1623023176273426,0.185,1.11667019278768,0.34,ETHBTC
2019-09-30,1.1163406558736555,0.225,0.7737059840228818,0.805,ETHBTC
2019-10-01,1.3363267169941915,0.01,1.2088329373935298,0.13,ETHBTC
2019-10-02,1.4287701492919598,0.01,2.548805627389972,0.005,ETHBTC
2019-10-03,1.3888805685363652,0.05,1.6363293488035962,0.015,ETHBTC
2019-10-04,1.9639482348836745,0.005,1.9447115970633342,0.005,ETHBTC
2019-10-05,1.3193600321747403,0.03,1.6073235249185926,0.005,ETHBTC
2019-10-06,0.5734429389425937,0.915,0.7850912057290612,0.81,ETHBTC
2019-10-07,1.1285532654397488,0.15,1.719089820293992,0.005,ETHBTC
2019-10-08,1.0822001278572648,0.34,2.0393265537640732,0.005,ETHBTC
2019-10-09,1.4440355592511298,0.02,1.5521836562706828,0.01,ETHBTC
2019-10-10,1.4304229853257848,0.05,1.9080045908605052,0.005,ETHBTC
2019-10-11,1.0226511798336844,0.425,0.9648000786208892,0.58,ETHBTC
2019-10-12,0.943311375016244,0.555,0.8416386295166957,0.73,ETHBTC
2019-10-13,1.351977971622732,0.025,2.3575489560704033,0.005,ETHBTC
2019-10-14,2.7107316919693725,0.005,3.4582890293434647,0.005,ETHBTC
2019-10-15,1.0644898589721488,0.385,1.2476872089932105,0.18,ETHBTC
2019-10-16,0.768943706317819,0.955,1.0684931534977087,0.36,ETHBTC
2019-10-17,1.067434380407386,0.32,2.0181419772143605,0.005,ETHBTC
2019-10-18,1.0131037780951473,0.435,0.9797405913206377,0.55,ETHBTC
2019-10-19,0.9696472258166693,0.64,1.1830261470652026,0.215,ETHBTC
2019-10-20,0.9250554994833697,0.685,0.9339731137754277,0.615,ETHBTC
2019-10-21,1.4884728960104971,0.01,1.440363578259316,0.02,ETHBTC
2019-10-22,1.039123683594444,0.365,1.2908602820207222,0.065,ETHBTC
2019-10-23,1.362789561727557,0.025,1.2395506917665147,0.145,ETHBTC
2019-10-24,0.38610839512878353,1.0,1.8639336735272345,0.005,ETHBTC
2019-10-25,1.5287518130000601,0.01,1.4511627366314759,0.055,ETHBTC
2019-10-26,1.0914818956360044,0.205,0.8332049798134431,0.965,ETHBTC
2019-10-27,1.6169077619071557,0.005,1.9717015996601495,0.005,ETHBTC
2019-10-28,0.958544323298663,0.57,1.2484726825305121,0.215,ETHBTC
2019-10-29,1.3767939847346802,0.095,1.5292642575498292,0.025,ETHBTC
2019-10-30,1.5133596456534388,0.035,1.3222086625155325,0.09,ETHBTC
2019-10-31,0.5025206751363805,1.0,0.654628323617049,0.935,ETHBTC
2019-11-01,1.675686281879931,0.005,1.1338498697708876,0.27,ETHBTC
2019-11-02,0.9907589185503823,0.475,1.3342965257864785,0.08,ETHBTC
2019-11-03,1.1831642225347996,0.155,2.5393052578318773,0.005,ETHBTC
2019-11-04,0.955426966510059,0.805,1.224845123437339,0.095,ETHBTC
2019-11-05,1.5408266226875007,0.025,1.2062981343152221,0.19,ETHBTC
2019-11-06,1.4579918615851521,0.02,1.9010113648938234,0.005,ETHBTC
2019-11-07,0.8320691586313446,0.86,1.412406591636185,0.005,ETHBTC
2019-11-08,1.118405736082439,0.29,1.6222388769916438,0.005,ETHBTC
2019-11-09,1.6956426497259602,0.005,2.489650717879551,0.005,ETHBTC
2019-11-10,1.7541040859852066,0.01,3.0541114716927966,0.005,ETHBTC
2019-11-11,1.4072502266179312,0.02,1.3032489893498642,0.15,ETHBTC
2019-11-12,0.8565405490814834,0.715,1.0161265599829192,0.45,ETHBTC
2019-11-13,1.0320729023300348,0.445,1.330755021151857,0.095,ETHBTC
2019-11-14,1.8107279582893558,0.005,1.5084663635368625,0.01,ETHBTC
2019-11-15,0.8766701679893835,0.705,1.0419121785213423,0.425,ETHBTC
2019-11-16,1.4474167933919313,0.005,2.02058107458462,0.005,ETHBTC
2019-11-17,1.0610822892009761,0.375,1.4046662617051473,0.02,ETHBTC
2018-04-06,0.7234274585257031,0.68,0.540715862095803,0.795,LTCBTC
2018-04-07,1.2701569134759756,0.08,1.2896278649248571,0.21,LTCBTC
2018-04-08,1.5474732683003725,0.02,2.4684686905908735,0.005,LTCBTC
2018-04-09,1.2222033505429972,0.115,1.8043570993500226,0.01,LTCBTC
2018-04-10,1.357473250184788,0.025,1.5570259816454821,0.01,LTCBTC
2018-04-11,1.8711698712334552,0.005,2.2418086965771895,0.005,LTCBTC
2018-04-12,1.1943591218732328,0.27,1.193851060040116,0.215,LTCBTC
2018-04-13,1.1509591372984322,0.185,1.2989409661579825,0.15,LTCBTC
2018-04-14,0.8213869423970649,0.795,1.4753738964937397,0.045,LTCBTC
2018-04-15,1.5326161514523098,0.035,2.533457702464184,0.005,LTCBTC
2018-04-16,0.9952936331524463,0.47,1.0426462973863035,0.395,LTCBTC
2018-04-17,0.9897708697733264,0.505,1.5274727074245025,0.01,LTCBTC
2018-04-18,0.9547031341885563,0.565,1.7937170170583954,0.005,LTCBTC
2018-04-19,1.3229950425389632,0.025,2.955085898140387,0.005,LTCBTC
2018-04-20,0.8887307309417062,0.69,1.2362504964042043,0.17,LTCBTC
2018-04-21,1.0131953682321375,0.455,1.0699297715082152,0.3,LTCBTC
2018-04-22,1.2509489862774765,0.1,0.8570189512186094,0.675,LTCBTC
2018-04-23,0.8028523603365787,0.88,0.8868313486516641,0.63,LTCBTC
2018-04-24,1.3877619642888466,0.025,1.8490925350592717,0.01,LTCBTC
2018-04-25,0.8793229965515059,0.7,1.7691509792190319,0.015,LTCBTC
2018-04-26,0.9481959653813606,0.63,1.7570375807151157,0.03,LTCBTC
2018-04-27,1.0767087438447094,0.375,1.465913852434444,0.05,LTCBTC
2018-04-28,1.1243554837093548,0.225,1.3539890753989614,0.105,LTCBTC
2018-04-29,0.6728038490334008,0.91,0.982098493132382,0.475,LTCBTC
2018-04-30,1.349669242173875,0.025,1.9865399322948174,0.005,LTCBTC
2018-05-01,0.8499699374505199,0.86,1.4945313771703537,0.05,LTCBTC
2018-05-02,1.3956926050821195,0.09,2.230536548023102,0.005,LTCBTC
2018-05-03,0.9480197700410916,0.64,1.3815590010270598,0.05,LTCBTC
2018-05-04,0.48494008301193064,0.95,1.0930522740905444,0.135,LTCBTC
2018-05-05,0.7211147738395048,0.895,1.53415522195537,0.04,LTCBTC
2018-05-06,1.2392203745179415,0.1,1.4741421753599881,0.04,LTCBTC
2018-05-07,1.8409169132056127,0.005,2.1338988057757553,0.005,LTCBTC
2018-05-08,1.436025682890735,0.01,1.5711105133397723,0.005,LTCBTC
2018-05-09,1.4217042635421784,0.005,1.8407901970323428,0.005,LTCBTC
2018-05-10,1.3793204171970574,0.055,2.762380246999764,0.005,LTCBTC
2018-05-11,1.3813866354771474,0.04,2.4173633045394562,0.005,LTCBTC
2018-05-12,1.4257939986757597,0.05,2.4432819064059177,0.005,LTCBTC
2018-05-13,1.1326685834347614,0.26,1.3709258127578372,0.115,LTCBTC
2018-05-14,1.243490989957664,0.1,1.87836751523433,0.01,LTCBTC
2018-05-15,1.4157473840894046,0.045,1.6079527622799588,0.035,LTCBTC
2018-05-16,0.8565765907190869,0.7,1.437483957487322,0.055,LTCBTC
2018-05-17,1.8697288742212208,0.005,2.074923020615095,0.005,LTCBTC
2018-05-18,0.8651206891934831,0.82,0.7272924684298407,0.82,LTCBTC
2018-05-19,0.966096877224061,0.66,1.747634167736862,0.01,LTCBTC
2018-05-20,1.0087405821280007,0.47,1.4094109711458847,0.09,LTCBTC
2018-05-21,0.8338309357628747,0.71,1.7579407754765768,0.01,LTCBTC
2018-05-22,1.214123598410373,0.065,1.367825832020493,0.13,LTCBTC
2018-05-23,1.0191489924744184,0.42,1.4329866910803755,0.005,LTCBTC
2018-05-24,1.2252336476669516,0.13,1.660353507079979,0.035,LTCBTC
2018-05-25,1.3465419159696381,0.025,1.4282104607670731,0.04,LTCBTC
2018-05-26,0.9463223883265486,0.585,0.7312805369975217,0.85,LTCBTC
2018-05-27,0.9987709842240098,0.475,1.1883697835618714,0.265,LTCBTC
2018-05-28,0.8414988247458345,0.785,1.5120569167851465,0.035,LTCBTC
2018-05-29,1.2461384535598736,0.195,1.6338912489688922,0.015,LTCBTC
2018-05-30,1.5907893529076207,0.035,1.4283542673301488,0.06,LTCBTC
2018-05-31,1.2540422570435206,0.2,1.275091438143684,0.18,LTCBTC
2018-06-01,1.647877200674417,0.025,1.1278043360492984,0.24,LTCBTC
2018-06-02,1.002957516115985,0.495,0.7270614683755355,0.845,LTCBTC
2018-06-03,0.6069855267049161,0.985,1.1875419039526138,0.24,LTCBTC
2018-06-04,1.0064504790409732,0.49,1.1090575174805017,0.33,LTCBTC
2018-06-05,1.0960397800448083,0.34,1.224428057035601,0.17,LTCBTC
2018-06-06,0.9663301263850925,0.525,1.1673823369127452,0.25,LTCBTC
2018-06-07,0.6590529831960517,0.97,0.753246879233614,0.88,LTCBTC
2018-06-08,1.1420755296221523,0.12,1.332903643750541,0.09,LTCBTC
2018-06-09,1.5218091943653134,0.045,2.2254932915376986,0.005,LTCBTC
2018-06-10,1.0780482014703585,0.345,1.2841568315274565,0.155,LTCBTC
2018-06-11,1.2174869529412946,0.055,1.0178267607232698,0.46,LTCBTC
2018-06-12,1.0149077768575416,0.445,1.473310734817171,0.055,LTCBTC
2018-06-13,0.9905392875590193,0.515,1.171689990637157,0.26,LTCBTC
2018-06-14,1.21820131861498,0.05,1.057056499616843,0.355,LTCBTC
2018-06-15,1.3134785796225166,0.1,1.301287793272249,0.135,LTCBTC
2018-06-16,1.1606728850874846,0.135,1.3027863516901628,0.145,LTCBTC
2018-06-17,0.9850416207383947,0.525,1.3168762966788965,0.12,LTCBTC
2018-06-18,0.9975217175544336,0.49,1.0155736699702929,0.42,LTCBTC
2018-06-19,1.4609244250638422,0.015,1.5311606711752677,0.035,LTCBTC
2018-06-20,0.8919184917969367,0.61,1.1085037221627576,0.345,LTCBTC
2018-06-21,0.9882909212958847,0.535,0.8210467877928047,0.745,LTCBTC
2018-06-22,1.594986687359832,0.005,2.1413255417157515,0.005,LTCBTC
2018-06-23,1.318762924959698,0.02,1.8335383015063378,0.005,LTCBTC
2018-06-24,1.3652656973957262,0.03,1.2443883721958584,0.19,LTCBTC
2018-06-25,1.336096705775325,0.005,1.5730099051421556,0.005,LTCBTC
2018-06-26,1.378615436359091,0.15,2.1715100851896203,0.01,LTCBTC
2018-06-27,1.170312584839893,0.185,1.6747217503147138,0.03,LTCBTC
2018-06-28,1.3388149405059655,0.13,1.7375813187179872,0.01,LTCBTC
2018-06-29,1.0600026027356766,0.4,0.5755082291562622,0.94,LTCBTC
2018-06-30,1.1672073756819579,0.085,1.599936782296026,0.005,LTCBTC
2018-07-01,1.3034086229073254,0.16,1.629512164857897,0.015,LTCBTC
2018-07-02,0.9261244465063725,0.625,1.3014561084589005,0.145,LTCBTC
2018-07-03,1.0233457917978774,0.315,2.1249929043461293,0.005,LTCBTC
2018-07-04,1.1160053797825664,0.33,1.833778690358579,0.005,LTCBTC
2018-07-05,1.0701490459752498,0.415,1.1416946710581273,0.27,LTCBTC
2018-07-06,1.22276627027065,0.22,1.5107029597560446,0.06,LTCBTC
2018-07-07,1.1752511935152934,0.215,1.1941909567510054,0.115,LTCBTC
2018-07-08,1.6948434980611389,0.01,1.9484409467162718,0.005,LTCBTC
2018-07-09,1.025478113487719,0.44,1.8892439808614572,0.015,LTCBTC
2018-07-10,0.9553671599440068,0.635,0.9734358931604441,0.515,LTCBTC
2018-07-11,1.3524474759388676,0.085,1.609196931671427,0.015,LTCBTC
2018-07-12,1.2202331629547696,0.17,1.9562963345625954,0.01,LTCBTC
2018-07-13,1.0726220064048102,0.39,1.853378449138913,0.01,LTCBTC
2018-07-14,1.123206157511052,0.31,1.3449042817262526,0.125,LTCBTC
2018-07-15,1.3087904320350303,0.105,1.6213866403433992,0.02,LTCBTC
2018-07-16,1.5205950898876048,0.015,1.440959111798161,0.09,LTCBTC
2018-07-17,0.9784059093692804,0.525,0.703024899139522,0.835,LTCBTC
2018-07-18,0.9310394973780978,0.6,1.0828279781764028,0.36,LTCBTC
2018-07-19,1.3836969831292523,0.055,1.4797767603291392,0.055,LTCBTC
2018-07-20,1.0959752224686075,0.23,0.9519657943271017,0.55,LTCBTC
2018-07-21,1.5295364973168581,0.03,1.4652310084553695,0.07,LTCBTC
2018-07-22,0.8915017713067046,0.75,0.8084228925504805,0.755,LTCBTC
2018-07-23,0.6690624969895648,0.9,0.8932216897213303,0.61,LTCBTC
2018-07-24,1.4051036551867009,0.05,1.3596086595426342,0.09,LTCBTC
2018-07-25,0.9377387099397184,0.585,0.8788212085102073,0.625,LTCBTC
2018-07-26,1.5216373054314642,0.03,2.0316794409357186,0.01,LTCBTC
2018-07-27,1.1567173716580315,0.28,1.3585949341034758,0.12,LTCBTC
2018-07-28,1.4614448263646038,0.06,1.2859564754738222,0.175,LTCBTC
2018-07-29,0.7081167241193493,0.925,1.2132139356544953,0.155,LTCBTC
2018-07-30,1.5533869764965955,0.005,3.13469836597339,0.005,LTCBTC
2018-07-31,1.2748403685583427,0.06,1.087926996419425,0.275,LTCBTC
2018-08-01,0.8888146886845025,0.64,0.7016071642897004,0.88,LTCBTC
2018-08-02,1.0397599428598545,0.37,1.6483487548581433,0.02,LTCBTC
2018-08-03,0.9713771247923317,0.54,1.4208944580868805,0.08,LTCBTC
2018-08-04,1.3553385000160636,0.07,1.7884852885578713,0.005,LTCBTC
2018-08-05,1.1644856918352342,0.26,1.3981556871549123,0.075,LTCBTC
2018-08-06,1.1046575234547586,0.345,1.1093249777523202,0.325,LTCBTC
2018-08-07,0.9430926373375108,0.65,0.8023601936075575,0.79,LTCBTC
2018-08-08,1.5691819088323053,0.01,1.252515157312367,0.205,LTCBTC
2018-08-09,1.399352724064651,0.08,1.598912752076599,0.015,LTCBTC
2018-08-10,1.2615553527594943,0.015,1.415007112849692,0.095,LTCBTC
2018-08-11,1.4833192362692154,0.06,1.7457747431405721,0.02,LTCBTC
2018-08-12,1.4865168782885454,0.065,1.9630815111266662,0.01,LTCBTC
2018-08-13,1.3230147451438734,0.04,2.0181179598891683,0.01,LTCBTC
2018-08-14,0.7669559529879449,0.905,1.5508695761116271,0.01,LTCBTC
2018-08-15,1.7504725508806414,0.005,2.888119014240734,0.005,LTCBTC
2018-08-16,1.0752780832235265,0.165,2.681642124498407,0.005,LTCBTC
2018-08-17,1.624467763777029,0.005,1.9015695327018254,0.005,LTCBTC
2018-08-18,0.9468315990513989,0.705,1.7221454827695992,0.015,LTCBTC
2018-08-19,0.828721774846138,0.765,1.3537017391164938,0.03,LTCBTC
2018-08-20,0.9758208069146171,0.58,1.3677427340738972,0.03,LTCBTC
2018-08-21,1.374225572506556,0.005,1.6608736161236852,0.005,LTCBTC
2018-08-22,1.1009910366360596,0.35,1.6770506028189165,0.005,LTCBTC
2018-08-23,1.1586051130600683,0.125,1.351845415289673,0.09,LTCBTC
2018-08-24,1.5602139886080049,0.005,1.7658206534731575,0.005,LTCBTC
2018-08-25,1.6719031217313103,0.02,2.0549458508928478,0.01,LTCBTC
2018-08-26,1.2213453346784087,0.17,1.359257957323392,0.095,LTCBTC
2018-08-27,0.7416746640320029,0.905,0.48073208655395283,0.995,LTCBTC
2018-08-28,0.8474595828568463,0.72,0.8770319297550022,0.665,LTCBTC
2018-08-29,1.3263139596782643,0.005,1.9174956446638418,0.01,LTCBTC
2018-08-30,1.0998798490084012,0.32,1.4858001764640394,0.04,LTCBTC
2018-08-31,0.43447675363364496,0.99,1.3076103135283088,0.075,LTCBTC
2018-09-01,1.1216922360197565,0.27,1.082368240920502,0.37,LTCBTC
2018-09-02,1.5643609374670624,0.04,2.161242528286994,0.005,LTCBTC
2018-09-03,1.185266570583254,0.01,1.87814125013251,0.01,LTCBTC
2018-09-04,1.1413388974253809,0.305,1.5178156947264758,0.045,LTCBTC
2018-09-05,1.0851289679995808,0.325,2.8524571291268916,0.005,LTCBTC
2018-09-06,0.9922069883453782,0.54,1.3789417080301911,0.105,LTCBTC
2018-09-07,1.0196263635590936,0.485,1.2428678844524004,0.165,LTCBTC
2018-09-08,1.067657879918913,0.38,1.1311155829505577,0.295,LTCBTC
2018-09-09,0.9883237579037925,0.515,2.206798473931114,0.005,LTCBTC
2018-09-10,1.0925908458193512,0.31,2.262638166064918,0.005,LTCBTC
2018-09-11,1.3700307610241047,0.01,1.597922731907993,0.015,LTCBTC
2018-09-12,1.8458741793471238,0.005,1.741478521844537,0.015,LTCBTC
2018-09-13,1.0117612631909987,0.485,1.6067875667363507,0.03,LTCBTC
2018-09-14,1.3386143242512023,0.04,1.536872162243261,0.05,LTCBTC
2018-09-15,0.7929820244593534,0.96,0.7384269841423264,0.86,LTCBTC
2018-09-16,1.3209873080328343,0.105,1.5662709632638305,0.015,LTCBTC
2018-09-17,1.1298307364076174,0.205,1.7755456855286842,0.01,LTCBTC
2018-09-18,1.0204309095600128,0.41,1.043258620658215,0.45,LTCBTC
2018-09-19,1.2162400853113868,0.08,2.1814016847202935,0.005,LTCBTC
2018-09-20,1.0649818614490631,0.405,0.9959179734665474,0.48,LTCBTC
2018-09-21,1.1705258571984134,0.21,1.0466667207812788,0.435,LTCBTC
2018-09-22,1.233342615648364,0.12,1.1066830709749043,0.34,LTCBTC
2018-09-23,1.5295274734519428,0.005,1.5061693220572054,0.01,LTCBTC
2018-09-24,1.0002847623260356,0.495,1.0773354798180896,0.32,LTCBTC
2018-09-25,2.227027320019581,0.005,2.692047219129621,0.005,LTCBTC
2018-09-26,1.4556255467705808,0.015,1.5436734352335697,0.025,LTCBTC
2018-09-27,1.3406915107006963,0.025,2.227436360333339,0.005,LTCBTC
2018-09-28,1.4615846122107359,0.005,1.4147821291806255,0.05,LTCBTC
2018-09-29,1.0128552994047915,0.435,1.8239164988799543,0.015,LTCBTC
2018-09-30,1.388649313901007,0.02,1.8837937736345998,0.005,LTCBTC
2018-10-01,2.4467372940619083,0.005,2.2982577013841876,0.005,LTCBTC
2018-10-02,1.2208513403870804,0.17,0.6994496162737145,0.885,LTCBTC
2018-10-03,1.2354925696986687,0.105,0.7877007247231389,0.77,LTCBTC
2018-10-04,1.6105953460158433,0.01,2.284294828074554,0.005,LTCBTC
2018-10-05,1.4545139254212343,0.005,2.2883469739908358,0.005,LTCBTC
2018-10-06,1.2240403039545118,0.075,0.9519637671882808,0.565,LTCBTC
2018-10-07,1.0749129484172966,0.315,1.4340421138314865,0.045,LTCBTC
2018-10-08,0.8600450543408268,0.725,0.8075545428522027,0.825,LTCBTC
2018-10-09,1.021752902512275,0.435,1.1329593124613253,0.275,LTCBTC
2018-10-10,1.3127471740328271,0.045,1.1981323722877537,0.255,LTCBTC
2018-10-11,1.2350399828556304,0.015,1.332150865413662,0.11,LTCBTC
2018-10-12,1.3866986043932312,0.005,1.5255773638324641,0.005,LTCBTC
2018-10-13,1.0678305689341843,0.265,1.2650979364404475,0.125,LTCBTC
2018-10-14,1.538367284862064,0.015,2.0636837241388104,0.005,LTCBTC
2018-10-15,1.2024100280018664,0.11,1.195348550081732,0.215,LTCBTC
2018-10-16,1.3867183997948327,0.01,1.5460554714069303,0.005,LTCBTC
2018-10-17,1.5966873247335456,0.015,1.732215023623241,0.01,LTCBTC
2018-10-18,1.617990664031638,0.01,2.0152076717077834,0.005,LTCBTC
2018-10-19,1.379858994238702,0.125,1.4779433855778403,0.065,LTCBTC
2018-10-20,1.4217839009715825,0.005,1.6132244288346278,0.06,LTCBTC
2018-10-21,1.0159559320316855,0.45,1.3668707225165488,0.06,LTCBTC
2018-10-22,1.37805342571765,0.025,1.5247525875625438,0.005,LTCBTC
2018-10-23,1.045795772718373,0.475,0.9956043751413544,0.48,LTCBTC
2018-10-24,1.6541180866580725,0.005,1.800647570622458,0.005,LTCBTC
2018-10-25,1.1651154777927701,0.165,1.0526888077610068,0.375,LTCBTC
2018-10-26,0.9665770522889596,0.595,1.1536118589651896,0.26,LTCBTC
2018-10-27,0.9827916735482517,0.535,1.4595607105403368,0.055,LTCBTC
2018-10-28,1.0324646759926415,0.465,0.9764373329447441,0.535,LTCBTC
2018-10-29,1.2775805712377215,0.035,1.3925405014698022,0.05,LTCBTC
2018-10-30,0.8241554260998616,0.91,1.1904250428062542,0.265,LTCBTC
2018-10-31,0.7330329414913743,0.92,0.9129241389516796,0.66,LTCBTC
2018-11-01,1.0776802868884658,0.29,0.8196275762879094,0.83,LTCBTC
2018-11-02,0.7541563149943236,0.89,1.534633524080751,0.03,LTCBTC
2018-11-03,1.0269641259482842,0.445,1.3847622232425756,0.095,LTCBTC
2018-11-04,0.8446481378242805,0.9,1.130073593915638,0.305,LTCBTC
2018-11-05,1.147249363841984,0.205,1.4375401062682645,0.055,LTCBTC
2018-11-06,1.3386040623668647,0.02,1.9106413636186468,0.015,LTCBTC
2018-11-07,1.0980579914229802,0.295,1.24731360888463,0.165,LTCBTC
2018-11-08,0.7070253638564256,0.895,1.1918774683582678,0.24,LTCBTC
2018-11-09,1.24808655006824,0.16,1.3058335841384563,0.135,LTCBTC
2018-11-10,1.002028597557212,0.465,1.3342534679523763,0.11,LTCBTC
2018-11-11,0.652394972643024,0.95,0.4386179529105676,1.0,LTCBTC
2018-11-12,1.5086262129287948,0.02,1.8812283733256334,0.01,LTCBTC
2018-11-13,1.0503912510407674,0.415,2.0946049573655947,0.005,LTCBTC
2018-11-14,0.9228099875822177,0.73,1.2382766289545242,0.235,LTCBTC
2018-11-15,0.9292490596374466,0.88,1.3354894597587939,0.065,LTCBTC
2018-11-16,1.5111085545571186,0.015,1.6865896271093708,0.025,LTCBTC
2018-11-17,1.1482462440327328,0.27,1.2057157308520252,0.22,LTCBTC
2018-11-18,1.0082807463243495,0.46,1.670577935166371,0.02,LTCBTC
2018-11-19,1.176448435545057,0.11,1.1183804650364038,0.25,LTCBTC
2018-11-20,0.7400995793577126,0.9,0.5463955696408916,0.99,LTCBTC
2018-11-21,1.165766624058618,0.175,1.1324907974033183,0.17,LTCBTC
2018-11-22,1.322802378912165,0.115,1.5804795787329071,0.045,LTCBTC
2018-11-23,1.3291990542526697,0.055,1.438971229977428,0.05,LTCBTC
2018-11-24,0.7647282326766772,0.92,0.6959807285521601,0.87,LTCBTC
2018-11-25,1.278215992483721,0.03,1.3547160973715282,0.085,LTCBTC
2018-11-26,1.7467554236426945,0.005,1.8775795673119553,0.01,LTCBTC
2018-11-27,1.5934178108108479,0.005,2.133207422111656,0.005,LTCBTC
2018-11-28,1.21669469854283,0.185,1.9581283920095467,0.005,LTCBTC
2018-11-29,1.3122552284729134,0.095,1.2666705425998925,0.08,LTCBTC
2018-11-30,0.9152714555864184,0.71,1.0255530801723274,0.44,LTCBTC
2018-12-01,1.2489915387040416,0.155,1.4583101771340026,0.05,LTCBTC
2018-12-02,1.070456729067654,0.325,1.123316594935357,0.345,LTCBTC
2018-12-03,0.9118538905008744,0.655,0.7645419697167946,0.795,LTCBTC
2018-12-04,0.912618037414597,0.62,2.221682765526073,0.005,LTCBTC
2018-12-05,0.4827763275412705,0.995,0.7142765680822905,0.845,LTCBTC
2018-12-06,1.718873458930114,0.005,2.021917901807422,0.005,LTCBTC
2018-12-07,0.9878985809831262,0.46,1.500488220049772,0.045,LTCBTC
2018-12-08,1.1754735935099674,0.2,1.177789422387444,0.175,LTCBTC
2018-12-09,0.9772307131877064,0.535,1.0648894054726301,0.345,LTCBTC
2018-12-10,1.540826844576268,0.01,1.5116678061106124,0.055,LTCBTC
2018-12-11,1.2035744242295674,0.125,1.0893049989778107,0.34,LTCBTC
2018-12-12,0.8981832986461336,0.645,0.9713359293840758,0.525,LTCBTC
2018-12-13,0.8164308796569045,0.83,0.785949879778826,0.815,LTCBTC
2018-12-14,0.956213302229858,0.605,1.1090336936128324,0.295,LTCBTC
2018-12-15,0.7683424738775514,0.815,1.1098835412728956,0.35,LTCBTC
2018-12-16,0.8908351603545598,0.77,0.5779577136381027,0.965,LTCBTC
2018-12-17,1.3112984547607018,0.045,1.4980077382099937,0.04,LTCBTC
2018-12-18,0.8616630071804537,0.745,1.006618890615241,0.48,LTCBTC
2018-12-19,0.902535558771859,0.675,1.1480978277468008,0.255,LTCBTC
2018-12-20,1.5424068598289635,0.005,1.457894050024894,0.055,LTCBTC
2018-12-21,1.1126188792026444,0.255,1.184059683745445,0.2,LTCBTC
2018-12-22,0.8099511011323651,0.825,0.6887832173916438,0.88,LTCBTC
2018-12-23,1.4036073194747365,0.055,1.6611124565872288,0.025,LTCBTC
2018-12-24,1.4065508115987537,0.06,1.6582379666514189,0.005,LTCBTC
2018-12-25,1.065498073028393,0.34,2.17138945084472,0.005,LTCBTC
2018-12-26,1.2474435147490348,0.165,1.5245019621816729,0.04,LTCBTC
2018-12-27,0.894617170511782,0.845,1.2600282888878733,0.145,LTCBTC
2018-12-28,1.095970378903399,0.3,1.2117709674708346,0.095,LTCBTC
2018-12-29,1.3579046798117738,0.035,1.6493006564454908,0.005,LTCBTC
2018-12-30,1.0064419469145482,0.485,1.0286146943646273,0.43,LTCBTC
2018-12-31,0.6336982291089447,0.955,1.2082159303132416,0.24,LTCBTC
2019-01-01,0.8683987029196427,0.715,0.7410894595114924,0.81,LTCBTC
2019-01-02,0.8326358547135717,0.75,0.879903865712432,0.655,LTCBTC
2019-01-03,1.0989500464248008,0.32,1.0951633648654229,0.335,LTCBTC
2019-01-04,1.560239113146487,0.01,1.9390153800751229,0.01,LTCBTC
2019-01-05,1.7950634124838367,0.005,1.8722530700588407,0.005,LTCBTC
2019-01-06,0.9705544451754795,0.55,0.802363590044101,0.885,LTCBTC
2019-01-07,1.8948505657290717,0.005,1.9431230822705925,0.005,LTCBTC
2019-01-08,0.9354875002488442,0.72,1.1835791319743065,0.27,LTCBTC
2019-01-09,1.4744426895235307,0.025,1.5275126478545296,0.02,LTCBTC
2019-01-10,1.064308496293795,0.315,1.0542679415255451,0.345,LTCBTC
2019-01-11,0.7625521203079845,0.955,1.378543599296138,0.06,LTCBTC
2019-01-12,1.066252697451809,0.385,1.562715540162179,0.035,LTCBTC
2019-01-13,0.9815215261123885,0.535,1.0182805402095096,0.455,LTCBTC
2019-01-14,0.7988234927572153,0.79,0.9095736413487613,0.62,LTCBTC
2019-01-15,0.9062285944268194,0.67,0.7424137418880865,0.875,LTCBTC
2019-01-16,0.9908416281687689,0.46,1.3077858643334015,0.105,LTCBTC
2019-01-17,1.3031187766333574,0.03,2.0775667122844306,0.005,LTCBTC
2019-01-18,0.9284064743662751,0.64,1.1056726959822347,0.3,LTCBTC
2019-01-19,1.2696354844955515,0.025,1.5767147137792192,0.01,LTCBTC
2019-01-20,1.2014027489276538,0.12,1.4135491967440468,0.05,LTCBTC
2019-01-21,1.282905197431609,0.045,1.5206119784247263,0.045,LTCBTC
2019-01-22,1.0765231049850532,0.315,1.0534027068701266,0.435,LTCBTC
2019-01-23,0.9029021161821835,0.675,1.2442516482700545,0.155,LTCBTC
2019-01-24,0.7114308466862022,0.965,0.6201548397450717,0.95,LTCBTC
2019-01-25,0.776351077109019,0.86,1.1190048199646987,0.305,LTCBTC
2019-01-26,1.1083264896022065,0.235,0.8103870330631372,0.84,LTCBTC
2019-01-27,1.65232018743996,0.01,1.1719584902212234,0.225,LTCBTC
2019-01-28,1.5798862629901214,0.005,1.8469592896837141,0.01,LTCBTC
2019-01-29,2.07401746981885,0.005,2.1800333061337636,0.005,LTCBTC
2019-01-30,0.9147781575449552,0.69,0.6372756321216946,0.96,LTCBTC
2019-01-31,1.0912920625419265,0.235,1.075135598319983,0.27,LTCBTC
2019-02-01,1.4607692868521354,0.01,1.534047395398399,0.005,LTCBTC
2019-02-02,1.6379682461021254,0.01,1.971899393743927,0.005,LTCBTC
2019-02-03,1.231301952896295,0.03,1.7003620120870104,0.005,LTCBTC
2019-02-04,1.078807856291164,0.32,1.100524938698285,0.33,LTCBTC
2019-02-05,1.3220298598098321,0.03,1.6430745965999867,0.005,LTCBTC
2019-02-06,1.065834432202649,0.405,1.613064801470695,0.01,LTCBTC
2019-02-07,1.2625527989075036,0.105,1.5194286012297626,0.035,LTCBTC
2019-02-08,0.7303689810946934,0.935,0.29729518622794404,1.0,LTCBTC
2019-02-09,1.1102826983097596,0.005,1.3194528019097544,0.005,LTCBTC
2019-02-10,1.1254706059473414,0.27,1.1069090818730243,0.235,LTCBTC
2019-02-11,1.2626228290772392,0.18,1.6105324418579199,0.04,LTCBTC
2019-02-12,2.1327660727593614,0.005,3.6669557180015806,0.005,LTCBTC
2019-02-13,1.2994840866006374,0.045,1.242509383318608,0.13,LTCBTC
2019-02-14,1.3238672314796684,0.005,1.2653255592643449,0.005,LTCBTC
2019-02-15,1.0471621765314347,0.43,0.8691604510785153,0.69,LTCBTC
2019-02-16,1.5833994329695202,0.015,2.6825926701942775,0.005,LTCBTC
2019-02-17,1.2790769620058733,0.015,1.997940798453937,0.005,LTCBTC
2019-02-18,1.3554884844538855,0.04,1.5539469515801678,0.025,LTCBTC
2019-02-19,0.5916657166121633,0.985,1.046954533151599,0.355,LTCBTC
2019-02-20,1.0384943251953889,0.455,1.177749610205816,0.2,LTCBTC
2019-02-21,1.332973361088967,0.06,1.9092414350428917,0.005,LTCBTC
2019-02-22,1.3771577830769226,0.01,1.8838042176906487,0.005,LTCBTC
2019-02-23,1.169077137529804,0.16,1.459269260474813,0.075,LTCBTC
2019-02-24,0.8446529141495852,0.78,1.089402207299548,0.305,LTCBTC
2019-02-25,1.5241100848359999,0.005,4.318238682382671,0.005,LTCBTC
2019-02-26,0.6429719283201646,0.99,0.9830524598259196,0.525,LTCBTC
2019-02-27,1.262243386728692,0.02,1.4469923311245478,0.035,LTCBTC
2019-02-28,1.377705503296279,0.01,2.5809428992121926,0.005,LTCBTC
2019-03-01,1.1080972550738315,0.255,1.9451508737442034,0.005,LTCBTC
2019-03-02,1.2516638108508489,0.07,2.9096940593597402,0.005,LTCBTC
2019-03-03,1.2890675713867241,0.045,1.82523304481998,0.015,LTCBTC
2019-03-04,1.0837128458781753,0.23,1.996027752133771,0.005,LTCBTC
2019-03-05,0.5565367617112806,1.0,1.5406231134294004,0.015,LTCBTC
2019-03-06,1.845237188883063,0.005,2.721480097420843,0.005,LTCBTC
2019-03-07,0.9143403834719839,0.865,0.830187833489707,0.965,LTCBTC
2019-03-08,0.9514185105793701,0.925,0.8999919248188921,0.995,LTCBTC
2019-03-09,1.3153390828188527,0.09,2.4077452317539803,0.005,LTCBTC
2019-03-10,1.5348494214988806,0.005,2.288797561660135,0.005,LTCBTC
2019-03-11,1.2320975944837667,0.03,2.27059860308721,0.005,LTCBTC
2019-03-12,1.760257432861981,0.01,1.3467282746865745,0.115,LTCBTC
2019-03-13,1.6653800009633255,0.005,2.380343339677076,0.005,LTCBTC
2019-03-14,0.14660777178214,1.0,0.1468094298696096,1.0,LTCBTC
2019-03-15,1.573865627407354,0.03,1.077367527981579,0.32,LTCBTC
2019-03-16,1.5114326299693166,0.055,1.0964653812479077,0.325,LTCBTC
2019-03-17,1.8436418305764102,0.005,2.718784139588073,0.005,LTCBTC
2019-03-18,1.146966684692726,0.21,1.2713561872190466,0.045,LTCBTC
2019-03-19,1.5045743410549461,0.035,1.6066051895472766,0.005,LTCBTC
2019-03-20,0.9111101297418599,0.67,1.7638662564425855,0.005,LTCBTC
2019-03-21,0.9727947030310578,0.55,1.0847385627832558,0.32,LTCBTC
2019-03-22,1.0087240274563218,0.455,1.2019806733377338,0.17,LTCBTC
2019-03-23,1.1057150918106042,0.33,1.8484074479501598,0.005,LTCBTC
2019-03-24,1.5375284221116823,0.01,1.5480020662881182,0.025,LTCBTC
2019-03-25,1.4823455128668115,0.005,2.0601645416930077,0.005,LTCBTC
2019-03-26,1.349540361912625,0.02,1.6138980225680761,0.005,LTCBTC
2019-03-27,0.8843662420425051,0.71,0.8142940851654493,0.83,LTCBTC
2019-03-28,1.0988644938829735,0.25,1.5507532625911293,0.015,LTCBTC
2019-03-29,1.3177690583317554,0.06,1.3569731958061797,0.115,LTCBTC
2019-03-30,0.8364062851064252,0.945,1.2408480729470068,0.12,LTCBTC
2019-03-31,0.8578950436347288,0.925,1.9481713737629451,0.01,LTCBTC
2019-04-01,0.9976239201482199,0.475,1.5218387449328006,0.005,LTCBTC
2019-04-02,0.8725084390456841,0.75,0.7046193962462356,0.895,LTCBTC
2019-04-03,1.9130341180881976,0.005,1.6998777591140033,0.005,LTCBTC
2019-04-04,1.2867159134449209,0.015,1.7450709842482104,0.01,LTCBTC
2019-04-05,1.562659421940283,0.005,1.4660126305988455,0.005,LTCBTC
2019-04-06,0.9328006285317112,0.625,0.6820126822238077,0.965,LTCBTC
2019-04-07,2.0857576947401437,0.005,2.198305079806493,0.005,LTCBTC
2019-04-08,1.0714529203548335,0.29,0.9992882121575223,0.55,LTCBTC
2019-04-09,1.8528915569840771,0.005,2.2720723059463563,0.005,LTCBTC
2019-04-10,1.6095453960106088,0.005,1.9733127592371589,0.005,LTCBTC
2019-04-11,0.9015731724496481,0.68,1.27792476838352,0.09,LTCBTC
2019-04-12,1.727972254125503,0.005,1.896753989666137,0.005,LTCBTC
2019-04-13,1.446657998324228,0.005,2.210978011981857,0.005,LTCBTC
2019-04-14,1.3110178768957774,0.055,1.490299303974956,0.015,LTCBTC
2019-04-15,1.3892053175640497,0.035,0.6768901136064909,0.89,LTCBTC
2019-04-16,1.4422390984734625,0.03,1.4787035086510105,0.005,LTCBTC
2019-04-17,1.0108469718212014,0.45,1.2936161260092736,0.125,LTCBTC
2019-04-18,0.42404323782935166,1.0,0.2634018065424696,1.0,LTCBTC
2019-04-19,1.7136723532813267,0.005,1.620180930681831,0.005,LTCBTC
2019-04-20,1.0740087843296133,0.375,1.7263458689690019,0.01,LTCBTC
2019-04-21,1.334892721256063,0.065,1.5390099159759554,0.01,LTCBTC
2019-04-22,0.9510598394408281,0.6,1.2308336686647412,0.18,LTCBTC
2019-04-23,0.9014053100824108,0.795,0.9216593509518757,0.85,LTCBTC
2019-04-24,0.9729161277415523,0.56,0.8735333176766787,0.7,LTCBTC
2019-04-25,0.9125032779593413,0.69,0.7592683792449094,0.985,LTCBTC
2019-04-26,1.091905563759505,0.35,1.6731473652402546,0.015,LTCBTC
2019-04-27,0.7957943758344261,0.795,0.9398090670129976,0.67,LTCBTC
2019-04-28,1.1012189917971236,0.295,1.0966432019003305,0.36,LTCBTC
2019-04-29,1.2110675516553273,0.135,1.1046440174510987,0.325,LTCBTC
2019-04-30,1.3145270404427967,0.035,1.4620383342272407,0.06,LTCBTC
2019-05-01,0.9046950357763655,0.665,1.0634195007670013,0.385,LTCBTC
2019-05-02,0.8974911132561747,0.675,1.0007151514315369,0.51,LTCBTC
2019-05-03,1.0418982814928401,0.365,0.7446443183659688,0.95,LTCBTC
2019-05-04,1.10296280194752,0.205,1.0723623871199552,0.25,LTCBTC
2019-05-05,0.7615230933032323,0.88,1.2827352727230588,0.15,LTCBTC
2019-05-06,1.0096266492785981,0.53,1.040055754801562,0.435,LTCBTC
2019-05-07,0.5952019260219316,1.0,0.752106603471932,0.935,LTCBTC
2019-05-08,1.4688748054486978,0.04,1.5037596855649875,0.03,LTCBTC
2019-05-09,1.3101812574427854,0.02,1.24230480929728,0.03,LTCBTC
2019-05-10,1.210590461861071,0.18,0.8064800690163526,0.87,LTCBTC
2019-05-11,0.941757065431079,0.6,1.2001289868058047,0.205,LTCBTC
2019-05-12,1.645888420426719,0.005,1.639946111677622,0.035,LTCBTC
2019-05-13,1.4022677992493777,0.005,1.15024930785231,0.165,LTCBTC
2019-05-14,1.1063902962623298,0.275,1.763936390231119,0.01,LTCBTC
2019-05-15,1.776996509245704,0.005,2.0231628721444954,0.005,LTCBTC
2019-05-16,1.5416871258985527,0.005,1.4772378782313982,0.005,LTCBTC
2019-05-17,1.1936856585344573,0.09,1.6972829495936004,0.005,LTCBTC
2019-05-18,0.9148019273938814,0.735,0.9848363718537921,0.53,LTCBTC
2019-05-19,1.033987474193517,0.395,1.3575276192344479,0.03,LTCBTC
2019-05-20,1.8622281224254873,0.005,2.636420851626497,0.005,LTCBTC
2019-05-21,1.5480461412610527,0.005,1.733616203314103,0.005,LTCBTC
2019-05-22,0.2229168931079292,1.0,0.2752301980299322,1.0,LTCBTC
2019-05-23,1.2289981387514135,0.055,1.1413346432641724,0.25,LTCBTC
2019-05-24,1.13297295894701,0.245,1.5502484043850908,0.01,LTCBTC
2019-05-25,0.8961855485547693,0.75,0.7485486677870892,0.945,LTCBTC
2019-05-26,0.8006158705534226,0.925,0.9895909282590759,0.545,LTCBTC
2019-05-27,0.9610626380043943,0.6,1.0370162495108382,0.38,LTCBTC
2019-05-28,0.8326908888469958,0.73,1.3478574485946166,0.115,LTCBTC
2019-05-29,1.6737202363955759,0.015,0.9457895912388261,0.6,LTCBTC
2019-05-30,1.4206916928380369,0.02,1.9900342109124103,0.005,LTCBTC
2019-05-31,1.5126457273393434,0.005,3.299602315935718,0.005,LTCBTC
2019-06-01,2.0341147878471695,0.005,1.6968614753180213,0.005,LTCBTC
2019-06-02,0.9373823978243819,0.655,1.0955069334484073,0.345,LTCBTC
2019-06-03,0.7575167605143159,0.995,1.1909040980998755,0.215,LTCBTC
2019-06-04,0.8054538891725761,0.915,0.7792700682160945,0.905,LTCBTC
2019-06-05,0.8620722255761354,0.88,0.9486648538211512,0.52,LTCBTC
2019-06-06,0.8400157143750605,0.785,0.46029587952997586,1.0,LTCBTC
2019-06-07,1.2900654897845103,0.015,1.5361235436390086,0.005,LTCBTC
2019-06-08,1.1465927388636816,0.195,2.2709142372071924,0.005,LTCBTC
2019-06-09,0.9641651661072822,0.59,1.14199629121639,0.25,LTCBTC
2019-06-10,1.2677174654998955,0.11,0.7914094477874116,0.755,LTCBTC
2019-06-11,1.060183584977028,0.355,1.760149038275964,0.015,LTCBTC
2019-06-12,1.259908525473945,0.015,2.150533895614126,0.005,LTCBTC
2019-06-13,0.8128624601941269,0.84,1.2357298988749281,0.16,LTCBTC
2019-06-14,1.3491025412705506,0.08,1.3561090051750582,0.025,LTCBTC
2019-06-15,1.064503584483599,0.295,2.1766565382499983,0.005,LTCBTC
2019-06-16,1.1609346483328016,0.245,1.5346621041373023,0.025,LTCBTC
2019-06-17,1.3166740985873475,0.075,1.4740800468251871,0.015,LTCBTC
2019-06-18,1.1944082243563958,0.21,1.3379073518841136,0.055,LTCBTC
2019-06-19,2.5447663621893146,0.005,2.5271475136142807,0.005,LTCBTC
2019-06-20,1.5274787019693865,0.005,1.839957914058242,0.005,LTCBTC
2019-06-21,1.055935532058738,0.42,1.6977966565949778,0.005,LTCBTC
2019-06-22,0.9498261455391376,0.82,1.073039378309217,0.09,LTCBTC
2019-06-23,1.855043085372318,0.005,2.897345029208355,0.005,LTCBTC
2019-06-24,1.7244072658858356,0.005,1.9801703236905415,0.005,LTCBTC
2019-06-25,1.4173472886327885,0.045,1.1395466202672073,0.23,LTCBTC
2019-06-26,1.2780929396626104,0.055,1.6660715901023277,0.005,LTCBTC
2019-06-27,1.9925492521014638,0.005,2.2141577201552987,0.005,LTCBTC
2019-06-28,1.9563219771954432,0.005,1.723767545161674,0.005,LTCBTC
2019-06-29,0.9325648716533391,0.645,1.1922346143999372,0.16,LTCBTC
2019-06-30,1.4801162132458783,0.005,2.8576624836986473,0.005,LTCBTC
2019-07-01,2.2313756295739178,0.005,1.7082517655636622,0.005,LTCBTC
2019-07-02,0.640068058571002,0.965,1.2278077573737531,0.115,LTCBTC
2019-07-03,1.8577645046809694,0.005,2.2173979239718813,0.005,LTCBTC
2019-07-04,1.4912015640071687,0.015,2.248924885133221,0.005,LTCBTC
2019-07-05,1.8097774217707325,0.005,1.6140181256753556,0.01,LTCBTC
2019-07-06,1.187572921468949,0.095,2.0435502337223856,0.005,LTCBTC
2019-07-07,1.3167955219529728,0.08,0.6122273689245066,0.91,LTCBTC
2019-07-08,1.65213725389919,0.01,2.2695080313885,0.005,LTCBTC
2019-07-09,1.0182934165563262,0.46,1.5703388882438876,0.015,LTCBTC
2019-07-10,0.9749072480878236,0.53,0.8004361179007898,0.925,LTCBTC
2019-07-11,4.205811455930018,0.005,3.873355744177546,0.005,LTCBTC
2019-07-12,1.7755057949000888,0.005,1.9967086673178955,0.005,LTCBTC
2019-07-13,1.5747558430436075,0.005,2.0626270075788566,0.005,LTCBTC
2019-07-14,1.7680197278093572,0.005,1.9008766684875866,0.005,LTCBTC
2019-07-15,3.377281981939989,0.005,3.733054713568353,0.005,LTCBTC
2019-07-16,0.7236609573216731,0.95,0.4418936078404357,1.0,LTCBTC
2019-07-17,1.0740847203269144,0.35,1.145315092762282,0.2,LTCBTC
2019-07-18,1.2228207699879745,0.17,1.5972467467567375,0.005,LTCBTC
2019-07-19,1.5526118273084604,0.01,1.6151648960601714,0.005,LTCBTC
2019-07-20,0.6880504390025082,0.92,0.7185634716811315,0.86,LTCBTC
2019-07-21,0.9269992962797533,0.685,1.038369301221518,0.395,LTCBTC
2019-07-22,1.076691363772,0.36,0.7093057338441041,0.89,LTCBTC
2019-07-23,1.2663900910081958,0.055,1.589759133278563,0.005,LTCBTC
2019-07-24,0.7472522029528594,0.88,0.547804867697007,0.985,LTCBTC
2019-07-25,1.8328112908946728,0.005,1.2397408181090586,0.175,LTCBTC
2019-07-26,1.0289710710765847,0.43,1.2381111335682273,0.13,LTCBTC
2019-07-27,1.2831057098864391,0.08,1.4624932908355812,0.01,LTCBTC
2019-07-28,0.7953092019408939,0.88,0.37994894096730886,1.0,LTCBTC
2019-07-29,1.1174251415182304,0.305,1.5325396404615486,0.05,LTCBTC
2019-07-30,1.0641556209885843,0.285,1.4050504511129005,0.075,LTCBTC
2019-07-31,1.3440865209341024,0.02,1.7514351182487593,0.01,LTCBTC
2019-08-01,1.0204030030763895,0.44,1.5551857102958113,0.005,LTCBTC
2019-08-02,0.554496735023974,0.985,0.7373875706446132,0.845,LTCBTC
2019-08-03,1.0445901566096003,0.35,1.135186213436117,0.25,LTCBTC
2019-08-04,0.7790818809298149,0.815,1.1473281842511684,0.245,LTCBTC
2019-08-05,2.2084537762527146,0.005,1.384605440845388,0.09,LTCBTC
2019-08-06,0.8583294491027375,0.705,0.7394052148894843,0.835,LTCBTC
2019-08-07,1.2762101405360011,0.045,1.209289370227522,0.21,LTCBTC
2019-08-08,1.1580491307516703,0.2,1.2511743225917726,0.125,LTCBTC
2019-08-09,1.9941326352494002,0.005,1.7320823435545363,0.005,LTCBTC
2019-08-10,1.2607188800351634,0.075,1.295325234925503,0.02,LTCBTC
2019-08-11,1.1265681937543062,0.185,1.8706002895946123,0.005,LTCBTC
2019-08-12,0.5103895752256521,0.985,1.2437670790527109,0.085,LTCBTC
2019-08-13,1.5585340883270924,0.01,1.3346358916897068,0.09,LTCBTC
2019-08-14,0.7612757095535649,0.875,0.5032423239153768,0.99,LTCBTC
2019-08-15,1.280526285819381,0.24,1.1294606933923361,0.325,LTCBTC
2019-08-16,1.200590778325835,0.15,1.7052834005882163,0.015,LTCBTC
2019-08-17,2.1264448052530156,0.005,2.229479454524738,0.005,LTCBTC
2019-08-18,1.4342772073907095,0.005,1.2334644591298132,0.01,LTCBTC
2019-08-19,0.6104432181528824,0.98,0.6121812159417965,0.915,LTCBTC
2019-08-20,1.0154760217002063,0.51,1.3534830740986792,0.105,LTCBTC
2019-08-21,1.3072911024223905,0.08,1.0021565105035364,0.47,LTCBTC
2019-08-22,1.2042957360615483,0.17,1.5843047009738023,0.03,LTCBTC
2019-08-23,1.2600919882440962,0.105,1.6569694567382538,0.015,LTCBTC
2019-08-24,0.9868656418734385,0.535,1.1403505504374274,0.29,LTCBTC
2019-08-25,1.0355425245218424,0.445,1.0257113746430762,0.485,LTCBTC
2019-08-26,0.9120370106095717,0.725,2.541201621917038,0.005,LTCBTC
2019-08-27,0.8794295327408999,0.815,0.7821206385208618,0.795,LTCBTC
2019-08-28,0.4087711259861501,1.0,0.3593945904286138,1.0,LTCBTC
2019-08-29,1.072614932561412,0.345,1.7734756212713054,0.005,LTCBTC
2019-08-30,0.9532546403519158,0.66,0.9896301293118358,0.465,LTCBTC
2019-08-31,0.946523583620168,0.685,1.1749002024758726,0.21,LTCBTC
2019-09-01,0.42373298997133996,1.0,0.5078249635576012,1.0,LTCBTC
2019-09-02,1.2613276478659594,0.04,1.4110125118482728,0.015,LTCBTC
2019-09-03,0.9171234986212164,0.795,1.1775917165181915,0.2,LTCBTC
2019-09-04,1.090364713838338,0.26,1.1775627706052587,0.25,LTCBTC
2019-09-05,0.878642949936404,0.785,0.8670437434642866,0.85,LTCBTC
2019-09-06,0.5133498331929479,0.98,0.6015368513314703,0.925,LTCBTC
2019-09-07,0.9030713179821336,0.67,0.964872496977269,0.545,LTCBTC
2019-09-08,1.02598966997612,0.405,1.4625458959928426,0.04,LTCBTC
2019-09-09,1.047088583089908,0.355,1.822520054052655,0.005,LTCBTC
2019-09-10,1.153422219056187,0.265,1.2557079722521813,0.165,LTCBTC
2019-09-11,0.7196654468909516,0.935,0.4078584812403168,0.995,LTCBTC
2019-09-12,0.9777513030627767,0.615,1.0900216148560038,0.245,LTCBTC
2019-09-13,1.039020441453654,0.42,1.4401833255777314,0.035,LTCBTC
2019-09-14,0.7884727289179001,0.77,0.9334512505932856,0.625,LTCBTC
2019-09-15,0.45034136883286835,1.0,1.2636231036954804,0.125,LTCBTC
2019-09-16,1.0380943324357057,0.41,1.0863502536281409,0.32,LTCBTC
2019-09-17,1.2390134316812433,0.135,1.9681345522864517,0.005,LTCBTC
2019-09-18,1.1038089054432936,0.275,1.1165368615745184,0.27,LTCBTC
2019-09-19,1.1372680722693251,0.235,1.0774420974933727,0.315,LTCBTC
2019-09-20,1.463066813975534,0.005,1.5584190140515926,0.015,LTCBTC
2019-09-21,0.880476883270425,0.775,0.8673740357578404,0.72,LTCBTC
2019-09-22,1.3165094828434438,0.015,1.394621273504051,0.045,LTCBTC
2019-09-23,0.6957515451976104,0.895,0.1696658911061442,1.0,LTCBTC
2019-09-24,0.8611211825198956,0.705,1.0326958311789827,0.45,LTCBTC
2019-09-25,1.3585777488670565,0.005,1.6868055163682765,0.01,LTCBTC
2019-09-26,0.9249451591235438,0.61,0.9219825316326073,0.595,LTCBTC
2019-09-27,1.107757210363627,0.16,1.3246621701492387,0.1,LTCBTC
2019-09-28,1.095897619636006,0.175,1.0976014720897964,0.15,LTCBTC
2019-09-29,1.2101204338328235,0.145,1.2259728092173463,0.2,LTCBTC
2019-09-30,1.0872667022053075,0.17,1.6306142194213589,0.01,LTCBTC
2019-10-01,0.9825637126603917,0.515,0.8760480921925274,0.675,LTCBTC
2019-10-02,1.187100987609158,0.175,1.3980621891920513,0.09,LTCBTC
2019-10-03,0.9667448518638823,0.585,1.291604372497227,0.06,LTCBTC
2019-10-04,1.1841695748587104,0.145,1.2267435467012522,0.145,LTCBTC
2019-10-05,0.9844860357763486,0.59,1.285523698085924,0.09,LTCBTC
2019-10-06,1.2836181228780872,0.17,1.133965044821471,0.265,LTCBTC
2019-10-07,1.5525980409697246,0.015,1.6712029295322413,0.015,LTCBTC
2019-10-08,1.1460760749646652,0.145,1.1710401699381021,0.225,LTCBTC
2019-10-09,1.094872031015682,0.29,1.4133108835630617,0.05,LTCBTC
2019-10-10,0.7433900153729182,0.895,0.593321160677177,0.96,LTCBTC
2019-10-11,1.4275754001126906,0.025,0.8192860305582051,0.85,LTCBTC
2019-10-12,0.8913532073426776,0.705,0.7089151257835544,0.87,LTCBTC
2019-10-13,0.731533332008905,0.935,0.24274003623589688,0.91,LTCBTC
2019-10-14,0.8494894479122927,0.75,0.9963348626417204,0.5,LTCBTC
2019-10-15,0.7296244159050074,0.875,0.23881238365515794,1.0,LTCBTC
2019-10-16,0.1882772255290637,1.0,0.15424650257467867,1.0,LTCBTC
2019-10-17,1.1929079737173924,0.095,1.6389261666970696,0.01,LTCBTC
2019-10-18,0.515616980694866,0.985,0.559986261030466,0.96,LTCBTC
2019-10-19,1.0492796816828156,0.395,1.058698792585274,0.39,LTCBTC
2019-10-20,1.0944445300616215,0.34,1.101764888846659,0.34,LTCBTC
2019-10-21,0.9161016073893847,0.88,0.9458123392065635,0.73,LTCBTC
2019-10-22,1.0428769701237242,0.39,1.0635883269407547,0.385,LTCBTC
2019-10-23,0.4473754318283524,1.0,0.5164149306960935,1.0,LTCBTC
2019-10-24,1.1341983068453307,0.245,1.1018331394044394,0.325,LTCBTC
2019-10-25,0.8590104783796254,0.78,0.8020836154257397,0.775,LTCBTC
2019-10-26,1.181792795577588,0.205,1.051332389961645,0.415,LTCBTC
2019-10-27,0.6459709330106929,0.965,0.9298844097038897,0.585,LTCBTC
2019-10-28,1.639432473812265,0.005,2.044694462599835,0.005,LTCBTC
2019-10-29,1.2682232278583554,0.02,1.3982128918447227,0.005,LTCBTC
2019-10-30,1.3761053595380754,0.03,1.3214371546725123,0.085,LTCBTC
2019-10-31,1.0913798467317148,0.285,1.0566023716897273,0.35,LTCBTC
2019-11-01,1.2161463014876313,0.13,0.7983856968798159,0.815,LTCBTC
2019-11-02,1.0620738169564696,0.37,1.8100393793255463,0.005,LTCBTC
2019-11-03,1.577257261822661,0.01,1.5389371956992222,0.045,LTCBTC
2019-11-04,0.7279481882376381,0.86,1.1690761036639465,0.25,LTCBTC
2019-11-05,1.7029291247313654,0.005,1.3444867178051814,0.08,LTCBTC
2019-11-06,1.7191775650345713,0.005,1.767544583900051,0.005,LTCBTC
2019-11-07,1.0198769844824334,0.47,0.9456972074303007,0.565,LTCBTC
2019-11-08,0.6855736293373307,0.95,1.3960462476416595,0.065,LTCBTC
2019-11-09,1.3050771376602075,0.065,1.212621231867908,0.15,LTCBTC
2019-11-10,0.4252007602522365,1.0,0.8389119788983256,0.745,LTCBTC
2019-11-11,1.1231179715574398,0.345,0.7596315451271088,0.895,LTCBTC
2019-11-12,0.8887052292307699,0.84,1.3277514183524708,0.105,LTCBTC
2019-11-13,1.2109970739989047,0.2,1.3812819520860948,0.11,LTCBTC
2019-11-14,0.6740549031678851,0.945,0.5848658541456172,0.97,LTCBTC
2019-11-15,0.3498763873292482,0.995,0.8163376098900912,0.755,LTCBTC
2019-11-16,1.1526728503776713,0.24,1.1331773774706833,0.285,LTCBTC
2019-11-17,0.715168987368633,0.975,1.0443840935349995,0.45,LTCBTC
2018-04-06,1.9266128285531412,0.08,2.745973280877083,0.01,NEOUSDT
2018-04-07,0.7455339549365925,0.875,0.957324456992168,0.58,NEOUSDT
2018-04-08,0.9865796392343783,0.475,1.500011084820468,0.045,NEOUSDT
2018-04-09,1.5035978434064994,0.03,1.4329714089692682,0.08,NEOUSDT
2018-04-10,1.9236312035748029,0.005,1.4634439848065879,0.025,NEOUSDT
2018-04-11,1.38577388742473,0.035,1.4701099199337788,0.07,NEOUSDT
2018-04-12,1.0625592373635226,0.4,0.8809701943465624,0.69,NEOUSDT
2018-04-13,1.1240812681051298,0.195,1.657271697108931,0.02,NEOUSDT
2018-04-14,1.1541529712048781,0.04,1.3563942008562282,0.11,NEOUSDT
2018-04-15,1.92176262545371,0.005,3.3503851120209753,0.005,NEOUSDT
2018-04-16,0.8794607189979784,0.775,1.0559762657755762,0.36,NEOUSDT
2018-04-17,0.8213073787902903,0.815,0.8560950254439408,0.755,NEOUSDT
2018-04-18,1.0748626153652665,0.335,0.7861680552851082,0.785,NEOUSDT
2018-04-19,0.8422036593510823,0.765,1.0766069376016059,0.33,NEOUSDT
2018-04-20,1.1770172368440899,0.2,1.5549122310702508,0.01,NEOUSDT
2018-04-21,1.5865932139254981,0.005,1.1069436173034428,0.175,NEOUSDT
2018-04-22,1.5053225252642464,0.005,1.1376705152860005,0.25,NEOUSDT
2018-04-23,0.9394753887939051,0.61,1.294279077696318,0.14,NEOUSDT
2018-04-24,1.1860758614901754,0.18,1.4236567687286366,0.04,NEOUSDT
2018-04-25,1.1021933482279986,0.29,1.624998882694935,0.015,NEOUSDT
2018-04-26,1.355257796551646,0.09,1.9085494206141718,0.005,NEOUSDT
2018-04-27,1.2038054930785,0.085,1.1223219121443198,0.215,NEOUSDT
2018-04-28,1.0069816374314706,0.485,1.2591358040827554,0.135,NEOUSDT
2018-04-29,1.0288690587501355,0.435,1.8122484243934955,0.005,NEOUSDT
2018-04-30,1.1670424142876843,0.235,1.069811820785262,0.36,NEOUSDT
2018-05-01,1.0386264251784683,0.4,1.7449860093125513,0.015,NEOUSDT
2018-05-02,1.3915669477934607,0.04,1.6640075204481264,0.01,NEOUSDT
2018-05-03,1.279302585768606,0.075,1.4305750037497342,0.055,NEOUSDT
2018-05-04,1.2285120892569992,0.075,1.3065401675293276,0.12,NEOUSDT
2018-05-05,0.9832286723320008,0.545,1.1567886295292373,0.27,NEOUSDT
2018-05-06,1.0055208567004754,0.49,1.0711185395268028,0.37,NEOUSDT
2018-05-07,1.6571303838311062,0.005,1.7413721450934367,0.01,NEOUSDT
2018-05-08,1.1831243209347957,0.22,1.1726557724137832,0.255,NEOUSDT
2018-05-09,0.6150337393380956,0.975,0.9724971090088732,0.555,NEOUSDT
2018-05-10,1.1577436984666782,0.165,1.5493594187855693,0.035,NEOUSDT
2018-05-11,0.8290406534243787,0.67,1.1382330515304995,0.165,NEOUSDT
2018-05-12,0.9663123826057359,0.545,1.0904353026009246,0.19,NEOUSDT
2018-05-13,1.5206384653170912,0.01,1.1747651982906497,0.24,NEOUSDT
2018-05-14,1.434990284934388,0.005,1.4172081367681335,0.01,NEOUSDT
2018-05-15,0.7949317677523725,0.945,0.7245155338164349,0.905,NEOUSDT
2018-05-16,1.1588930307344443,0.125,1.5737461170374754,0.005,NEOUSDT
2018-05-17,0.7973879067771461,0.88,0.6534814779652915,0.99,NEOUSDT
2018-05-18,1.0091608007846569,0.44,1.1932068413102888,0.16,NEOUSDT
2018-05-19,0.8843961628848621,0.72,1.405183477997486,0.065,NEOUSDT
2018-05-20,1.3977753073556134,0.07,1.524945966228213,0.025,NEOUSDT
2018-05-21,1.0579042256924718,0.375,1.0936272409335865,0.095,NEOUSDT
2018-05-22,0.9451817414002273,0.625,1.545246683791858,0.035,NEOUSDT
2018-05-23,1.0963276385509317,0.335,1.7676243433654784,0.005,NEOUSDT
2018-05-24,1.5151612076741798,0.055,1.7498382019974854,0.005,NEOUSDT
2018-05-25,0.9981182206479596,0.485,0.9825813399144985,0.48,NEOUSDT
2018-05-26,0.9861457385558952,0.505,1.6354212625959414,0.01,NEOUSDT
2018-05-27,0.8146341687390709,0.845,1.0020429614247452,0.52,NEOUSDT
2018-05-28,1.1687610122720637,0.26,0.9282919173976976,0.585,NEOUSDT
2018-05-29,1.3807430074334899,0.025,1.8096544863055064,0.015,NEOUSDT
2018-05-30,0.6696646863567866,0.945,0.45662517824325327,0.995,NEOUSDT
2018-05-31,1.367613114615399,0.02,1.5746590349012468,0.01,NEOUSDT
2018-06-01,1.2238075147960439,0.125,1.538324362376807,0.02,NEOUSDT
2018-06-02,1.058377809953008,0.285,1.3495894800603176,0.055,NEOUSDT
2018-06-03,0.7463084719736436,0.955,0.8042059436424641,0.77,NEOUSDT
2018-06-04,1.191860586969134,0.11,1.106376745231396,0.315,NEOUSDT
2018-06-05,1.005487480749908,0.475,1.9851094810489462,0.005,NEOUSDT
2018-06-06,1.1681231291065413,0.155,1.5308622074376028,0.04,NEOUSDT
2018-06-07,1.009306444420729,0.605,0.554672537552784,0.96,NEOUSDT
2018-06-08,1.3364981535255953,0.095,1.5902293243489491,0.025,NEOUSDT
2018-06-09,0.7774259243938597,0.925,0.5052573848133064,1.0,NEOUSDT
2018-06-10,0.923601992625945,0.635,0.7618876730203019,0.865,NEOUSDT
2018-06-11,0.9148269395896614,0.665,1.3906203564697128,0.055,NEOUSDT
2018-06-12,0.9859623380329183,0.57,1.3448463795859371,0.005,NEOUSDT
2018-06-13,0.842560235231528,0.735,0.6890375524340145,0.975,NEOUSDT
2018-06-14,1.1821950388881612,0.18,1.2205056931930316,0.08,NEOUSDT
2018-06-15,1.201827075516335,0.1,1.2020171447996526,0.185,NEOUSDT
2018-06-16,1.4563907579294255,0.035,0.9484648947606198,0.585,NEOUSDT
2018-06-17,1.1451485019454613,0.245,1.4797072284677093,0.03,NEOUSDT
2018-06-18,1.0241330156385222,0.475,1.2790406154326326,0.165,NEOUSDT
2018-06-19,0.6920521772879552,0.96,0.678944096354655,0.915,NEOUSDT
2018-06-20,0.6208611845798775,0.965,0.897296522899423,0.645,NEOUSDT
2018-06-21,0.7293355316662372,0.855,1.431312221138938,0.045,NEOUSDT
2018-06-22,1.237435267028007,0.14,1.3933999610594947,0.1,NEOUSDT
2018-06-23,1.0650333441874444,0.385,1.2638509030778287,0.135,NEOUSDT
2018-06-24,1.2342726718124395,0.015,1.1960108833119794,0.01,NEOUSDT
2018-06-25,0.6795785352032826,0.92,0.9969206789343544,0.505,NEOUSDT
2018-06-26,0.853154765632596,0.695,0.8681755592707221,0.66,NEOUSDT
2018-06-27,1.6644000384163566,0.005,1.402035645534642,0.065,NEOUSDT
2018-06-28,0.4840967156756786,0.97,0.8089662122910585,0.945,NEOUSDT
2018-06-29,0.7795084363125926,0.84,1.0806837787630497,0.375,NEOUSDT
2018-06-30,0.8458728195072298,0.87,1.0022530820900228,0.48,NEOUSDT
2018-07-01,0.9866117476606493,0.54,2.069826724413906,0.005,NEOUSDT
2018-07-02,0.9112902244014293,0.705,1.0869325354103803,0.365,NEOUSDT
2018-07-03,1.3442897192142338,0.01,2.126559191080943,0.005,NEOUSDT
2018-07-04,0.8629059780513298,0.845,1.7305832000626242,0.02,NEOUSDT
2018-07-05,1.0521500089069666,0.325,1.479569287404878,0.055,NEOUSDT
2018-07-06,1.1024813629998222,0.26,0.9642243335427164,0.535,NEOUSDT
2018-07-07,0.6895017340563916,0.98,1.072600779534035,0.34,NEOUSDT
2018-07-08,0.8509791385768571,0.78,1.4668785508303823,0.01,NEOUSDT
2018-07-09,0.8354634956073839,0.83,1.6279275371641506,0.015,NEOUSDT
2018-07-10,0.8571772870155674,0.725,0.7739522061273538,0.86,NEOUSDT
2018-07-11,0.7314734792782311,0.95,1.2242349538277706,0.155,NEOUSDT
2018-07-12,0.9499290117962709,0.63,0.8837460214879886,0.695,NEOUSDT
2018-07-13,0.8220423905672299,0.81,0.7715098595023498,0.775,NEOUSDT
2018-07-14,0.9863910827424938,0.52,1.746020930070591,0.025,NEOUSDT
2018-07-15,0.48090989486541397,1.0,0.4709478464948208,0.985,NEOUSDT
2018-07-16,1.0796470035749661,0.195,1.3077710283309236,0.105,NEOUSDT
2018-07-17,0.8290036055831891,0.86,1.106387695164228,0.305,NEOUSDT
2018-07-18,1.1713714698187778,0.175,1.793357993563098,0.01,NEOUSDT
2018-07-19,2.0091061962252206,0.005,1.7011396693844203,0.02,NEOUSDT
2018-07-20,1.2763729081336608,0.015,2.2812679099607536,0.005,NEOUSDT
2018-07-21,0.7931889445879732,0.82,1.159983992926096,0.27,NEOUSDT
2018-07-22,0.688252371970612,0.865,1.594226745467548,0.035,NEOUSDT
2018-07-23,0.8820563172063017,0.94,1.8640517509715537,0.01,NEOUSDT
2018-07-24,0.9158404716181221,0.69,1.7352284101039883,0.005,NEOUSDT
2018-07-25,0.9389010739435025,0.625,0.7982594211776916,0.755,NEOUSDT
2018-07-26,1.2497947406701846,0.105,2.072813678740142,0.005,NEOUSDT
2018-07-27,0.5194191883434973,0.995,2.055802151119137,0.005,NEOUSDT
2018-07-28,0.9430353295029135,0.655,1.321426075966424,0.01,NEOUSDT
2018-07-29,0.818886068577361,0.97,0.7611988772825679,0.97,NEOUSDT
2018-07-30,2.0004374642831975,0.005,2.689190571807588,0.005,NEOUSDT
2018-07-31,1.0009568240209616,0.5,1.2860999027418278,0.15,NEOUSDT
2018-08-01,1.2940906535890802,0.09,1.4122779683558675,0.105,NEOUSDT
2018-08-02,0.8140190540280532,0.78,1.532606501658346,0.035,NEOUSDT
2018-08-03,0.9133143058641315,0.655,1.26040775400877,0.195,NEOUSDT
2018-08-04,1.027665698091767,0.44,2.096410667618022,0.005,NEOUSDT
2018-08-05,1.3732659385949606,0.035,1.2529283142352463,0.165,NEOUSDT
2018-08-06,1.0143361996361844,0.5,1.2086040379087284,0.25,NEOUSDT
2018-08-07,0.9699786332787511,0.535,1.0770182831087762,0.365,NEOUSDT
2018-08-08,1.0969091008414975,0.185,1.1804544391782694,0.035,NEOUSDT
2018-08-09,0.9096716440477193,0.73,1.0657825835400125,0.36,NEOUSDT
2018-08-10,1.1201880755431268,0.285,1.102038269209173,0.29,NEOUSDT
2018-08-11,0.6866914771727214,0.83,0.7810768082400829,0.82,NEOUSDT
2018-08-12,1.1293629278469617,0.18,1.8405215779917075,0.005,NEOUSDT
2018-08-13,1.2743740481010855,0.085,1.2838900384722172,0.14,NEOUSDT
2018-08-14,1.0178625726768353,0.405,1.2213289633380524,0.185,NEOUSDT
2018-08-15,1.0959247378385946,0.255,1.321953795419013,0.12,NEOUSDT
2018-08-16,0.823053495895794,0.795,1.3020532546103047,0.145,NEOUSDT
2018-08-17,1.574186460368172,0.015,1.4276248826300153,0.09,NEOUSDT
2018-08-18,0.8126986527865452,0.75,1.2687286163348845,0.115,NEOUSDT
2018-08-19,0.9678998900497122,0.525,1.8351366998863647,0.005,NEOUSDT
2018-08-20,1.2739112362475873,0.135,1.6626424568118345,0.03,NEOUSDT
2018-08-21,1.2013782293246345,0.15,0.9370013792965715,0.55,NEOUSDT
2018-08-22,1.7423669846969823,0.01,2.00082975037601,0.005,NEOUSDT
2018-08-23,0.8303669203530233,0.715,0.8680201919672607,0.705,NEOUSDT
2018-08-24,0.9878740333742979,0.525,0.8701648759427966,0.735,NEOUSDT
2018-08-25,0.4975670313464473,0.96,0.8853318611257882,0.875,NEOUSDT
2018-08-26,0.48469193421647294,1.0,0.9067169396469437,0.605,NEOUSDT
2018-08-27,1.235997928826004,0.19,1.4017400465498966,0.095,NEOUSDT
2018-08-28,0.8542936456129799,0.855,0.5334878495188644,0.975,NEOUSDT
2018-08-29,0.8671301374330802,0.79,1.358951521050644,0.105,NEOUSDT
2018-08-30,1.4272341645547464,0.025,1.8441311184758447,0.005,NEOUSDT
2018-08-31,1.0364979482761638,0.335,1.2924743862088612,0.005,NEOUSDT
2018-09-01,0.7329609898688865,0.875,1.0999952250986693,0.3,NEOUSDT
2018-09-02,0.939292852212703,0.595,1.2978090029383735,0.105,NEOUSDT
2018-09-03,1.0669222351211918,0.345,1.7333715761371131,0.015,NEOUSDT
2018-09-04,1.7233714943157312,0.005,2.2905980973596134,0.005,NEOUSDT
2018-09-05,1.4242556975615477,0.01,1.671194958715888,0.005,NEOUSDT
2018-09-06,1.1658913224354708,0.14,1.1386474548020067,0.225,NEOUSDT
2018-09-07,1.0524160035488248,0.395,1.3972098138701423,0.05,NEOUSDT
2018-09-08,0.7737910308796906,0.94,0.872366507076153,0.64,NEOUSDT
2018-09-09,0.7019675797493939,0.995,0.6264013890013856,1.0,NEOUSDT
2018-09-10,1.3029769365389774,0.005,2.4921132629450864,0.005,NEOUSDT
2018-09-11,0.956090305288299,0.64,0.8768405275670806,0.68,NEOUSDT
2018-09-12,1.2648058072227786,0.055,1.314799188303149,0.01,NEOUSDT
2018-09-13,1.11297645144446,0.26,1.2828753561122985,0.145,NEOUSDT
2018-09-14,1.0777783351122077,0.365,1.4314977762426586,0.045,NEOUSDT
2018-09-15,1.2574143563393403,0.03,1.035860940932685,0.41,NEOUSDT
2018-09-16,1.0387650635002683,0.41,1.4555373982040496,0.025,NEOUSDT
2018-09-17,1.1124950979234138,0.125,2.010834664201779,0.005,NEOUSDT
2018-09-18,1.5263786266205237,0.02,1.7322632897799002,0.01,NEOUSDT
2018-09-19,1.0038894000571894,0.47,1.2381698628400886,0.145,NEOUSDT
2018-09-20,0.8898105222820358,0.71,1.1449457010944253,0.27,NEOUSDT
2018-09-21,0.5664263269543518,1.0,0.82253834400344,0.73,NEOUSDT
2018-09-22,1.257784849827717,0.16,1.5351467456199483,0.04,NEOUSDT
2018-09-23,0.8197082665078181,0.745,1.2425677470303815,0.165,NEOUSDT
2018-09-24,0.9866326771149424,0.515,1.3491485280506765,0.1,NEOUSDT
2018-09-25,1.0780584148527574,0.33,1.0794106033031192,0.32,NEOUSDT
2018-09-26,0.9611730196509283,0.63,0.8231850812290954,0.82,NEOUSDT
2018-09-27,1.0278617872085094,0.38,1.273318341182111,0.09,NEOUSDT
2018-09-28,1.1417314072718663,0.195,1.398300999740381,0.065,NEOUSDT
2018-09-29,1.545099556608852,0.015,1.8994415088538101,0.015,NEOUSDT
2018-09-30,1.1739053202439895,0.23,1.1267487112301566,0.25,NEOUSDT
2018-10-01,0.9294229238515599,0.635,1.0325836714810563,0.43,NEOUSDT
2018-10-02,0.9348647989513277,0.615,0.9005502967074192,0.73,NEOUSDT
2018-10-03,0.5565990724108557,1.0,0.7410520209847152,0.885,NEOUSDT
2018-10-04,0.7047522491802914,0.99,0.5647522199936212,0.995,NEOUSDT
2018-10-05,1.766648585729374,0.01,2.9690980484831684,0.005,NEOUSDT
2018-10-06,1.0720477772558374,0.385,1.2953237752173754,0.125,NEOUSDT
2018-10-07,0.4799406015562427,0.955,1.7177907675131696,0.02,NEOUSDT
2018-10-08,0.7818465656820298,0.97,0.7390838980168807,0.84,NEOUSDT
2018-10-09,0.9519857018056722,0.6,1.6850762011958837,0.02,NEOUSDT
2018-10-10,0.6962757792650062,0.895,0.9423304998530494,0.635,NEOUSDT
2018-10-11,1.2702582707421368,0.11,1.3696245649617147,0.115,NEOUSDT
2018-10-12,1.3432649729486383,0.08,2.025068403182132,0.005,NEOUSDT
2018-10-13,1.1575178717543508,0.25,1.3269501900194374,0.13,NEOUSDT
2018-10-14,1.1093890534114255,0.365,1.960179111692289,0.005,NEOUSDT
2018-10-15,0.6521544878100951,0.97,1.1921225314161903,0.255,NEOUSDT
2018-10-16,0.9544965703090867,0.545,1.201847072464603,0.255,NEOUSDT
2018-10-17,1.4300242355980421,0.005,1.5713457063099614,0.03,NEOUSDT
2018-10-18,1.3706619316487207,0.07,1.3093438218522448,0.105,NEOUSDT
2018-10-19,1.1822030310909433,0.26,1.1557833336343273,0.275,NEOUSDT
2018-10-20,0.726184937950308,0.97,1.4774851744309505,0.075,NEOUSDT
2018-10-21,0.7096455403999083,0.9,0.7657384822946032,0.8,NEOUSDT
2018-10-22,0.7163321197744978,0.975,0.9821007961981032,0.655,NEOUSDT
2018-10-23,1.1915874593267686,0.115,1.6008026971266018,0.01,NEOUSDT
2018-10-24,1.2981229288126002,0.005,1.359520106285091,0.005,NEOUSDT
2018-10-25,1.461475310342688,0.01,1.9000120566182235,0.005,NEOUSDT
2018-10-26,1.03416363500761,0.395,1.124054614535981,0.055,NEOUSDT
2018-10-27,0.8260021395921388,0.9,1.1273208622841184,0.21,NEOUSDT
2018-10-28,1.2385704752504658,0.085,1.3043837214625371,0.08,NEOUSDT
2018-10-29,1.0598782528130086,0.4,1.1420136205573097,0.28,NEOUSDT
2018-10-30,1.116149999260596,0.3,1.5805962146494779,0.04,NEOUSDT
2018-10-31,0.8316837161118277,0.85,0.5946298272984637,0.96,NEOUSDT
2018-11-01,0.9300532317186699,0.645,0.7946359071098565,0.725,NEOUSDT
2018-11-02,1.380838236493675,0.03,1.2726951672504303,0.085,NEOUSDT
2018-11-03,0.9019813492755148,0.705,1.3270270836744105,0.085,NEOUSDT
2018-11-04,0.9271424543219475,0.61,0.8880156290533662,0.65,NEOUSDT
2018-11-05,1.1433208105760049,0.225,1.588914696435396,0.02,NEOUSDT
2018-11-06,0.7273482755604828,0.87,0.9152263920079128,0.635,NEOUSDT
2018-11-07,0.698591404751648,0.935,0.6528982138289794,0.92,NEOUSDT
2018-11-08,1.5346932238176736,0.05,1.4823248019568502,0.04,NEOUSDT
2018-11-09,1.1878920951095127,0.145,1.2449383331503425,0.145,NEOUSDT
2018-11-10,0.8534555046170784,0.735,1.1534341296597797,0.195,NEOUSDT
2018-11-11,0.7097490021077962,0.94,1.0162175279907026,0.46,NEOUSDT
2018-11-12,1.0488138530053208,0.455,1.1264269037621444,0.325,NEOUSDT
2018-11-13,1.2612539091501418,0.04,1.3886451792006276,0.02,NEOUSDT
2018-11-14,0.955881610688756,0.51,1.974860691498176,0.01,NEOUSDT
2018-11-15,1.5084028216730843,0.035,1.76236474137406,0.005,NEOUSDT
2018-11-16,0.9452186175450529,0.675,1.1123081734811036,0.29,NEOUSDT
2018-11-17,0.995470343622305,0.465,1.33502013755616,0.12,NEOUSDT
2018-11-18,0.47898708238328735,0.975,0.6720837792093397,0.92,NEOUSDT
2018-11-19,0.850315288147071,0.755,1.074683633777918,0.355,NEOUSDT
2018-11-20,1.3634013446773483,0.005,2.2162942620841415,0.005,NEOUSDT
2018-11-21,2.0933209073049874,0.005,3.584691420131978,0.005,NEOUSDT
2018-11-22,0.9862251602836577,0.555,0.9716414620785759,0.49,NEOUSDT
2018-11-23,1.7026485415658632,0.01,1.7338455596943816,0.02,NEOUSDT
2018-11-24,0.8570289337029434,0.72,0.6751341261364683,0.94,NEOUSDT
2018-11-25,0.9903848271072154,0.53,1.127936895661187,0.295,NEOUSDT
2018-11-26,0.9490418477686645,0.595,1.231729183569328,0.165,NEOUSDT
2018-11-27,1.396048368344937,0.045,1.3992415211891063,0.095,NEOUSDT
2018-11-28,1.2653022047230815,0.125,1.573118868644785,0.02,NEOUSDT
2018-11-29,0.7930609770801917,0.855,0.7534586028742757,0.91,NEOUSDT
2018-11-30,0.5016127342930964,0.975,0.6908829122447466,0.97,NEOUSDT
2018-12-01,1.1285815457682993,0.28,0.9244931530025092,0.575,NEOUSDT
2018-12-02,0.9419548064025354,0.605,1.2850859022867702,0.04,NEOUSDT
2018-12-03,0.69460996205054,0.955,1.0064379423916947,0.5,NEOUSDT
2018-12-04,1.1132121870285638,0.305,1.2201368472062888,0.165,NEOUSDT
2018-12-05,0.7248487454016699,0.92,1.11705064998492,0.23,NEOUSDT
2018-12-06,1.5452945601303363,0.02,1.5511895704269798,0.01,NEOUSDT
2018-12-07,0.9090924676083416,0.67,1.1061860537673933,0.29,NEOUSDT
2018-12-08,1.299737612047419,0.125,1.4216207075749585,0.005,NEOUSDT
2018-12-09,1.026813042282653,0.385,0.8738700251192973,0.685,NEOUSDT
2018-12-10,1.260413584013502,0.085,1.3163710096677415,0.005,NEOUSDT
2018-12-11,1.340122304406683,0.035,1.4359504250215274,0.01,NEOUSDT
2018-12-12,1.1156568103989624,0.285,1.148234859717765,0.255,NEOUSDT
2018-12-13,0.6186540196217376,0.995,0.7492724531685809,0.915,NEOUSDT
2018-12-14,1.445787471125466,0.005,1.6663521884344161,0.005,NEOUSDT
2018-12-15,1.0931510127019606,0.265,0.9891685378049639,0.465,NEOUSDT
2018-12-16,0.7048855088643591,0.985,0.49643982339563114,1.0,NEOUSDT
2018-12-17,1.0284337490720912,0.43,0.543625583068931,0.98,NEOUSDT
2018-12-18,0.9787182298866764,0.555,0.9726636920253638,0.525,NEOUSDT
2018-12-19,1.484307525904998,0.005,1.5297270096823328,0.01,NEOUSDT
2018-12-20,0.9528101131475262,0.565,0.9180977114179125,0.585,NEOUSDT
2018-12-21,1.1712612461065957,0.215,1.4174034143889502,0.045,NEOUSDT
2018-12-22,1.4372199890711004,0.01,1.5282542049954613,0.02,NEOUSDT
2018-12-23,1.4242208374873235,0.045,1.4823586516159093,0.03,NEOUSDT
2018-12-24,1.7235827703485493,0.005,2.8601922908373174,0.005,NEOUSDT
2018-12-25,1.626988049071976,0.005,1.9780791203547687,0.005,NEOUSDT
2018-12-26,1.549095806119284,0.01,1.622605908320149,0.005,NEOUSDT
2018-12-27,0.7178055463657407,0.925,0.6877607781651847,0.95,NEOUSDT
2018-12-28,1.1656334951731986,0.185,1.3797545559104218,0.035,NEOUSDT
2018-12-29,0.9903398333242559,0.49,1.030416493218777,0.42,NEOUSDT
2018-12-30,1.4905702012092996,0.02,1.5448617666323095,0.02,NEOUSDT
2018-12-31,0.848317649136661,0.725,1.1516715255674557,0.265,NEOUSDT
2019-01-01,0.6569147748499942,0.985,0.800452032435893,0.845,NEOUSDT
2019-01-02,1.1377574530925922,0.07,1.265885082764797,0.005,NEOUSDT
2019-01-03,1.1283693379932378,0.215,1.1298653479146052,0.285,NEOUSDT
2019-01-04,1.1338443129778406,0.125,0.9393559637959527,0.575,NEOUSDT
2019-01-05,1.0336985203535154,0.445,1.439393790324859,0.04,NEOUSDT
2019-01-06,0.7248902608458385,0.9,0.6644769404432215,0.955,NEOUSDT
2019-01-07,1.0915140855391212,0.335,1.714095578830761,0.005,NEOUSDT
2019-01-08,0.6360132254105908,1.0,0.5215788466715253,0.98,NEOUSDT
2019-01-09,1.401326266103408,0.045,1.2896505536684648,0.13,NEOUSDT
2019-01-10,1.2446208775650947,0.165,1.8093183062211755,0.005,NEOUSDT
2019-01-11,1.6091341725800832,0.005,1.4626657070842564,0.015,NEOUSDT
2019-01-12,0.5178759012186147,0.96,0.9204929870082748,0.65,NEOUSDT
2019-01-13,0.7987991782813595,0.885,0.733790249291492,0.905,NEOUSDT
2019-01-14,0.4480333123081927,1.0,0.5588569550139222,0.975,NEOUSDT
2019-01-15,0.4727952676844426,1.0,0.539595997985474,1.0,NEOUSDT
2019-01-16,0.9914842272860072,0.505,1.8039946307947197,0.005,NEOUSDT
2019-01-17,0.8249948534124542,0.89,1.14033816067658,0.265,NEOUSDT
2019-01-18,0.9380222793456601,0.64,1.34320268599552,0.08,NEOUSDT
2019-01-19,0.8051983655915146,0.805,0.6027951833493238,0.96,NEOUSDT
2019-01-20,0.7052513409395768,0.94,0.7206393701845827,0.865,NEOUSDT
2019-01-21,0.6980123001104632,0.875,0.7090790178658662,0.885,NEOUSDT
2019-01-22,0.3569327852857001,0.99,0.7381288717395971,0.83,NEOUSDT
2019-01-23,0.6087238482500481,0.985,0.6627384030899207,0.94,NEOUSDT
2019-01-24,1.0425691673293704,0.38,0.8796681029693407,0.69,NEOUSDT
2019-01-25,0.8523583673553868,0.86,0.8836680416094148,0.725,NEOUSDT
2019-01-26,1.2926354223492313,0.035,1.6462814071173557,0.005,NEOUSDT
2019-01-27,1.0733791590151447,0.35,0.42915055254437784,0.995,NEOUSDT
2019-01-28,1.0354790639201112,0.39,1.0329950532267724,0.455,NEOUSDT
2019-01-29,0.8220657404643281,0.935,0.8253304372079905,0.775,NEOUSDT
2019-01-30,1.0615816974560237,0.36,0.9015395132530997,0.69,NEOUSDT
2019-01-31,0.9293006616725177,0.675,1.8703841562554664,0.005,NEOUSDT
2019-02-01,0.9086647205766427,0.695,1.3239569002525904,0.08,NEOUSDT
2019-02-02,0.8125742951328221,0.915,0.8169211214571032,0.84,NEOUSDT
2019-02-03,1.0676287695378535,0.33,0.9848940451580395,0.56,NEOUSDT
2019-02-04,0.830039665918242,0.91,0.8274573152767358,0.835,NEOUSDT
2019-02-05,0.9721511371859513,0.615,0.8380680461237691,0.8,NEOUSDT
2019-02-06,0.3136360848973409,1.0,0.6292434101779603,0.945,NEOUSDT
2019-02-07,1.0289764710271714,0.43,1.1283117470930044,0.265,NEOUSDT
2019-02-08,0.8205716937648454,0.805,0.9210355222403306,0.6,NEOUSDT
2019-02-09,0.7392528726212886,0.9,0.6970128066808323,0.89,NEOUSDT
2019-02-10,0.21799137265161145,1.0,0.15901450362611694,1.0,NEOUSDT
2019-02-11,0.5513780746787149,1.0,0.7498233714610241,0.845,NEOUSDT
2019-02-12,0.9748140224191766,0.535,1.2930979087797818,0.14,NEOUSDT
2019-02-13,0.9786928464588115,0.555,1.0708339585988513,0.39,NEOUSDT
2019-02-14,0.918346698521192,0.68,0.9647450242724275,0.57,NEOUSDT
2019-02-15,0.4064088016829686,1.0,0.4358076752326657,1.0,NEOUSDT
2019-02-16,0.9109795699986437,0.66,0.8521266350203438,0.735,NEOUSDT
2019-02-17,1.4080024961636437,0.065,1.4100425555252896,0.07,NEOUSDT
2019-02-18,0.7385599521776922,0.865,0.7856867822254707,0.76,NEOUSDT
2019-02-19,1.4746454610427548,0.06,1.4844336044495694,0.025,NEOUSDT
2019-02-20,1.444900901585244,0.01,1.8032566604549645,0.005,NEOUSDT
2019-02-21,1.440336778513849,0.01,0.8574259646184584,0.72,NEOUSDT
2019-02-22,1.044980084865143,0.33,1.1841828668522396,0.235,NEOUSDT
2019-02-23,0.6622305850021211,0.945,0.6803714461175471,0.95,NEOUSDT
2019-02-24,0.7135494188603029,0.97,1.3336521982954443,0.12,NEOUSDT
2019-02-25,1.2662452011898404,0.1,1.7608299269677923,0.01,NEOUSDT
2019-02-26,1.128736442177813,0.215,1.1186240902587008,0.31,NEOUSDT
2019-02-27,1.1716786331002393,0.26,1.2758372894396328,0.14,NEOUSDT
2019-02-28,0.7257354698749999,0.98,1.4128095196796593,0.07,NEOUSDT
2019-03-01,0.5689914584502767,0.975,0.3655530853729236,1.0,NEOUSDT
2019-03-02,0.6655564871810916,0.995,0.8334910879585065,0.825,NEOUSDT
2019-03-03,1.2367198801561747,0.175,1.3645516410138157,0.055,NEOUSDT
2019-03-04,1.0791251429438873,0.315,1.1114855438872493,0.33,NEOUSDT
2019-03-05,1.2622942503354944,0.105,1.690206048402512,0.005,NEOUSDT
2019-03-06,0.45631573317473745,0.995,0.7796748962591562,0.855,NEOUSDT
2019-03-07,1.1932407800938911,0.175,1.111250620907453,0.29,NEOUSDT
2019-03-08,0.4530003057300169,0.99,0.42094711126090667,0.995,NEOUSDT
2019-03-09,1.026084682529203,0.45,1.5046823989032294,0.02,NEOUSDT
2019-03-10,1.1207972112836666,0.24,1.035176288289644,0.45,NEOUSDT
2019-03-11,0.7410576381165406,0.89,1.3262925731648232,0.16,NEOUSDT
2019-03-12,0.9728086034939273,0.535,1.1708364443796553,0.2,NEOUSDT
2019-03-13,0.7381928978146346,0.89,0.6158103240832479,0.925,NEOUSDT
2019-03-14,0.3282662167876389,1.0,0.455014752559453,1.0,NEOUSDT
2019-03-15,1.204684180359532,0.11,1.2960985356292603,0.02,NEOUSDT
2019-03-16,1.0721997868113364,0.355,1.344655377097294,0.095,NEOUSDT
2019-03-17,1.3495033916011014,0.025,2.514235510907514,0.005,NEOUSDT
2019-03-18,0.9651633469813213,0.615,0.8093265005973058,0.78,NEOUSDT
2019-03-19,1.2370351572143212,0.075,1.6263140556041966,0.015,NEOUSDT
2019-03-20,0.9958129569425221,0.47,2.1298763744962383,0.005,NEOUSDT
2019-03-21,0.6651293977496697,0.92,0.8477663404555209,0.675,NEOUSDT
2019-03-22,0.8799804699740322,0.86,1.152556069334689,0.25,NEOUSDT
2019-03-23,1.072538041399875,0.325,1.2194074569841409,0.16,NEOUSDT
2019-03-24,0.7493621318475865,0.845,1.104620238529382,0.325,NEOUSDT
2019-03-25,0.7041884455212291,0.98,0.7542260721923065,0.86,NEOUSDT
2019-03-26,0.6243020600725062,0.985,0.4708858431465184,0.99,NEOUSDT
2019-03-27,1.481280633526829,0.015,1.8317333423978193,0.005,NEOUSDT
2019-03-28,1.2879690459114423,0.075,1.6208150197600664,0.025,NEOUSDT
2019-03-29,0.505299059630726,1.0,0.6132288217317978,0.945,NEOUSDT
2019-03-30,0.45160494928506056,0.975,0.6441295155532395,0.945,NEOUSDT
2019-03-31,0.6046986595732136,0.965,0.933240564574506,0.59,NEOUSDT
2019-04-01,1.6667056623384366,0.005,1.6693743279272386,0.015,NEOUSDT
2019-04-02,0.9127074316796893,0.675,1.7924920750174445,0.01,NEOUSDT
2019-04-03,0.67808219067606,0.885,1.528995726580731,0.035,NEOUSDT
2019-04-04,1.1978542520410331,0.15,1.4585975015560295,0.01,NEOUSDT
2019-04-05,1.1564506751654826,0.105,1.3020560831916763,0.115,NEOUSDT
2019-04-06,0.9763381487193284,0.545,1.163486507086945,0.235,NEOUSDT
2019-04-07,1.03679688678277,0.37,1.1585683169390995,0.05,NEOUSDT
2019-04-08,1.2293798767217172,0.105,1.2281923007305833,0.14,NEOUSDT
2019-04-09,0.9210161458149414,0.675,0.8916490875670869,0.645,NEOUSDT
2019-04-10,1.4222999684435726,0.03,2.1758728389747874,0.005,NEOUSDT
2019-04-11,0.9425871480034058,0.81,0.8603682963484054,1.0,NEOUSDT
2019-04-12,1.0665606212764465,0.34,0.8457334801538698,0.775,NEOUSDT
2019-04-13,0.6946890105470225,0.975,1.0292813161531067,0.43,NEOUSDT
2019-04-14,1.1638069412443282,0.225,1.9411760240647127,0.005,NEOUSDT
2019-04-15,0.6715403762421113,0.98,0.8933656030090764,0.67,NEOUSDT
2019-04-16,0.601213807924793,0.965,0.761068509000175,0.865,NEOUSDT
2019-04-17,0.6510093940417118,1.0,0.989135315101639,0.535,NEOUSDT
2019-04-18,1.247676335895708,0.04,1.663632030662384,0.005,NEOUSDT
2019-04-19,0.7486178972989741,0.945,0.9808357290672028,0.575,NEOUSDT
2019-04-20,0.9788025072590941,0.485,1.0346662531492583,0.41,NEOUSDT
2019-04-21,0.5312923786713679,1.0,0.4216685823129001,1.0,NEOUSDT
2019-04-22,0.7842048763685704,0.935,0.9650619497361369,0.56,NEOUSDT
2019-04-23,1.0909166723601889,0.25,1.0659349989267306,0.375,NEOUSDT
2019-04-24,0.8691368742819136,0.735,1.3651857246268497,0.07,NEOUSDT
2019-04-25,0.7911766447994129,0.99,1.1110311835724962,0.335,NEOUSDT
2019-04-26,1.074700056276365,0.285,1.073788100160567,0.375,NEOUSDT
2019-04-27,0.793350397707829,0.87,0.8303083744970345,0.755,NEOUSDT
2019-04-28,0.9829929936826013,0.545,0.9468941286501401,0.715,NEOUSDT
2019-04-29,0.48210899762231463,0.995,0.6075120142458307,1.0,NEOUSDT
2019-04-30,1.3901097186248512,0.02,1.3642808119366174,0.07,NEOUSDT
2019-05-01,1.2256135177309688,0.05,1.2074872358924509,0.105,NEOUSDT
2019-05-02,0.45637527250823545,1.0,0.47561642387162356,1.0,NEOUSDT
2019-05-03,1.1082417341489421,0.06,1.1050992989180233,0.025,NEOUSDT
2019-05-04,0.9012265632376608,0.83,1.1177963570021743,0.24,NEOUSDT
2019-05-05,0.8638484942407337,0.87,1.0731476405055447,0.365,NEOUSDT
2019-05-06,1.1432782008505533,0.19,1.0459426879345513,0.365,NEOUSDT
2019-05-07,0.6476068958745109,0.995,0.5175537260818917,0.99,NEOUSDT
2019-05-08,0.9460736787468238,0.625,1.1971035335259887,0.15,NEOUSDT
2019-05-09,0.6667089193055389,0.895,1.459327913416056,0.035,NEOUSDT
2019-05-10,0.4682140994770562,1.0,1.1062642556786955,0.32,NEOUSDT
2019-05-11,1.3669538626323268,0.06,2.2174836853086974,0.005,NEOUSDT
2019-05-12,0.9808622446882176,0.51,1.1566254505470603,0.225,NEOUSDT
2019-05-13,1.2736406744372442,0.115,1.4120873644608534,0.04,NEOUSDT
2019-05-14,1.1675710280046425,0.205,1.986103761408802,0.005,NEOUSDT
2019-05-15,1.4375239926846557,0.045,1.4799003977561875,0.055,NEOUSDT
2019-05-16,1.2347282446014294,0.035,1.5816145559793964,0.015,NEOUSDT
2019-05-17,0.8888884500399892,0.685,0.98022590017724,0.54,NEOUSDT
2019-05-18,1.1778851272676731,0.12,1.5331550716581301,0.005,NEOUSDT
2019-05-19,1.5330527630208561,0.01,1.7851600604105557,0.005,NEOUSDT
2019-05-20,1.2079331246177663,0.16,0.7424218215513835,0.95,NEOUSDT
2019-05-21,0.9015461016032785,0.68,1.219137903473254,0.11,NEOUSDT
2019-05-22,0.7827275681761224,0.93,1.60363513174191,0.025,NEOUSDT
2019-05-23,0.8895290274388,0.745,1.2801786451616166,0.04,NEOUSDT
2019-05-24,1.0604055463564623,0.37,1.0104536571286498,0.475,NEOUSDT
2019-05-25,1.0719836657770017,0.265,1.5905131099708238,0.005,NEOUSDT
2019-05-26,0.6410952608001877,0.985,0.600550990643013,0.98,NEOUSDT
2019-05-27,1.1361161015490584,0.185,1.234754933220576,0.205,NEOUSDT
2019-05-28,0.8345582373184124,0.835,1.2226759604273454,0.075,NEOUSDT
2019-05-29,0.7754860220785875,0.855,0.6532795732838518,0.93,NEOUSDT
2019-05-30,1.183943242356877,0.155,1.1288998071295662,0.29,NEOUSDT
2019-05-31,1.5246809829122303,0.015,1.61986093315191,0.01,NEOUSDT
2019-06-01,0.9097572845534556,0.66,1.50443012227659,0.045,NEOUSDT
2019-06-02,1.0324823986160336,0.385,2.1228898568940173,0.005,NEOUSDT
2019-06-03,0.7520401942157326,0.89,0.9539698659223463,0.57,NEOUSDT
2019-06-04,1.231800476042184,0.045,1.2959028381095954,0.155,NEOUSDT
2019-06-05,0.5796412407275332,1.0,0.8055964469283684,0.855,NEOUSDT
2019-06-06,0.7843235444856479,0.925,1.2952300846396374,0.16,NEOUSDT
2019-06-07,1.2371506619640122,0.02,2.639932375962781,0.005,NEOUSDT
2019-06-08,1.0510858379348955,0.365,1.1316682745863615,0.24,NEOUSDT
2019-06-09,0.9643590611770227,0.59,1.5573423321410453,0.035,NEOUSDT
2019-06-10,0.7874098744024246,0.885,0.5534597282420691,0.99,NEOUSDT
2019-06-11,0.7088047220770375,0.96,0.8319700888184534,0.745,NEOUSDT
2019-06-12,1.761373743229464,0.005,1.4839239667670563,0.015,NEOUSDT
2019-06-13,1.0693814799122943,0.31,1.2176692181301891,0.18,NEOUSDT
2019-06-14,1.1987298834508837,0.18,1.1065654507622178,0.37,NEOUSDT
2019-06-15,0.942769876337648,0.575,0.7600781113018288,0.865,NEOUSDT
2019-06-16,1.0066584779799381,0.51,1.350471905160559,0.11,NEOUSDT
2019-06-17,1.397427519214306,0.005,1.343662426029922,0.095,NEOUSDT
2019-06-18,0.8917013168622754,0.71,1.1048598577468056,0.275,NEOUSDT
2019-06-19,0.943069628649181,0.625,1.2825414642228394,0.075,NEOUSDT
2019-06-20,1.7339969719726256,0.01,1.145583101027501,0.18,NEOUSDT
2019-06-21,1.0015992718089453,0.49,1.0913181890264085,0.13,NEOUSDT
2019-06-22,1.0587656464226052,0.4,0.958912047542685,0.54,NEOUSDT
2019-06-23,1.0840252830581787,0.19,1.2425679431382437,0.03,NEOUSDT
2019-06-24,1.0938610053459012,0.255,1.2684279017681384,0.025,NEOUSDT
2019-06-25,0.9617532469009477,0.58,1.2615328017353025,0.09,NEOUSDT
2019-06-26,1.524075794481373,0.01,2.0748143755823927,0.005,NEOUSDT
2019-06-27,1.0624183465462014,0.405,1.1523509774291616,0.15,NEOUSDT
2019-06-28,0.7526913316504279,0.86,1.0848284507096781,0.36,NEOUSDT
2019-06-29,0.6248315405022675,0.985,0.5549439852087513,0.975,NEOUSDT
2019-06-30,0.6670961021180829,0.965,0.8279272005717755,0.825,NEOUSDT
2019-07-01,0.8891849009584075,0.735,1.0923815451119119,0.34,NEOUSDT
2019-07-02,1.6209963837956556,0.005,2.401697656762171,0.005,NEOUSDT
2019-07-03,1.0013291000982152,0.53,1.5009226710818189,0.035,NEOUSDT
2019-07-04,1.2097984286971701,0.12,0.9362992569819434,0.57,NEOUSDT
2019-07-05,1.3368663839049129,0.015,1.8536252808727551,0.005,NEOUSDT
2019-07-06,1.2566283968128071,0.02,2.470269450698422,0.005,NEOUSDT
2019-07-07,1.0842232746357408,0.26,0.8303967417777263,0.75,NEOUSDT
2019-07-08,0.6458512590688795,1.0,0.7832870211666831,1.0,NEOUSDT
2019-07-09,0.677784861691379,0.99,0.9284108873400555,0.63,NEOUSDT
2019-07-10,0.8498916651975627,0.82,1.1044774619755873,0.28,NEOUSDT
2019-07-11,1.1728183912819359,0.055,1.3760576231614803,0.005,NEOUSDT
2019-07-12,0.8953030726604334,0.75,0.619939269916106,0.995,NEOUSDT
2019-07-13,1.1421576610339075,0.14,1.0420101718702581,0.4,NEOUSDT
2019-07-14,0.9949914828286881,0.485,1.7776285042101223,0.005,NEOUSDT
2019-07-15,0.8964499200954124,0.74,0.9010158892661535,0.625,NEOUSDT
2019-07-16,1.1692708244199708,0.16,1.3649417794785534,0.045,NEOUSDT
2019-07-17,1.5757629236393282,0.02,1.9805304445716043,0.005,NEOUSDT
2019-07-18,1.1351454625443211,0.275,0.8351286975479916,0.75,NEOUSDT
2019-07-19,0.9906634856354187,0.565,1.247397314300406,0.015,NEOUSDT
2019-07-20,1.2234660278818315,0.175,1.3307160883997535,0.095,NEOUSDT
2019-07-21,0.7538757571064688,0.935,0.9766510651716451,0.555,NEOUSDT
2019-07-22,0.9749449907575597,0.545,1.1820962354267357,0.075,NEOUSDT
2019-07-23,0.7797436876549667,0.96,0.3788658529355767,1.0,NEOUSDT
2019-07-24,1.24697647261366,0.165,1.4859342885224185,0.03,NEOUSDT
2019-07-25,1.0923632742046951,0.23,1.1518341035186739,0.085,NEOUSDT
2019-07-26,1.0402533264380909,0.405,1.7824865204389333,0.005,NEOUSDT
2019-07-27,0.7412896373500831,1.0,0.7103855091841708,0.985,NEOUSDT
2019-07-28,1.0320005104177952,0.41,1.0750746518245577,0.355,NEOUSDT
2019-07-29,0.5770427048731518,0.97,0.8441627908446724,0.805,NEOUSDT
2019-07-30,0.6515057756294618,0.95,0.5704926136627766,0.97,NEOUSDT
2019-07-31,0.7092689335466195,0.945,0.6871377527253304,0.89,NEOUSDT
2019-08-01,0.9182649570812773,0.63,1.0441150597136573,0.41,NEOUSDT
2019-08-02,1.158604784584098,0.245,1.9052796701791401,0.015,NEOUSDT
2019-08-03,0.8476064980607925,0.69,1.0538228648900039,0.405,NEOUSDT
2019-08-04,1.333710519684138,0.02,1.0573749289215748,0.395,NEOUSDT
2019-08-05,1.0006390770203166,0.525,1.196375635023747,0.17,NEOUSDT
2019-08-06,1.1465572856868977,0.24,1.1860522413171328,0.12,NEOUSDT
2019-08-07,1.064929589170945,0.395,1.1513428908304995,0.23,NEOUSDT
2019-08-08,0.8844783233363902,0.745,0.8358496000159759,0.75,NEOUSDT
2019-08-09,1.1451656435393993,0.225,1.1861828000920016,0.205,NEOUSDT
2019-08-10,0.5656918259608799,0.965,1.0301518947428039,0.47,NEOUSDT
2019-08-11,0.7329827466901243,0.83,0.9503815625961859,0.74,NEOUSDT
2019-08-12,1.3706931886898417,0.025,1.7807657546949092,0.01,NEOUSDT
2019-08-13,1.0426492870612798,0.43,0.9251516082440878,0.705,NEOUSDT
2019-08-14,0.4157807668660016,1.0,0.5762327066851369,0.995,NEOUSDT
2019-08-15,1.4850175054063213,0.08,1.4086589839442456,0.06,NEOUSDT
2019-08-16,1.4844279085806726,0.015,1.86186992272947,0.005,NEOUSDT
2019-08-17,0.7829602788472888,0.965,0.6840508932617093,0.955,NEOUSDT
2019-08-18,0.631414068872028,0.995,0.5824145227073989,0.975,NEOUSDT
2019-08-19,0.807643779236781,0.9,0.6852599099287926,0.98,NEOUSDT
2019-08-20,0.7886164833989389,0.95,0.9435518199123644,0.745,NEOUSDT
2019-08-21,1.02155132460761,0.45,1.000675498221807,0.455,NEOUSDT
2019-08-22,0.9952378081389994,0.54,0.7950481383397069,0.805,NEOUSDT
2019-08-23,0.8657017121717776,0.795,0.6522285528360743,0.985,NEOUSDT
2019-08-24,0.23766176373330594,1.0,0.5250057799109785,0.97,NEOUSDT
2019-08-25,0.7935528006975199,0.855,0.8885472069474027,0.675,NEOUSDT
2019-08-26,1.0434255806467894,0.42,1.4307122638729304,0.065,NEOUSDT
2019-08-27,1.0529337560881107,0.185,1.0231638084660963,0.3,NEOUSDT
2019-08-28,1.0804437167374634,0.16,1.100748536200149,0.13,NEOUSDT
2019-08-29,1.0571552447923032,0.36,1.3383862516770288,0.03,NEOUSDT
2019-08-30,1.189902400433167,0.185,1.1277324632110386,0.22,NEOUSDT
2019-08-31,0.5967629847079345,0.98,0.8666425172557852,0.715,NEOUSDT
2019-09-01,0.6875193184423752,0.935,0.7670759689675092,0.74,NEOUSDT
2019-09-02,1.1062598798557335,0.335,1.6264587062909241,0.015,NEOUSDT
2019-09-03,0.7150579596701976,0.96,0.8050645059639607,0.78,NEOUSDT
2019-09-04,1.3836259127474717,0.01,1.431835352285841,0.015,NEOUSDT
2019-09-05,1.074550895677428,0.355,1.1361513052819907,0.275,NEOUSDT
2019-09-06,1.1434441393210064,0.255,1.411516390411231,0.03,NEOUSDT
2019-09-07,0.9037529820975845,0.705,0.9626215721192187,0.64,NEOUSDT
2019-09-08,0.959644394156297,0.64,0.6158997231581121,0.975,NEOUSDT
2019-09-09,0.9889024908031796,0.525,0.871593214337164,0.715,NEOUSDT
2019-09-10,0.8049430174852344,0.95,1.0244229091130022,0.405,NEOUSDT
2019-09-11,0.9915359719399494,0.535,1.137446711444556,0.2,NEOUSDT
2019-09-12,0.5837392743985252,0.99,0.4980120867058641,0.99,NEOUSDT
2019-09-13,1.0045579000959746,0.525,1.5340596836977456,0.01,NEOUSDT
2019-09-14,0.9909601800560952,0.52,0.9240226816161057,0.585,NEOUSDT
2019-09-15,1.1873922367979652,0.075,1.651968203492723,0.015,NEOUSDT
2019-09-16,0.8492096885407419,0.76,1.0701708730109118,0.365,NEOUSDT
2019-09-17,0.9580151410930119,0.655,0.7828419591166003,0.945,NEOUSDT
2019-09-18,1.1018580989364786,0.235,1.2988752820840241,0.065,NEOUSDT
2019-09-19,0.6617116570581657,0.91,1.0314741464038981,0.43,NEOUSDT
2019-09-20,0.9322781909204473,0.61,0.6813621296804557,0.955,NEOUSDT
2019-09-21,0.9268429831746762,0.86,0.909752571169452,0.86,NEOUSDT
2019-09-22,0.9380089705258947,0.655,1.4880769896275226,0.025,NEOUSDT
2019-09-23,0.5381103637311252,1.0,0.332291823969742,1.0,NEOUSDT
2019-09-24,0.8464343609991979,0.745,0.9858348395585151,0.47,NEOUSDT
2019-09-25,0.7734242959561656,0.945,0.9994893131784834,0.48,NEOUSDT
2019-09-26,0.6079842567426174,1.0,0.5695453796069369,0.985,NEOUSDT
2019-09-27,1.3182399921947665,0.04,1.5588022847456735,0.01,NEOUSDT
2019-09-28,1.3804082822720223,0.03,1.292386159398342,0.15,NEOUSDT
2019-09-29,1.3316201182804868,0.095,0.8059223675430873,0.775,NEOUSDT
2019-09-30,0.9035775566275267,0.78,1.1595857052559004,0.18,NEOUSDT
2019-10-01,1.0637224532388179,0.32,1.5668966530952142,0.005,NEOUSDT
2019-10-02,1.0587756448821668,0.38,0.9134993006307547,0.7,NEOUSDT
2019-10-03,0.7692170570778432,0.9,0.835897637855515,0.73,NEOUSDT
2019-10-04,0.8626039063023364,0.725,0.8884705719827192,0.655,NEOUSDT
2019-10-05,0.747127795086568,0.885,0.6737508343676244,0.945,NEOUSDT
2019-10-06,1.0283114118624197,0.45,0.9788766576721375,0.555,NEOUSDT
2019-10-07,0.9151591014120695,0.69,0.7116793387332541,0.825,NEOUSDT
2019-10-08,1.2361935659980292,0.14,1.288048153996457,0.105,NEOUSDT
2019-10-09,0.8006499143648198,0.865,1.3027008565566893,0.12,NEOUSDT
2019-10-10,0.719406343306827,0.935,0.9408873542929339,0.575,NEOUSDT
2019-10-11,0.6655965382210824,0.965,1.1238436551256745,0.265,NEOUSDT
2019-10-12,0.793422165226348,0.81,1.4652855254716137,0.07,NEOUSDT
2019-10-13,0.6332311360010012,0.97,0.5853853539040206,0.95,NEOUSDT
2019-10-14,0.746487279964816,0.89,0.7741674183387541,0.825,NEOUSDT
2019-10-15,1.15713540572758,0.245,1.5866765399921672,0.035,NEOUSDT
2019-10-16,0.6895923697992459,0.965,0.7337493191618636,0.985,NEOUSDT
2019-10-17,0.5996949769162699,0.98,0.848216417678042,0.74,NEOUSDT
2019-10-18,0.9396250354396698,0.605,1.1343283713963086,0.27,NEOUSDT
2019-10-19,0.7335909180365624,0.97,0.7248543580504567,0.94,NEOUSDT
2019-10-20,1.2195113323108395,0.145,1.070285534065135,0.345,NEOUSDT
2019-10-21,1.104067021014643,0.295,1.0697955943478792,0.375,NEOUSDT
2019-10-22,1.1501627842530717,0.22,1.4160955443709928,0.025,NEOUSDT
2019-10-23,0.6688872591261639,0.935,0.8459333988541555,0.785,NEOUSDT
2019-10-24,0.7751785790623539,0.825,0.8514702092779086,0.705,NEOUSDT
2019-10-25,0.808569873590157,0.885,0.9923732471582637,0.48,NEOUSDT
2019-10-26,0.8449897626905967,0.75,1.4222860998959712,0.03,NEOUSDT
2019-10-27,1.3645461281612377,0.095,2.334106784138805,0.005,NEOUSDT
2019-10-28,2.3121179859035146,0.005,1.843874402652248,0.005,NEOUSDT
2019-10-29,1.4316386032653936,0.02,1.9323384366803855,0.005,NEOUSDT
2019-10-30,0.6546095494621853,0.98,1.0212074253313093,0.43,NEOUSDT
2019-10-31,0.6246913966757416,0.975,0.872709321108473,0.665,NEOUSDT
2019-11-01,1.5176478597377336,0.01,1.3443880598060518,0.055,NEOUSDT
2019-11-02,2.008105152360518,0.005,1.245371965556868,0.105,NEOUSDT
2019-11-03,1.6616415559456612,0.01,1.5540234250731466,0.01,NEOUSDT
2019-11-04,0.8039939607954497,0.815,0.9527391747474395,0.64,NEOUSDT
2019-11-05,1.1723472726343465,0.225,1.1914778120412313,0.275,NEOUSDT
2019-11-06,1.2300677353825016,0.195,1.2811333587756226,0.115,NEOUSDT
2019-11-07,0.9457917662632699,0.605,1.2978101758793186,0.045,NEOUSDT
2019-11-08,1.3045985954899106,0.145,1.1503571563527444,0.28,NEOUSDT
2019-11-09,0.7318002063942445,0.83,0.31739007229414884,1.0,NEOUSDT
2019-11-10,0.49442207764574625,0.955,0.5758734216205164,0.95,NEOUSDT
2019-11-11,0.7637984379030623,0.945,1.0106968647070205,0.435,NEOUSDT
2019-11-12,0.6455736194804109,0.93,0.7171550380146479,0.92,NEOUSDT
2019-11-13,0.4422519669688786,1.0,1.7231113149000892,0.005,NEOUSDT
2019-11-14,0.9925883577323359,0.485,1.370733720609416,0.11,NEOUSDT
2019-11-15,1.4429328628878668,0.025,1.2791057743610434,0.15,NEOUSDT
2019-11-16,0.773025660743336,0.785,0.7636905600313376,0.885,NEOUSDT
2019-11-17,0.6680129014463959,0.975,0.793924311995271,0.855,NEOUSDT
2018-04-06,2.4767591318584623,0.01,1.454653679910521,0.19,QTUMUSDT
2018-04-07,1.2278732613128436,0.095,1.5068834261389974,0.015,QTUMUSDT
2018-04-08,1.2886561602245798,0.025,1.8436275834403661,0.005,QTUMUSDT
2018-04-09,1.1499624415408012,0.31,1.2975437632491005,0.11,QTUMUSDT
2018-04-10,1.1491251344768671,0.28,1.8835670956284118,0.005,QTUMUSDT
2018-04-11,1.3986660124228825,0.065,1.6064210166039312,0.01,QTUMUSDT
2018-04-12,1.5763498977766124,0.02,1.7720545675296784,0.005,QTUMUSDT
2018-04-13,0.594925539522555,0.975,1.1541309750689877,0.265,QTUMUSDT
2018-04-14,0.7251469220644186,0.85,2.5686529010891115,0.005,QTUMUSDT
2018-04-15,1.420854085289297,0.07,2.378790376120332,0.005,QTUMUSDT
2018-04-16,1.2062247113070148,0.13,1.229377048310726,0.165,QTUMUSDT
2018-04-17,1.0016818872156974,0.48,1.2279604625799088,0.155,QTUMUSDT
2018-04-18,0.8584463074705792,0.655,0.6187597767643476,0.95,QTUMUSDT
2018-04-19,1.7133162769805685,0.005,3.161797474151497,0.005,QTUMUSDT
2018-04-20,1.393098245500859,0.05,1.370745298041349,0.075,QTUMUSDT
2018-04-21,1.3796052777154915,0.085,1.3390924174101195,0.09,QTUMUSDT
2018-04-22,0.7741915593546651,0.82,1.1052769017289872,0.335,QTUMUSDT
2018-04-23,1.5488680652447808,0.02,1.9620623646278836,0.005,QTUMUSDT
2018-04-24,1.7302166707063593,0.015,1.718929559327978,0.01,QTUMUSDT
2018-04-25,0.7398201051838285,0.915,1.1687376450957743,0.22,QTUMUSDT
2018-04-26,0.6054989197435862,0.95,1.2678859241135854,0.185,QTUMUSDT
2018-04-27,1.6159889052797676,0.005,1.9752439115985867,0.005,QTUMUSDT
2018-04-28,1.9518516769670073,0.005,2.207307993370962,0.005,QTUMUSDT
2018-04-29,1.050384583650393,0.405,1.0260638345816313,0.455,QTUMUSDT
2018-04-30,1.5550361901873688,0.03,1.0777116296729516,0.345,QTUMUSDT
2018-05-01,1.4152893743484696,0.055,1.4383743324680858,0.02,QTUMUSDT
2018-05-02,1.7914248707187514,0.015,1.6477435609850855,0.015,QTUMUSDT
2018-05-03,1.3825226225074103,0.02,1.9429441182494331,0.005,QTUMUSDT
2018-05-04,1.3549510018260307,0.06,1.3790935423116075,0.07,QTUMUSDT
2018-05-05,1.612760655444511,0.02,1.7435481210956822,0.02,QTUMUSDT
2018-05-06,0.9473101831568574,0.535,1.5860014979456523,0.01,QTUMUSDT
2018-05-07,1.4292626738198289,0.01,1.8836468111505407,0.005,QTUMUSDT
2018-05-08,1.6217847797198222,0.015,2.7355847584751665,0.005,QTUMUSDT
2018-05-09,2.0413964856330935,0.015,2.283538672720743,0.005,QTUMUSDT
2018-05-10,1.9779909666185238,0.005,2.335847694009485,0.005,QTUMUSDT
2018-05-11,0.4909129907333366,0.99,1.0439447231157037,0.39,QTUMUSDT
2018-05-12,1.0330057452009656,0.455,1.4956563911401668,0.04,QTUMUSDT
2018-05-13,1.2520546728451503,0.15,1.3534054960087354,0.1,QTUMUSDT
2018-05-14,1.1548276917016185,0.24,1.2390905957137777,0.155,QTUMUSDT
2018-05-15,0.7249396425003467,0.955,0.6650563449669912,0.985,QTUMUSDT
2018-05-16,0.9967558084114279,0.46,0.9630665607001037,0.555,QTUMUSDT
2018-05-17,1.1380490416891107,0.265,1.7045732837473127,0.025,QTUMUSDT
2018-05-18,1.6141073348291717,0.015,1.5226400329330292,0.065,QTUMUSDT
2018-05-19,1.0741270240842606,0.33,1.1021397571330425,0.19,QTUMUSDT
2018-05-20,1.3384948745073715,0.045,1.095593997389763,0.305,QTUMUSDT
2018-05-21,1.5078823618501405,0.015,1.6702533272742648,0.005,QTUMUSDT
2018-05-22,1.116093061925555,0.285,1.199447067763321,0.18,QTUMUSDT
2018-05-23,1.3179676926918777,0.115,1.636849338792574,0.01,QTUMUSDT
2018-05-24,1.6063024379142086,0.02,1.8575342330391218,0.015,QTUMUSDT
2018-05-25,0.9555570909806219,0.625,1.1104412780074282,0.25,QTUMUSDT
2018-05-26,1.218836893513305,0.13,1.5489088283725156,0.025,QTUMUSDT
2018-05-27,1.1113630163331876,0.285,1.6973618351046011,0.005,QTUMUSDT
2018-05-28,0.8078839707875116,0.91,1.118510251277243,0.3,QTUMUSDT
2018-05-29,0.9886282935587014,0.565,1.2726625370026279,0.02,QTUMUSDT
2018-05-30,1.2052063827820996,0.16,1.125290353594477,0.26,QTUMUSDT
2018-05-31,0.7010257030095556,0.94,1.0322040185205559,0.4,QTUMUSDT
2018-06-01,1.3609274380460574,0.08,1.2811113326673211,0.165,QTUMUSDT
2018-06-02,1.4123123991997775,0.015,1.636946663080035,0.005,QTUMUSDT
2018-06-03,1.5755475648885344,0.03,1.9198406456805301,0.005,QTUMUSDT
2018-06-04,0.7965189872748112,0.765,0.8448895819714886,0.725,QTUMUSDT
2018-06-05,1.0359051905026875,0.475,1.0396451083173954,0.43,QTUMUSDT
2018-06-06,1.469965387298392,0.005,1.3920985828764003,0.01,QTUMUSDT
2018-06-07,0.8541835188331531,0.74,0.8214495147086467,0.76,QTUMUSDT
2018-06-08,1.2505292531795305,0.135,1.5817642942728563,0.04,QTUMUSDT
2018-06-09,1.1008169040095601,0.35,1.5094136304764838,0.03,QTUMUSDT
2018-06-10,0.910422347878739,0.74,1.010209900208045,0.485,QTUMUSDT
2018-06-11,0.49671363404747637,0.99,0.8701096367681823,0.76,QTUMUSDT
2018-06-12,0.6587043843906532,0.92,0.6555241786629121,0.95,QTUMUSDT
2018-06-13,0.7290956693801223,0.935,0.5270922982596565,0.995,QTUMUSDT
2018-06-14,1.4308337385744314,0.065,1.303213538208044,0.125,QTUMUSDT
2018-06-15,1.354493091584873,0.055,1.363586703950143,0.08,QTUMUSDT
2018-06-16,1.1264818152511322,0.32,1.8731516059641635,0.01,QTUMUSDT
2018-06-17,1.6938980750049761,0.01,1.822970520399585,0.01,QTUMUSDT
2018-06-18,1.0750434164376392,0.305,1.6444035428902384,0.005,QTUMUSDT
2018-06-19,0.9136207562773785,0.625,0.864500759210631,0.75,QTUMUSDT
2018-06-20,1.6450759729604225,0.005,1.7631433424584737,0.005,QTUMUSDT
2018-06-21,1.4261133041725278,0.075,1.726377665152815,0.015,QTUMUSDT
2018-06-22,1.2736649403036944,0.02,1.351890834232856,0.015,QTUMUSDT
2018-06-23,0.747202495721759,0.9,1.0538949969187132,0.41,QTUMUSDT
2018-06-24,0.31108839395461746,1.0,0.6879901427755875,0.89,QTUMUSDT
2018-06-25,1.5704588872219292,0.005,1.44388210102695,0.06,QTUMUSDT
2018-06-26,0.3675006043304041,0.97,0.3536121894351922,0.975,QTUMUSDT
2018-06-27,1.2651678851561763,0.09,1.3835925330435725,0.05,QTUMUSDT
2018-06-28,1.1115429632506022,0.32,1.3956575834507592,0.085,QTUMUSDT
2018-06-29,1.092522241156565,0.28,1.1910606842699805,0.06,QTUMUSDT
2018-06-30,0.9866294085436386,0.565,1.2142280344817724,0.04,QTUMUSDT
2018-07-01,0.9496682449070059,0.61,1.0797275793828216,0.32,QTUMUSDT
2018-07-02,0.6057069636923663,0.945,0.7824115004002675,0.815,QTUMUSDT
2018-07-03,1.040974260079831,0.43,1.2850452704797601,0.18,QTUMUSDT
2018-07-04,1.3934106457881756,0.085,2.2839280809931806,0.005,QTUMUSDT
2018-07-05,0.768064309254268,0.85,1.427111080819446,0.05,QTUMUSDT
2018-07-06,0.6666656590411351,0.95,0.8727720062095008,0.64,QTUMUSDT
2018-07-07,0.6169640233139106,0.975,1.7652253013363182,0.01,QTUMUSDT
2018-07-08,0.5322155061668791,1.0,0.9751245711957148,0.55,QTUMUSDT
2018-07-09,0.49129901198516485,0.98,0.4621477936284659,0.99,QTUMUSDT
2018-07-10,1.0251140389682571,0.405,1.1073536926375842,0.295,QTUMUSDT
2018-07-11,1.3614064674479476,0.055,1.3401726368348903,0.06,QTUMUSDT
2018-07-12,0.6328496500712927,0.925,0.946693266371971,0.55,QTUMUSDT
2018-07-13,1.081308224678912,0.32,1.498133490178792,0.04,QTUMUSDT
2018-07-14,1.4428963548461546,0.025,1.5213770948648846,0.025,QTUMUSDT
2018-07-15,1.3940892171700878,0.045,1.3158416392712267,0.1,QTUMUSDT
2018-07-16,0.9419951687627585,0.585,1.843306997696598,0.005,QTUMUSDT
2018-07-17,1.1434778621291155,0.27,1.5239282166310804,0.015,QTUMUSDT
2018-07-18,0.6252609659899051,0.95,1.33985940617937,0.04,QTUMUSDT
2018-07-19,2.552917047955062,0.005,2.8768529529306224,0.005,QTUMUSDT
2018-07-20,4.296564687665029,0.005,5.152298349036448,0.005,QTUMUSDT
2018-07-21,2.7024982042732244,0.005,3.2544675240925374,0.005,QTUMUSDT
2018-07-22,1.1877570985140502,0.225,1.5341376628914143,0.005,QTUMUSDT
2018-07-23,1.9235824991472052,0.01,1.9662104436963566,0.005,QTUMUSDT
2018-07-24,1.33342062245555,0.085,2.140129944274719,0.005,QTUMUSDT
2018-07-25,1.196625655919133,0.135,1.587839415092012,0.01,QTUMUSDT
2018-07-26,1.6837438196059253,0.005,1.9603733533319234,0.005,QTUMUSDT
2018-07-27,1.1867836488247918,0.21,1.4863536923091245,0.045,QTUMUSDT
2018-07-28,1.114136530133929,0.245,1.4612165424767223,0.02,QTUMUSDT
2018-07-29,1.113212910330444,0.265,1.3418284931948932,0.055,QTUMUSDT
2018-07-30,1.1152270897009475,0.08,0.9915600307131506,0.535,QTUMUSDT
2018-07-31,1.8689336215570984,0.005,2.747581225030611,0.005,QTUMUSDT
2018-08-01,1.776630978989797,0.005,2.2997396878191103,0.005,QTUMUSDT
2018-08-02,1.993225915353211,0.005,2.2032819571814333,0.01,QTUMUSDT
2018-08-03,2.7277055998188438,0.005,3.1640657783239248,0.005,QTUMUSDT
2018-08-04,1.4415212940010222,0.05,2.2386825237873795,0.005,QTUMUSDT
2018-08-05,1.3044602081550802,0.145,1.661006742737328,0.025,QTUMUSDT
2018-08-06,2.0151757005679776,0.005,2.809579925467675,0.005,QTUMUSDT
2018-08-07,2.500289641170921,0.005,2.7046782359366026,0.005,QTUMUSDT
2018-08-08,0.9250587858368535,0.675,0.9055394431158352,0.61,QTUMUSDT
2018-08-09,3.3473738488229876,0.005,4.586780023623512,0.005,QTUMUSDT
2018-08-10,3.806623688084381,0.005,3.5989987237277634,0.005,QTUMUSDT
2018-08-11,1.1617958101660222,0.26,1.4758532704797342,0.05,QTUMUSDT
2018-08-12,0.822047260307498,0.785,0.9111183696747941,0.595,QTUMUSDT
2018-08-13,2.9061824919402115,0.005,4.196057675946539,0.005,QTUMUSDT
2018-08-14,1.212852886384878,0.19,1.9051271207988871,0.01,QTUMUSDT
2018-08-15,1.292038049616963,0.15,1.8921964761414314,0.01,QTUMUSDT
2018-08-16,1.6430189493963465,0.01,2.0786938715784715,0.005,QTUMUSDT
2018-08-17,0.714139510404571,0.98,0.7386872174579402,0.945,QTUMUSDT
2018-08-18,1.1579698792771118,0.1,1.3195957303537813,0.015,QTUMUSDT
2018-08-19,2.587730804602492,0.005,3.287391164186961,0.005,QTUMUSDT
2018-08-20,1.5817987936899465,0.01,2.2098875422411073,0.005,QTUMUSDT
2018-08-21,3.028339906048653,0.005,3.164590852191112,0.005,QTUMUSDT
2018-08-22,2.2111679411507112,0.005,3.35956489254348,0.005,QTUMUSDT
2018-08-23,1.8593217893250535,0.005,2.3145506277065238,0.005,QTUMUSDT
2018-08-24,0.6097866051434011,0.975,2.3952046003826943,0.005,QTUMUSDT
2018-08-25,2.0514117504533274,0.005,2.222862235132392,0.005,QTUMUSDT
2018-08-26,1.66376085249367,0.015,2.289224340243807,0.005,QTUMUSDT
2018-08-27,1.353497715879961,0.07,2.1010379270822255,0.01,QTUMUSDT
2018-08-28,0.9589890807202062,0.725,0.9813289146254118,0.64,QTUMUSDT
2018-08-29,1.1673564730299157,0.24,1.532890899695571,0.04,QTUMUSDT
2018-08-30,0.5449654378642628,0.99,1.2107943935252268,0.23,QTUMUSDT
2018-08-31,1.1021015791470763,0.33,1.2352729933691147,0.115,QTUMUSDT
2018-09-01,1.8702492419677583,0.005,1.8920326392367717,0.01,QTUMUSDT
2018-09-02,1.106356057326056,0.33,0.6885925946155751,0.95,QTUMUSDT
2018-09-03,0.9458339723053399,0.55,1.46847333447658,0.03,QTUMUSDT
2018-09-04,0.822789773738869,0.83,0.7921627775615697,0.875,QTUMUSDT
2018-09-05,1.087382227139854,0.345,1.5474023614424752,0.005,QTUMUSDT
2018-09-06,1.1381556430753543,0.315,1.216789375935041,0.22,QTUMUSDT
2018-09-07,1.2822084685859885,0.135,1.8598615450400717,0.005,QTUMUSDT
2018-09-08,1.2804123467488857,0.105,2.853099724591896,0.005,QTUMUSDT
2018-09-09,1.4684655955229802,0.05,1.6094228262031751,0.02,QTUMUSDT
2018-09-10,0.7912278140315773,0.91,1.2983507637868203,0.1,QTUMUSDT
2018-09-11,2.447737518748614,0.005,2.694656841798408,0.005,QTUMUSDT
2018-09-12,1.2526546631518143,0.14,1.6393657435979876,0.03,QTUMUSDT
2018-09-13,1.0315613041021212,0.425,1.1464471784304382,0.255,QTUMUSDT
2018-09-14,0.7611638001710974,0.88,0.7802944158534258,0.84,QTUMUSDT
2018-09-15,1.4446056726870238,0.045,1.6768251833151242,0.03,QTUMUSDT
2018-09-16,0.8782485425050438,0.705,1.3100260325400508,0.11,QTUMUSDT
2018-09-17,1.1033150428057519,0.31,1.0901138539119437,0.285,QTUMUSDT
2018-09-18,1.3162113415619705,0.095,1.7011351897793376,0.01,QTUMUSDT
2018-09-19,1.0507545092207038,0.41,2.08491878584131,0.005,QTUMUSDT
2018-09-20,0.9647599518164486,0.55,1.678683687366561,0.015,QTUMUSDT
2018-09-21,0.7807821541571135,0.88,0.9668186197501334,0.525,QTUMUSDT
2018-09-22,1.6549538854361099,0.005,2.7717670071448257,0.005,QTUMUSDT
2018-09-23,0.921703027142018,0.59,1.0352588875299855,0.425,QTUMUSDT
2018-09-24,1.2377758489270938,0.125,0.8842345957781643,0.75,QTUMUSDT
2018-09-25,1.0956286038402543,0.32,1.4162911732018875,0.05,QTUMUSDT
2018-09-26,1.10067584760788,0.315,2.265924409747235,0.005,QTUMUSDT
2018-09-27,0.8046086356245707,0.805,1.065929982872151,0.36,QTUMUSDT
2018-09-28,1.6937977160638602,0.015,1.416236148228527,0.055,QTUMUSDT
2018-09-29,1.4527894886111805,0.03,2.1260949287345454,0.005,QTUMUSDT
2018-09-30,0.704395499628355,0.935,1.089346655853364,0.3,QTUMUSDT
2018-10-01,1.0824711750797236,0.34,1.4527608975393362,0.045,QTUMUSDT
2018-10-02,1.4220827573088655,0.005,1.494144472735371,0.005,QTUMUSDT
2018-10-03,1.6717183034261367,0.015,1.8879354775556647,0.005,QTUMUSDT
2018-10-04,1.242042874796948,0.135,1.8856222319658984,0.005,QTUMUSDT
2018-10-05,1.1382158130214286,0.245,1.6153556243856755,0.005,QTUMUSDT
2018-10-06,1.0028252645072138,0.48,1.0200079495137329,0.43,QTUMUSDT
2018-10-07,1.0177521231292077,0.45,1.5003378461342058,0.035,QTUMUSDT
2018-10-08,1.0152696378568993,0.455,0.9616277282703095,0.53,QTUMUSDT
2018-10-09,1.6616303884448833,0.01,1.714082532121434,0.005,QTUMUSDT
2018-10-10,0.7141500219312559,0.97,0.987244032284157,0.525,QTUMUSDT
2018-10-11,0.8502817785735854,0.76,1.2020320528369917,0.155,QTUMUSDT
2018-10-12,1.3334073967235955,0.1,1.4286274905760288,0.035,QTUMUSDT
2018-10-13,1.40936120830066,0.03,1.15177874252861,0.295,QTUMUSDT
2018-10-14,1.0707374625675197,0.4,1.4155185083239639,0.01,QTUMUSDT
2018-10-15,0.9981498990864605,0.48,1.2341321041153916,0.15,QTUMUSDT
2018-10-16,1.594427258282556,0.065,1.6877862619650732,0.015,QTUMUSDT
2018-10-17,0.9658786407388108,0.59,0.9060415010292904,0.665,QTUMUSDT
2018-10-18,0.8885161548246536,0.64,1.130336845906526,0.265,QTUMUSDT
2018-10-19,2.245014144968524,0.005,3.0842568755209716,0.005,QTUMUSDT
2018-10-20,1.0296602635182084,0.46,1.1552569215665363,0.105,QTUMUSDT
2018-10-21,0.6605605855638165,0.905,1.0909323021579183,0.35,QTUMUSDT
2018-10-22,0.7653731669646622,0.78,1.057071926553391,0.39,QTUMUSDT
2018-10-23,1.0818610927274437,0.345,1.1886923409058756,0.22,QTUMUSDT
2018-10-24,1.4038541952977577,0.105,1.5255564163365296,0.05,QTUMUSDT
2018-10-25,1.000752986470308,0.495,1.0959645197573682,0.32,QTUMUSDT
2018-10-26,0.7331457235226888,0.915,0.6574460440173763,0.95,QTUMUSDT
2018-10-27,1.6952364324834162,0.005,1.3378965838265016,0.105,QTUMUSDT
2018-10-28,1.2841874563927314,0.085,1.53861552334611,0.01,QTUMUSDT
2018-10-29,0.9407799915763627,0.6,1.5355788710176626,0.03,QTUMUSDT
2018-10-30,1.3676808046999624,0.015,1.917056332472914,0.005,QTUMUSDT
2018-10-31,1.5824205164099678,0.005,1.7154982502152623,0.01,QTUMUSDT
2018-11-01,1.4633722828663014,0.05,1.4836775259787227,0.035,QTUMUSDT
2018-11-02,0.987903887662263,0.545,1.0655437911141867,0.41,QTUMUSDT
2018-11-03,0.9918225650201271,0.49,1.096084729730788,0.31,QTUMUSDT
2018-11-04,1.1829850010421423,0.215,1.3352819995287193,0.12,QTUMUSDT
2018-11-05,1.5511896092587334,0.025,2.1004837388153144,0.005,QTUMUSDT
2018-11-06,0.9556268968443482,0.54,1.2790269836980532,0.09,QTUMUSDT
2018-11-07,1.283607069861466,0.145,1.540207669918114,0.035,QTUMUSDT
2018-11-08,0.8726322523645013,0.705,1.2254607043682413,0.2,QTUMUSDT
2018-11-09,0.7850565799166374,0.925,0.9322630173836463,0.715,QTUMUSDT
2018-11-10,1.7068174508918466,0.015,1.442267789848762,0.045,QTUMUSDT
2018-11-11,0.9292096895891159,0.63,1.1901789451322782,0.155,QTUMUSDT
2018-11-12,0.9722763164643313,0.52,1.1704970571391944,0.26,QTUMUSDT
2018-11-13,1.40196360964077,0.085,1.365314280657393,0.095,QTUMUSDT
2018-11-14,1.5106449136222397,0.055,1.8211818191019267,0.01,QTUMUSDT
2018-11-15,1.7758386132540058,0.005,3.011228535979709,0.005,QTUMUSDT
2018-11-16,1.1102446030897901,0.34,1.5131077040651026,0.055,QTUMUSDT
2018-11-17,1.0082984713516636,0.5,0.9091396094709387,0.71,QTUMUSDT
2018-11-18,0.9674324769758743,0.54,1.0868774087778237,0.305,QTUMUSDT
2018-11-19,1.5059945566447497,0.015,1.952542744960673,0.005,QTUMUSDT
2018-11-20,1.0517280373740607,0.39,1.700388766690716,0.02,QTUMUSDT
2018-11-21,1.583119615112604,0.03,1.4223893767321147,0.08,QTUMUSDT
2018-11-22,1.7262631966714383,0.005,1.5561972339934005,0.005,QTUMUSDT
2018-11-23,0.785608826420866,0.675,1.6877657784968148,0.02,QTUMUSDT
2018-11-24,1.2703118509968383,0.11,0.9388288984427404,0.54,QTUMUSDT
2018-11-25,1.429421314998654,0.04,1.9225843887126663,0.005,QTUMUSDT
2018-11-26,2.411962145484027,0.005,2.7746072918781506,0.005,QTUMUSDT
2018-11-27,1.5636107867878744,0.005,1.8329660330770143,0.005,QTUMUSDT
2018-11-28,2.5628705895518564,0.005,1.5106406699981334,0.03,QTUMUSDT
2018-11-29,0.9288920658311182,0.585,1.372494569064069,0.075,QTUMUSDT
2018-11-30,0.9488780888965014,0.585,1.231196243127565,0.17,QTUMUSDT
2018-12-01,1.4291179073539806,0.035,2.0545576285350475,0.005,QTUMUSDT
2018-12-02,1.400735769003843,0.05,1.659799877539139,0.03,QTUMUSDT
2018-12-03,1.2413994762300031,0.11,1.425742216134616,0.045,QTUMUSDT
2018-12-04,1.3097459560213534,0.08,1.9139440063541115,0.005,QTUMUSDT
2018-12-05,0.8668514337264085,0.68,0.6921283339035417,0.905,QTUMUSDT
2018-12-06,1.8319091653985298,0.005,2.184208687262068,0.005,QTUMUSDT
2018-12-07,0.9213489251060546,0.75,1.0676745504459002,0.25,QTUMUSDT
2018-12-08,1.2363821544762295,0.2,1.6939269919839177,0.005,QTUMUSDT
2018-12-09,1.187516362638058,0.14,1.8951426222299472,0.005,QTUMUSDT
2018-12-10,1.13848233088314,0.185,2.112299677431545,0.005,QTUMUSDT
2018-12-11,0.6551160818971101,0.995,0.7083947967401331,0.94,QTUMUSDT
2018-12-12,0.7789595765305036,0.91,1.0662818251950748,0.345,QTUMUSDT
2018-12-13,0.757034551748606,0.935,0.7802360536258427,0.925,QTUMUSDT
2018-12-14,1.3564582571107522,0.08,1.5389093583086535,0.01,QTUMUSDT
2018-12-15,1.188802315176763,0.185,1.6747886246950594,0.025,QTUMUSDT
2018-12-16,1.2524118775808493,0.175,1.0393678980057313,0.355,QTUMUSDT
2018-12-17,0.6575686154173864,0.955,0.9445267179915525,0.59,QTUMUSDT
2018-12-18,1.0206421637511933,0.465,1.0049236912263246,0.49,QTUMUSDT
2018-12-19,1.8144576081921635,0.005,2.314299623113731,0.005,QTUMUSDT
2018-12-20,1.3235008337139462,0.01,1.3310762739284983,0.005,QTUMUSDT
2018-12-21,1.5378731552541411,0.005,1.8565682287119616,0.005,QTUMUSDT
2018-12-22,1.1607989553956237,0.255,1.5889139413383444,0.005,QTUMUSDT
2018-12-23,0.7252943275113424,0.79,0.8274035093787683,0.72,QTUMUSDT
2018-12-24,1.5381250968485156,0.005,1.4131836682771146,0.015,QTUMUSDT
2018-12-25,1.8544060559929088,0.005,1.5920046731900206,0.005,QTUMUSDT
2018-12-26,1.3282587058923254,0.08,0.9830942102134931,0.5,QTUMUSDT
2018-12-27,0.7414285504144342,0.925,0.952612658846162,0.54,QTUMUSDT
2018-12-28,0.7410883333652513,0.875,0.6620279355317373,0.95,QTUMUSDT
2018-12-29,1.0092090729637269,0.475,1.2094486237270483,0.165,QTUMUSDT
2018-12-30,1.0132207756944571,0.505,1.0336518325989397,0.43,QTUMUSDT
2018-12-31,1.205708962117241,0.16,1.3145252439120358,0.045,QTUMUSDT
2019-01-01,0.5305089260377136,0.97,0.8481382452966175,0.79,QTUMUSDT
2019-01-02,0.9545330177694272,0.6,1.2506822270857556,0.15,QTUMUSDT
2019-01-03,1.1830821775017655,0.2,2.226134649681201,0.005,QTUMUSDT
2019-01-04,1.0426691011111733,0.4,1.0270377757388136,0.415,QTUMUSDT
2019-01-05,1.6850677907050167,0.005,2.3359029299883054,0.005,QTUMUSDT
2019-01-06,1.2123846546301906,0.155,1.0457705783762137,0.405,QTUMUSDT
2019-01-07,1.018347235204132,0.45,1.1066652778145134,0.325,QTUMUSDT
2019-01-08,0.6392361896743476,0.965,1.0524766444996334,0.37,QTUMUSDT
2019-01-09,1.0944033344981081,0.36,1.0680203689771217,0.345,QTUMUSDT
2019-01-10,0.5045152060548754,0.99,0.6237124763833259,0.97,QTUMUSDT
2019-01-11,1.755983474325562,0.005,2.017031799792695,0.005,QTUMUSDT
2019-01-12,1.044287070937976,0.43,1.1038020172242884,0.385,QTUMUSDT
2019-01-13,0.8872630555940095,0.88,0.8240634537520363,0.91,QTUMUSDT
2019-01-14,1.1169649332289016,0.3,1.1396352540054715,0.265,QTUMUSDT
2019-01-15,0.9078959072423866,0.705,0.928146951864186,0.645,QTUMUSDT
2019-01-16,0.9775158200714668,0.58,0.8753283562336869,0.845,QTUMUSDT
2019-01-17,0.9712826268636681,0.52,0.8710749209066534,0.7,QTUMUSDT
2019-01-18,0.9240845093127035,0.685,0.9069263843161386,0.635,QTUMUSDT
2019-01-19,0.9152755389803762,0.7,0.8451868090282266,0.715,QTUMUSDT
2019-01-20,1.5318258188524614,0.005,1.3197134560725583,0.01,QTUMUSDT
2019-01-21,1.655719143355063,0.005,1.9034265157994625,0.005,QTUMUSDT
2019-01-22,0.4601514176041076,1.0,0.6368737155543883,0.96,QTUMUSDT
2019-01-23,0.9567366544702729,0.565,1.2586388633415888,0.14,QTUMUSDT
2019-01-24,0.8843938327015656,0.66,0.8771084498325,0.69,QTUMUSDT
2019-01-25,1.120736163992497,0.255,1.279299738450909,0.125,QTUMUSDT
2019-01-26,0.5248620439219084,0.935,0.5696625182725257,0.935,QTUMUSDT
2019-01-27,1.0357846566929967,0.435,1.0865715687972488,0.375,QTUMUSDT
2019-01-28,1.0788061240276885,0.34,1.6605131062756655,0.02,QTUMUSDT
2019-01-29,1.6735050436599683,0.025,1.4033861570352808,0.06,QTUMUSDT
2019-01-30,1.121937612332788,0.285,0.8905322162854621,0.66,QTUMUSDT
2019-01-31,1.322035341494829,0.135,1.1327738363390276,0.27,QTUMUSDT
2019-02-01,0.8395452930749515,0.77,1.2840408346766847,0.12,QTUMUSDT
2019-02-02,0.70493040018715,0.9,0.5718373760321397,0.98,QTUMUSDT
2019-02-03,0.9424791178496077,0.64,1.3869734101951934,0.09,QTUMUSDT
2019-02-04,0.24393936980534725,1.0,0.778265740178749,0.735,QTUMUSDT
2019-02-05,0.9893647002125177,0.535,1.0086647021576027,0.48,QTUMUSDT
2019-02-06,1.2084824761550914,0.155,1.0865790428619295,0.305,QTUMUSDT
2019-02-07,0.7024501972182974,0.86,1.2390411797006846,0.185,QTUMUSDT
2019-02-08,1.251508809035228,0.135,1.0199191806824903,0.46,QTUMUSDT
2019-02-09,1.119114894464181,0.235,1.0489179360092151,0.415,QTUMUSDT
2019-02-10,0.6932198368683411,0.915,0.8414500628206462,0.77,QTUMUSDT
2019-02-11,0.7813143291534529,0.8,1.1309129795805795,0.25,QTUMUSDT
2019-02-12,0.7043444875423506,0.865,0.8884429357709471,0.655,QTUMUSDT
2019-02-13,0.8963283800989329,0.64,1.20008158948793,0.225,QTUMUSDT
2019-02-14,1.3852048217414146,0.07,1.2566185521535396,0.19,QTUMUSDT
2019-02-15,0.526197085051232,0.965,0.6007525754043461,0.92,QTUMUSDT
2019-02-16,1.0393344691353854,0.44,1.1539429456350974,0.265,QTUMUSDT
2019-02-17,0.3969652361271048,1.0,0.38077403483744393,1.0,QTUMUSDT
2019-02-18,0.808026350578499,0.81,0.9780166509298741,0.49,QTUMUSDT
2019-02-19,0.9740226147581366,0.52,1.2076102389193464,0.195,QTUMUSDT
2019-02-20,0.8150870468024491,0.795,0.8362383070741826,0.72,QTUMUSDT
2019-02-21,0.8305521318023078,0.76,1.0293653385992276,0.465,QTUMUSDT
2019-02-22,1.0386810534235922,0.445,1.17413669476329,0.225,QTUMUSDT
2019-02-23,0.9317250673980684,0.605,0.9184234937883561,0.62,QTUMUSDT
2019-02-24,0.6696001674996244,0.93,0.739898661939821,0.87,QTUMUSDT
2019-02-25,1.3255758632920167,0.09,1.5638073951695932,0.055,QTUMUSDT
2019-02-26,1.0773218790996768,0.305,1.4418549963099534,0.005,QTUMUSDT
2019-02-27,0.931846678018154,0.705,1.074785413964547,0.315,QTUMUSDT
2019-02-28,1.595842436583004,0.015,1.3974817601283096,0.04,QTUMUSDT
2019-03-01,1.17042711230529,0.145,1.2826330301868725,0.055,QTUMUSDT
2019-03-02,0.8953391107879324,0.665,1.365614630734888,0.12,QTUMUSDT
2019-03-03,1.102139299396309,0.275,1.0548969599470817,0.405,QTUMUSDT
2019-03-04,1.06917811030397,0.34,1.0936308536493502,0.34,QTUMUSDT
2019-03-05,0.728531542633662,0.835,0.8158277938806286,0.72,QTUMUSDT
2019-03-06,0.974093185910011,0.62,0.9767891643817386,0.56,QTUMUSDT
2019-03-07,0.8897478725001996,0.72,1.3648690742246596,0.065,QTUMUSDT
2019-03-08,1.1231455579100045,0.255,1.2444449455228277,0.2,QTUMUSDT
2019-03-09,0.6229895533579574,0.98,0.44866110901904926,0.995,QTUMUSDT
2019-03-10,1.1416970381108829,0.155,0.9823251735821966,0.475,QTUMUSDT
2019-03-11,0.41234715953473916,0.975,0.8850570738020356,0.8,QTUMUSDT
2019-03-12,0.9194962700000955,0.635,1.3369019549254695,0.14,QTUMUSDT
2019-03-13,0.8314914715750501,0.855,0.9616351055211437,0.54,QTUMUSDT
2019-03-14,0.5543098309725212,0.975,0.8081474354209354,0.72,QTUMUSDT
2019-03-15,1.5266018781241777,0.005,1.1750914020612409,0.21,QTUMUSDT
2019-03-16,1.2424573701707837,0.105,1.0940534825861898,0.345,QTUMUSDT
2019-03-17,0.432126899820229,0.985,0.6026541046956334,0.94,QTUMUSDT
2019-03-18,1.3212918165474563,0.075,1.4476923403311088,0.01,QTUMUSDT
2019-03-19,0.9364580786595796,0.71,0.9344083939854593,0.63,QTUMUSDT
2019-03-20,0.6568394313432518,0.975,0.4789964616178468,0.99,QTUMUSDT
2019-03-21,1.0020681068882908,0.515,0.9514232463265108,0.585,QTUMUSDT
2019-03-22,0.9516545028136582,0.735,0.837727470275806,0.86,QTUMUSDT
2019-03-23,0.70833040196397,0.9,0.8679559784728927,0.69,QTUMUSDT
2019-03-24,1.4131029785299678,0.025,1.0226595250570383,0.48,QTUMUSDT
2019-03-25,0.5057436949286257,1.0,0.48073924584443356,0.985,QTUMUSDT
2019-03-26,0.4615527396210477,0.985,0.47791418064640956,1.0,QTUMUSDT
2019-03-27,1.34298167061536,0.02,1.4862564978419797,0.04,QTUMUSDT
2019-03-28,0.852325350076449,0.83,0.880615871850875,0.665,QTUMUSDT
2019-03-29,0.8605307758014401,0.78,0.7465661440558413,0.905,QTUMUSDT
2019-03-30,0.36138658620153136,0.995,0.6498694343995565,0.885,QTUMUSDT
2019-03-31,1.5239034080109675,0.005,1.4568719256275067,0.015,QTUMUSDT
2019-04-01,0.8290043292980281,0.87,1.7891888573653745,0.005,QTUMUSDT
2019-04-02,1.0498668770178101,0.42,0.7478106358987637,0.83,QTUMUSDT
2019-04-03,1.6670347710255793,0.02,1.261743361464783,0.13,QTUMUSDT
2019-04-04,1.2164360153713019,0.195,1.1219352296959821,0.305,QTUMUSDT
2019-04-05,1.1737767134489052,0.025,1.1026202334286517,0.355,QTUMUSDT
2019-04-06,1.0714848748332184,0.345,1.3186844422888313,0.095,QTUMUSDT
2019-04-07,0.8718183394027401,0.665,0.5917663665438891,0.94,QTUMUSDT
2019-04-08,1.1074874068287266,0.325,1.3727338410419052,0.05,QTUMUSDT
2019-04-09,1.3058878372773708,0.085,1.2370947102133318,0.185,QTUMUSDT
2019-04-10,0.9466712715321918,0.58,0.7781328030049548,0.87,QTUMUSDT
2019-04-11,1.0637171270125712,0.335,1.022693484178566,0.435,QTUMUSDT
2019-04-12,1.5788574813306857,0.01,1.3207928228389312,0.09,QTUMUSDT
2019-04-13,1.493964142763348,0.005,1.3557436699911516,0.045,QTUMUSDT
2019-04-14,1.0441654850889148,0.38,1.0588105468653317,0.41,QTUMUSDT
2019-04-15,1.4467077428392852,0.005,1.776550151540244,0.005,QTUMUSDT
2019-04-16,1.1660932806891828,0.115,1.9057853828152227,0.005,QTUMUSDT
2019-04-17,0.8979378682227415,0.75,1.0255907447531312,0.39,QTUMUSDT
2019-04-18,0.9567171948427182,0.665,1.0070079182072864,0.47,QTUMUSDT
2019-04-19,0.8708272067575566,0.835,0.8645322165602538,0.79,QTUMUSDT
2019-04-20,1.2571614876513506,0.055,1.3116049824155909,0.035,QTUMUSDT
2019-04-21,0.8050113348449901,0.795,0.9796405728241556,0.55,QTUMUSDT
2019-04-22,0.3957981936079733,1.0,0.6305676670676942,0.975,QTUMUSDT
2019-04-23,0.5327341152339387,1.0,0.6273290870651851,0.985,QTUMUSDT
2019-04-24,0.598085144520679,0.995,0.6635327449328164,1.0,QTUMUSDT
2019-04-25,0.8855282509249108,0.635,0.5435745944026428,0.98,QTUMUSDT
2019-04-26,1.0682400313875091,0.42,1.254062261861331,0.075,QTUMUSDT
2019-04-27,1.212025407082222,0.225,1.7135314064847293,0.005,QTUMUSDT
2019-04-28,1.3918648121816763,0.04,1.3573642160170172,0.065,QTUMUSDT
2019-04-29,0.9970075666707077,0.56,1.0226354114648253,0.385,QTUMUSDT
2019-04-30,1.2666895820651591,0.01,1.424927092799956,0.075,QTUMUSDT
2019-05-01,0.7124958926905205,0.92,0.537880004945403,0.99,QTUMUSDT
2019-05-02,0.46030743746939573,0.995,0.2167815203118319,1.0,QTUMUSDT
2019-05-03,1.2128782856143023,0.13,1.2523305617649483,0.155,QTUMUSDT
2019-05-04,0.7745424156669825,0.835,0.7813838050173321,0.825,QTUMUSDT
2019-05-05,0.9254041827732215,0.64,1.0762834198638591,0.375,QTUMUSDT
2019-05-06,0.9088743559121528,0.805,1.1170078660828924,0.105,QTUMUSDT
2019-05-07,0.963330025877424,0.585,0.9046837505482842,0.79,QTUMUSDT
2019-05-08,0.4398436309577902,1.0,0.4591275018177911,0.995,QTUMUSDT
2019-05-09,0.8744055983898019,0.71,0.8857426783901999,0.68,QTUMUSDT
2019-05-10,1.4558164887454026,0.02,1.8715669857954726,0.005,QTUMUSDT
2019-05-11,0.8007497332473759,0.85,1.036823483919145,0.42,QTUMUSDT
2019-05-12,0.9583107124736677,0.615,1.4233809350101703,0.065,QTUMUSDT
2019-05-13,0.9097361250935697,0.645,1.033382357902915,0.455,QTUMUSDT
2019-05-14,0.9152560846547148,0.815,1.0301344575926261,0.36,QTUMUSDT
2019-05-15,1.1698759014172984,0.245,1.3845774576245613,0.105,QTUMUSDT
2019-05-16,1.6300928038736555,0.01,1.2496672559224962,0.15,QTUMUSDT
2019-05-17,0.8562851150877099,0.835,1.1890918756324544,0.17,QTUMUSDT
2019-05-18,1.239571161781582,0.06,1.1718468145930085,0.115,QTUMUSDT
2019-05-19,0.7176679655901926,0.975,0.712459314630744,0.985,QTUMUSDT
2019-05-20,0.8548926806602051,0.86,0.9358041547560793,0.65,QTUMUSDT
2019-05-21,0.6453431909577954,0.915,0.9416700270705954,0.59,QTUMUSDT
2019-05-22,0.6807900216159677,0.99,1.1216306043059001,0.255,QTUMUSDT
2019-05-23,1.2258816993373036,0.19,1.2860231109088567,0.11,QTUMUSDT
2019-05-24,1.0158270609497622,0.45,1.6432983854327483,0.005,QTUMUSDT
2019-05-25,2.1203855811096632,0.005,2.5844309033207136,0.005,QTUMUSDT
2019-05-26,1.0041703075760033,0.46,0.889661770428113,0.615,QTUMUSDT
2019-05-27,1.355574732044239,0.085,1.195657451458799,0.095,QTUMUSDT
2019-05-28,1.2956042852167284,0.08,1.4174104342873128,0.05,QTUMUSDT
2019-05-29,0.49772025096007283,1.0,0.5269395029740727,1.0,QTUMUSDT
2019-05-30,0.9124666093032059,0.695,0.8648297330060057,0.775,QTUMUSDT
2019-05-31,1.0492423953894499,0.37,1.5141845576080453,0.025,QTUMUSDT
2019-06-01,0.8959212931021706,0.635,0.8205209592079549,0.805,QTUMUSDT
2019-06-02,1.6116569493687445,0.015,1.7723394753765096,0.005,QTUMUSDT
2019-06-03,0.7255245200632892,0.915,0.6630288257167318,0.97,QTUMUSDT
2019-06-04,0.8568476358298448,0.705,0.9039520310020533,0.64,QTUMUSDT
2019-06-05,1.2834703975917554,0.04,1.3499035071079482,0.045,QTUMUSDT
2019-06-06,1.1852517104648603,0.12,1.784382842757441,0.01,QTUMUSDT
2019-06-07,0.9268978982118,0.61,1.698464344597761,0.01,QTUMUSDT
2019-06-08,1.1824078706793273,0.09,1.2641484699455448,0.06,QTUMUSDT
2019-06-09,0.8371921647653554,0.795,0.9121853237761318,0.655,QTUMUSDT
2019-06-10,1.2031277399234206,0.17,1.3377952367535972,0.09,QTUMUSDT
2019-06-11,1.3033564207626183,0.06,1.1294787177513643,0.265,QTUMUSDT
2019-06-12,1.0020441051848208,0.445,1.140177690158523,0.275,QTUMUSDT
2019-06-13,0.7729176827202316,0.93,0.8848742226518721,0.72,QTUMUSDT
2019-06-14,0.7839196738366127,0.94,0.9778310179871067,0.48,QTUMUSDT
2019-06-15,0.8221002895528647,0.965,1.0207630571620006,0.425,QTUMUSDT
2019-06-16,0.8897993944999724,0.68,0.9187058235594667,0.59,QTUMUSDT
2019-06-17,0.9524884119508027,0.565,1.0673553585799067,0.33,QTUMUSDT
2019-06-18,1.194543408418962,0.18,1.1599605756982443,0.245,QTUMUSDT
2019-06-19,1.1059826436545686,0.365,1.1406266589655074,0.28,QTUMUSDT
2019-06-20,0.9495706676199408,0.62,0.9040786740516604,0.605,QTUMUSDT
2019-06-21,1.0029231400406164,0.485,1.3291661490936109,0.105,QTUMUSDT
2019-06-22,0.6536655475061518,0.955,0.7596730890037701,0.86,QTUMUSDT
2019-06-23,0.7728214002662631,0.9,0.683324979847362,0.99,QTUMUSDT
2019-06-24,1.3338652537126325,0.005,1.588556920277437,0.005,QTUMUSDT
2019-06-25,1.0869124899379956,0.335,0.7122236191468049,0.905,QTUMUSDT
2019-06-26,1.075025099524498,0.35,0.9301404746880884,0.605,QTUMUSDT
2019-06-27,0.7811173295955657,0.87,0.8547897502848267,0.735,QTUMUSDT
2019-06-28,1.5775087308060676,0.015,1.219468638047268,0.215,QTUMUSDT
2019-06-29,1.0914366899525816,0.325,1.2321355169734864,0.065,QTUMUSDT
2019-06-30,1.158307658037973,0.235,1.049507230846385,0.39,QTUMUSDT
2019-07-01,0.6220307049458732,0.99,0.8621621209384203,0.78,QTUMUSDT
2019-07-02,0.6812935350989489,0.98,0.8370294532393794,0.9,QTUMUSDT
2019-07-03,1.4027181170486784,0.065,1.4762488861439012,0.06,QTUMUSDT
2019-07-04,0.8204641052781372,0.785,0.5553250243170171,0.99,QTUMUSDT
2019-07-05,1.6614488447076576,0.015,1.6717701811906565,0.005,QTUMUSDT
2019-07-06,1.1822578368617487,0.165,1.6276380899388756,0.015,QTUMUSDT
2019-07-07,1.1290102840934477,0.235,1.5401492547654467,0.045,QTUMUSDT
2019-07-08,1.1840804017844082,0.145,1.3884737467442247,0.055,QTUMUSDT
2019-07-09,0.7990456954952465,0.815,0.8480691426859811,0.71,QTUMUSDT
2019-07-10,0.7219168390413208,0.975,0.7903976540475357,0.89,QTUMUSDT
2019-07-11,0.44109178479640865,1.0,0.4316377673093607,0.995,QTUMUSDT
2019-07-12,0.802789822580801,0.955,0.889748629966131,0.77,QTUMUSDT
2019-07-13,0.7071494985970714,0.98,0.6294562060262366,0.985,QTUMUSDT
2019-07-14,0.9413744539025862,0.64,1.0270691757599852,0.415,QTUMUSDT
2019-07-15,0.6349802137386034,1.0,0.8620884282646994,0.895,QTUMUSDT
2019-07-16,1.1370348854563743,0.175,1.2874905221454556,0.1,QTUMUSDT
2019-07-17,0.8449340997985979,0.895,0.7471574377284187,0.98,QTUMUSDT
2019-07-18,0.4734150065304713,1.0,0.7574957283893774,0.835,QTUMUSDT
2019-07-19,0.8754382712548215,0.875,1.0452819773143016,0.41,QTUMUSDT
2019-07-20,1.0946839394796426,0.295,1.0926486133364346,0.275,QTUMUSDT
2019-07-21,0.851165615582996,0.785,0.6224043961252997,0.975,QTUMUSDT
2019-07-22,0.927480477401006,0.68,1.2650884422901192,0.08,QTUMUSDT
2019-07-23,1.2503052291293417,0.11,0.8895058797805504,0.63,QTUMUSDT
2019-07-24,2.117283772847108,0.005,2.04005654664346,0.005,QTUMUSDT
2019-07-25,1.1481945934021254,0.3,1.9734722111001148,0.005,QTUMUSDT
2019-07-26,0.9232561463749096,0.62,1.3231029936995176,0.04,QTUMUSDT
2019-07-27,1.1818725513199413,0.175,1.2179137418698915,0.125,QTUMUSDT
2019-07-28,0.5016518413684807,1.0,0.838472585011208,0.75,QTUMUSDT
2019-07-29,0.40776699838605446,1.0,0.33447892404818036,1.0,QTUMUSDT
2019-07-30,1.7820189562703257,0.005,2.4205400472808587,0.005,QTUMUSDT
2019-07-31,0.33801883540894345,1.0,0.3224095817608387,0.995,QTUMUSDT
2019-08-01,1.2668424545296613,0.155,1.9428080016027103,0.005,QTUMUSDT
2019-08-02,1.6889886658651738,0.035,1.8831066315887584,0.005,QTUMUSDT
2019-08-03,1.0688404145421548,0.365,1.3921728557642121,0.055,QTUMUSDT
2019-08-04,1.0597501263090527,0.36,2.152394239170009,0.005,QTUMUSDT
2019-08-05,1.1782589934233199,0.175,1.3309314278381594,0.055,QTUMUSDT
2019-08-06,1.0387071802978936,0.405,1.1188329324156685,0.3,QTUMUSDT
2019-08-07,1.5641321837907196,0.005,2.4197439170311705,0.005,QTUMUSDT
2019-08-08,2.0370449082109583,0.005,2.6429602678774025,0.005,QTUMUSDT
2019-08-09,1.176280779523939,0.1,2.8923543156885376,0.005,QTUMUSDT
2019-08-10,1.6535781369857663,0.01,2.485623178135177,0.005,QTUMUSDT
2019-08-11,0.9448879794502862,0.57,1.0738394948389336,0.37,QTUMUSDT
2019-08-12,2.0255106230539512,0.005,2.308685915005427,0.005,QTUMUSDT
2019-08-13,2.211888583456536,0.005,2.7262979333946338,0.005,QTUMUSDT
2019-08-14,1.144091917062519,0.27,1.6112867553197592,0.015,QTUMUSDT
2019-08-15,0.9962384300587284,0.54,1.0159488273337405,0.54,QTUMUSDT
2019-08-16,1.059648233606624,0.385,1.050836745772867,0.405,QTUMUSDT
2019-08-17,0.7975251782242991,0.78,0.777591791928561,0.835,QTUMUSDT
2019-08-18,1.0115142018404144,0.465,1.3847516057329186,0.075,QTUMUSDT
2019-08-19,1.1719681922380831,0.095,1.5066674480062332,0.05,QTUMUSDT
2019-08-20,1.0928144790509327,0.35,0.7723675805378216,0.825,QTUMUSDT
2019-08-21,1.0831905583877344,0.35,1.7730814292215789,0.005,QTUMUSDT
2019-08-22,0.7454881832544203,0.86,1.0049336904638668,0.465,QTUMUSDT
2019-08-23,0.79281802693525,0.845,0.762541754608527,0.87,QTUMUSDT
2019-08-24,0.8839565758601031,0.755,0.9011510505633553,0.665,QTUMUSDT
2019-08-25,0.6292786244423435,0.98,0.8402751278284233,0.76,QTUMUSDT
2019-08-26,0.665445936635958,0.92,0.9372596031491682,0.63,QTUMUSDT
2019-08-27,1.6509294987288827,0.005,2.011488782273574,0.005,QTUMUSDT
2019-08-28,0.5556826455126891,0.985,0.5738082042696514,0.95,QTUMUSDT
2019-08-29,0.7547457833272081,0.95,0.9228067899989199,0.75,QTUMUSDT
2019-08-30,1.7631053584784844,0.005,1.6230588074554606,0.01,QTUMUSDT
2019-08-31,1.0606776845400359,0.38,1.6458596646668895,0.01,QTUMUSDT
2019-09-01,1.3823412952631986,0.05,1.769109450922982,0.005,QTUMUSDT
2019-09-02,0.8659623727646889,0.77,1.000671723399028,0.505,QTUMUSDT
2019-09-03,0.4303491876185262,0.995,0.6465791750809928,0.925,QTUMUSDT
2019-09-04,1.9624028057328933,0.005,2.63606272008734,0.005,QTUMUSDT
2019-09-05,1.4051061851591844,0.005,1.7855256842486187,0.005,QTUMUSDT
2019-09-06,0.9566926073545332,0.615,1.3751405123954203,0.08,QTUMUSDT
2019-09-07,0.9506498005115493,0.63,1.0280623141493679,0.425,QTUMUSDT
2019-09-08,0.49931467523861306,0.995,0.4084738176702237,1.0,QTUMUSDT
2019-09-09,1.1488050382819277,0.195,0.9519604137338443,0.65,QTUMUSDT
2019-09-10,0.8240708738413648,0.825,2.4209802248671224,0.005,QTUMUSDT
2019-09-11,0.9570196406602405,0.59,1.0587481558242133,0.395,QTUMUSDT
2019-09-12,1.3754103626300458,0.115,1.4645947712027,0.05,QTUMUSDT
2019-09-13,0.791128863638114,0.84,0.9987661608519828,0.475,QTUMUSDT
2019-09-14,1.1514393066138537,0.285,1.3497297286026817,0.115,QTUMUSDT
2019-09-15,0.7971786030346707,0.885,0.9422670051573729,0.595,QTUMUSDT
2019-09-16,0.8684662893530023,0.78,0.8450051324703711,0.72,QTUMUSDT
2019-09-17,1.0009616458368666,0.465,1.3901557166191383,0.07,QTUMUSDT
2019-09-18,0.8056379563930229,0.88,0.9505619860061031,0.63,QTUMUSDT
2019-09-19,0.9869848851522627,0.56,1.5782540495677166,0.02,QTUMUSDT
2019-09-20,1.149834366164253,0.265,1.929675778980226,0.005,QTUMUSDT
2019-09-21,1.311214201297751,0.04,1.5423912638812467,0.01,QTUMUSDT
2019-09-22,1.061585106306519,0.35,1.3615552028576419,0.01,QTUMUSDT
2019-09-23,0.9576166271730134,0.575,0.7371524741527333,0.92,QTUMUSDT
2019-09-24,0.8423533852208952,0.85,0.644806522738394,0.935,QTUMUSDT
2019-09-25,1.3014295445437516,0.05,1.4947153523181622,0.045,QTUMUSDT
2019-09-26,1.1909901417198265,0.095,1.7423705035157522,0.005,QTUMUSDT
2019-09-27,0.8123714271804177,0.825,0.9364855091589948,0.6,QTUMUSDT
2019-09-28,0.7626350202228394,0.87,1.7045113400928056,0.005,QTUMUSDT
2019-09-29,0.8915905705554467,0.745,0.7296171800595379,0.875,QTUMUSDT
2019-09-30,0.6547231090787057,0.955,0.840414694227416,0.78,QTUMUSDT
2019-10-01,1.0308572373915803,0.4,0.889349162226812,0.745,QTUMUSDT
2019-10-02,1.1668082707114646,0.165,1.566533018353508,0.005,QTUMUSDT
2019-10-03,1.025033105932901,0.445,0.9323015356683717,0.645,QTUMUSDT
2019-10-04,0.759322555829414,0.86,1.4119071244411583,0.08,QTUMUSDT
2019-10-05,1.2025490842303925,0.19,1.7231817430505612,0.005,QTUMUSDT
2019-10-06,0.6856078296860761,0.935,1.3276858565902405,0.125,QTUMUSDT
2019-10-07,1.121849779778453,0.24,1.2894561353164025,0.08,QTUMUSDT
2019-10-08,0.9929911346293562,0.59,0.993594661562418,0.55,QTUMUSDT
2019-10-09,1.0190546455943812,0.43,0.9174648868169397,0.66,QTUMUSDT
2019-10-10,1.1662630185550498,0.185,1.273964696348047,0.185,QTUMUSDT
2019-10-11,0.5714201387621201,0.995,0.6099353519881618,0.985,QTUMUSDT
2019-10-12,1.4145847658094515,0.115,1.1908398341714623,0.21,QTUMUSDT
2019-10-13,0.8645697201586868,0.765,1.002719313004195,0.465,QTUMUSDT
2019-10-14,1.2382653779911623,0.155,1.4775104072145904,0.005,QTUMUSDT
2019-10-15,0.5923043758604775,0.9,0.7623000251264171,0.785,QTUMUSDT
2019-10-16,0.8753293618701704,0.725,1.2840743700479076,0.105,QTUMUSDT
2019-10-17,0.7833923099257134,0.895,0.7994329182988026,0.765,QTUMUSDT
2019-10-18,0.8106473595378052,0.815,1.2316820414592622,0.205,QTUMUSDT
2019-10-19,1.009268844509669,0.5,1.903189874498983,0.01,QTUMUSDT
2019-10-20,2.1215906028825975,0.005,2.0010834898558687,0.005,QTUMUSDT
2019-10-21,0.7819369437366124,0.815,0.8405821514384151,0.825,QTUMUSDT
2019-10-22,0.6931065954628723,0.91,1.136962167848725,0.22,QTUMUSDT
2019-10-23,0.5288940541700154,0.995,0.6820462659209837,0.975,QTUMUSDT
2019-10-24,1.137310736043114,0.185,1.4705432034665458,0.01,QTUMUSDT
2019-10-25,0.7139659638001195,0.765,0.6359171768923666,0.94,QTUMUSDT
2019-10-26,0.8606536519904535,0.74,0.8932255798211718,0.635,QTUMUSDT
2019-10-27,0.44860561673343113,1.0,0.6767452576724161,0.975,QTUMUSDT
2019-10-28,0.7943061012517753,0.865,0.7626451825008523,0.835,QTUMUSDT
2019-10-29,1.07835472051848,0.335,1.2173947015202056,0.15,QTUMUSDT
2019-10-30,1.1968650330844888,0.2,1.5152146129005575,0.015,QTUMUSDT
2019-10-31,0.4763824055745618,0.995,0.3971611540857255,1.0,QTUMUSDT
2019-11-01,1.0466886589472852,0.405,1.0649022812850273,0.41,QTUMUSDT
2019-11-02,0.9101997650598528,0.625,0.9309289126195147,0.665,QTUMUSDT
2019-11-03,1.6253193196989029,0.03,1.1808796220047917,0.245,QTUMUSDT
2019-11-04,0.4925632123856624,0.98,0.36081171077502516,1.0,QTUMUSDT
2019-11-05,1.1943149436005165,0.17,1.3017929984430416,0.14,QTUMUSDT
2019-11-06,0.8020209724858469,0.815,0.7877982753336235,0.815,QTUMUSDT
2019-11-07,0.8653316651811913,0.665,0.9482445125160156,0.555,QTUMUSDT
2019-11-08,1.6630822906493499,0.03,2.209958857722196,0.005,QTUMUSDT
2019-11-09,1.0946197772346944,0.32,0.7507836291173439,0.835,QTUMUSDT
2019-11-10,16.748509433261948,0.005,6.536645911280336,0.005,QTUMUSDT
2019-11-11,3.6061621223722473,0.005,3.4918033577497525,0.005,QTUMUSDT
2019-11-12,1.0671157804586224,0.34,1.2030840434115868,0.225,QTUMUSDT
2019-11-13,0.8359707524117529,0.77,0.900826298368362,0.675,QTUMUSDT
2019-11-14,0.6918845039974258,0.92,1.3667097966414539,0.085,QTUMUSDT
2019-11-15,0.561222042717681,0.99,0.8676886388344487,0.73,QTUMUSDT
2019-11-16,0.47017892009730977,0.995,0.6987395668570519,0.855,QTUMUSDT
2019-11-17,1.1216051576207426,0.315,0.3459538412531223,0.99,QTUMUSDT
