symbol,estimator,window_sec,lead,lead_sec,tau,predictor,ic_daily,ic_daily_t,ic_daily_pos_frac,n_days,ic_pooled,n_windows
BTCUSDT,kyle_usd,300,1,300,10,f_har,-0.02507172977053391,-3.8511303957910186,0.4143126177024482,531,-0.11139221164599243,151842
BTCUSDT,kyle_usd,300,1,300,10,f_trailing,-0.03811372890182241,-6.437100341259141,0.3709981167608286,531,-0.1286333446706901,152181
BTCUSDT,kyle_usd,300,1,300,10,f_seasonal,0.015777596628250245,2.6212738498018813,0.5574387947269304,531,-0.12431696222823799,152181
BTCUSDT,kyle_usd,300,1,300,10,f_last,3.34558641024439e-05,0.009997531825116802,0.5084745762711864,531,-0.010137202947902001,152157
BTCUSDT,kyle_usd,300,1,300,10,f_rv,0.20534183857495605,30.290517193245744,0.9774011299435028,531,0.3561581427136641,152157
BTCUSDT,kyle_usd,300,1,300,10,f_abs_oi,-0.018108881953981217,-4.193992680469785,0.4331450094161959,531,-0.10624362398742747,152162
BTCUSDT,kyle_usd,300,1,300,10,f_amihud,0.031023139465731688,5.139608947288778,0.632768361581921,531,0.006209064869693921,152162
BTCUSDT,kyle_usd,300,1,300,60,f_har,-0.024660337627744118,-5.170276094809518,0.3615819209039548,531,-0.04755789290059607,151842
BTCUSDT,kyle_usd,300,1,300,60,f_trailing,-0.030060983745458677,-7.068581984545691,0.35969868173258,531,-0.0569314277177316,152178
BTCUSDT,kyle_usd,300,1,300,60,f_seasonal,0.00619433093166551,1.4582053372385364,0.5160075329566854,531,-0.049551029498744785,152178
BTCUSDT,kyle_usd,300,1,300,60,f_last,-0.009616536382969026,-3.097036225738701,0.4067796610169492,531,-0.005005528621360211,152154
BTCUSDT,kyle_usd,300,1,300,60,f_rv,0.09562237423720255,16.752445050431273,0.8606403013182674,531,0.21953510652475058,152154
BTCUSDT,kyle_usd,300,1,300,60,f_abs_oi,-0.014558209055991436,-3.9765816799927065,0.4350282485875706,531,-0.0667049971537128,152159
BTCUSDT,kyle_usd,300,1,300,60,f_amihud,0.019752435564977123,4.19751956341178,0.5932203389830508,531,0.02046593067394422,152159
BTCUSDT,kyle_usd,300,1,300,300,f_har,-0.008983489157518674,-2.709511359092099,0.4595103578154426,531,-0.014373383434232345,151303
BTCUSDT,kyle_usd,300,1,300,300,f_trailing,-0.012499944702102408,-4.105923238878177,0.448210922787194,531,-0.017573106617373782,151632
BTCUSDT,kyle_usd,300,1,300,300,f_seasonal,0.009136714235996756,2.743261279665822,0.527306967984934,531,-0.009844775001813503,151632
BTCUSDT,kyle_usd,300,1,300,300,f_last,-0.004952560390012868,-1.8852743639624638,0.4745762711864407,531,-0.0021244985875524453,151608
BTCUSDT,kyle_usd,300,1,300,300,f_rv,0.01674721838575427,4.310411197431615,0.5951035781544256,531,0.07930440133947098,151608
BTCUSDT,kyle_usd,300,1,300,300,f_abs_oi,-0.01504697597861182,-5.578108557348977,0.3992467043314501,531,-0.034496976081770055,151613
BTCUSDT,kyle_usd,300,1,300,300,f_amihud,-0.004002094491383029,-1.2476256411390205,0.4444444444444444,531,0.002340298876097577,151613
BTCUSDT,kyle_usd,300,1,300,-1,f_har->lambda,0.15049921386834805,35.154778244342786,0.9792843691148776,531,0.3483711510666032,151842
BTCUSDT,kyle_usd,300,1,300,-1,f_trailing->lambda,0.0473564177030361,11.048380863310143,0.711864406779661,531,0.3211294814035697,152167
BTCUSDT,kyle_usd,300,1,300,-1,f_seasonal->lambda,0.06325316244254064,15.997828401679769,0.7815442561205274,531,0.29842144267525855,152167
BTCUSDT,kyle_usd,300,2,600,10,f_har,-0.026832320965142445,-4.080300320325998,0.3973634651600753,531,-0.12054345533792235,151823
BTCUSDT,kyle_usd,300,2,600,10,f_trailing,-0.04738841529701884,-7.729159504416023,0.3634651600753296,531,-0.13435360991010392,152180
BTCUSDT,kyle_usd,300,2,600,10,f_seasonal,0.015749939207413778,2.6182526338968866,0.5574387947269304,531,-0.12433630369065102,152180
BTCUSDT,kyle_usd,300,2,600,10,f_last,-0.00029092640760027536,-0.09328954545750526,0.5028248587570622,531,-0.012422949804773226,152139
BTCUSDT,kyle_usd,300,2,600,10,f_rv,0.16440112540377805,27.678087906928873,0.9566854990583804,531,0.33111541544574846,152139
BTCUSDT,kyle_usd,300,2,600,10,f_abs_oi,-0.021997002911596775,-5.705195158192137,0.4124293785310734,531,-0.10886932095117746,152146
BTCUSDT,kyle_usd,300,2,600,10,f_amihud,0.010479439687726673,1.9888277982718117,0.5574387947269304,531,-0.008987813949444846,152146
BTCUSDT,kyle_usd,300,2,600,60,f_har,-0.019631652298472375,-4.182900392703639,0.4143126177024482,531,-0.05046874042209782,151823
BTCUSDT,kyle_usd,300,2,600,60,f_trailing,-0.033009493814533934,-7.788944446240662,0.3578154425612053,531,-0.059221225620047904,152177
BTCUSDT,kyle_usd,300,2,600,60,f_seasonal,0.006174084036091358,1.4527147821467024,0.5141242937853108,531,-0.049569793564321826,152177
BTCUSDT,kyle_usd,300,2,600,60,f_last,-0.002360354918754374,-0.8219406815559791,0.504708097928437,531,-0.0006067438154318272,152136
BTCUSDT,kyle_usd,300,2,600,60,f_rv,0.08806036510911676,17.904462828773287,0.8606403013182674,531,0.21542321736483241,152136
BTCUSDT,kyle_usd,300,2,600,60,f_abs_oi,-0.013843268914508872,-4.061272730470271,0.4350282485875706,531,-0.0662825427370405,152143
BTCUSDT,kyle_usd,300,2,600,60,f_amihud,0.014237751676674055,3.5444742984715583,0.5536723163841808,531,0.016205081426125287,152143
BTCUSDT,kyle_usd,300,2,600,300,f_har,-0.005068491455930312,-1.5614093264800601,0.4595103578154426,531,-0.013784698283861136,151284
BTCUSDT,kyle_usd,300,2,600,300,f_trailing,-0.015423092569491544,-5.119616731214301,0.4406779661016949,531,-0.018108460321760448,151631
BTCUSDT,kyle_usd,300,2,600,300,f_seasonal,0.009183691020029727,2.7526781403255005,0.5329566854990584,531,-0.009852580497132241,151631
BTCUSDT,kyle_usd,300,2,600,300,f_last,-0.004316295756754296,-1.604979900338078,0.4934086629001883,531,-0.001163721951041196,151590
BTCUSDT,kyle_usd,300,2,600,300,f_rv,0.025207182038069972,6.850765340070174,0.6139359698681732,531,0.08435886792406126,151590
BTCUSDT,kyle_usd,300,2,600,300,f_abs_oi,-0.009974817287544938,-3.8612208530406993,0.4086629001883239,531,-0.029887770773088983,151597
BTCUSDT,kyle_usd,300,2,600,300,f_amihud,0.000394714212336552,0.1388047272690041,0.5084745762711864,531,0.004530810774995722,151597
BTCUSDT,kyle_usd,300,2,600,-1,f_har->lambda,0.10297077163147074,22.899713830564036,0.8888888888888888,531,0.33201863463433146,151823
BTCUSDT,kyle_usd,300,2,600,-1,f_trailing->lambda,0.005559782991058479,1.6994960165524906,0.519774011299435,531,0.31433209383715754,152166
BTCUSDT,kyle_usd,300,2,600,-1,f_seasonal->lambda,0.06304072284491784,15.943855656820686,0.7815442561205274,531,0.29833138817769767,152166
BTCUSDT,kyle_usd,300,3,900,10,f_har,-0.020265319593814037,-2.999621549272982,0.4143126177024482,531,-0.12371326093675754,151807
BTCUSDT,kyle_usd,300,3,900,10,f_trailing,-0.04741097005099452,-7.60848212103606,0.3634651600753296,531,-0.13488335122475575,152179
BTCUSDT,kyle_usd,300,3,900,10,f_seasonal,0.015791195035015575,2.624945796792903,0.5574387947269304,531,-0.12436012638983476,152179
BTCUSDT,kyle_usd,300,3,900,10,f_last,0.0023307804245563295,0.7002663748291291,0.519774011299435,531,-0.011845036944158229,152123
BTCUSDT,kyle_usd,300,3,900,10,f_rv,0.13562548755752818,22.316765371839153,0.9265536723163842,531,0.31349709551264926,152123
BTCUSDT,kyle_usd,300,3,900,10,f_abs_oi,-0.021289337017512035,-5.941410080852209,0.4048964218455744,531,-0.10934324734561567,152132
BTCUSDT,kyle_usd,300,3,900,10,f_amihud,0.008038035222226755,1.5745815511752526,0.5386064030131826,531,-0.012414544243198324,152132
BTCUSDT,kyle_usd,300,3,900,60,f_har,-0.017666983046688747,-3.7372551139203853,0.4143126177024482,531,-0.05274822210923639,151807
BTCUSDT,kyle_usd,300,3,900,60,f_trailing,-0.033003424595214985,-7.812159027298609,0.3653483992467043,531,-0.059383863945748926,152176
BTCUSDT,kyle_usd,300,3,900,60,f_seasonal,0.006179483090158819,1.4542894098141583,0.5084745762711864,531,-0.04958171193654773,152176
BTCUSDT,kyle_usd,300,3,900,60,f_last,-0.003923355683508141,-1.2270489697409996,0.4689265536723164,531,-0.0024851767271135633,152120
BTCUSDT,kyle_usd,300,3,900,60,f_rv,0.07529090472583141,15.712080002203832,0.815442561205273,531,0.20755012241854373,152120
BTCUSDT,kyle_usd,300,3,900,60,f_abs_oi,-0.00988000019186032,-2.8887580077297335,0.4519774011299435,531,-0.06281502324606844,152129
BTCUSDT,kyle_usd,300,3,900,60,f_amihud,0.010595394105992632,2.763777690457235,0.551789077212806,531,0.011845190505805177,152129
BTCUSDT,kyle_usd,300,3,900,300,f_har,-0.003278218071236536,-0.9532649323141121,0.4689265536723164,531,-0.014323033477423178,151268
BTCUSDT,kyle_usd,300,3,900,300,f_trailing,-0.014783551778766219,-5.123722661452605,0.423728813559322,531,-0.018028768331733763,151630
BTCUSDT,kyle_usd,300,3,900,300,f_seasonal,0.00918019815528286,2.7520253919221767,0.5329566854990584,531,-0.009847439125293025,151630
BTCUSDT,kyle_usd,300,3,900,300,f_last,-0.0028067283728830236,-0.9741740301008462,0.4915254237288136,531,-0.000390740465375866,151575
BTCUSDT,kyle_usd,300,3,900,300,f_rv,0.022283164247485294,6.666355638177932,0.6346516007532956,531,0.08283508332344061,151575
BTCUSDT,kyle_usd,300,3,900,300,f_abs_oi,-0.0065425138049295195,-2.7381664344082814,0.4632768361581921,531,-0.02676163536459518,151584
BTCUSDT,kyle_usd,300,3,900,300,f_amihud,0.00139882500627213,0.5077494395479293,0.5235404896421846,531,0.004513085288125284,151584
BTCUSDT,kyle_usd,300,3,900,-1,f_har->lambda,0.08933423295667671,20.76462802100649,0.8568738229755178,531,0.3281528079399999,151807
BTCUSDT,kyle_usd,300,3,900,-1,f_trailing->lambda,-0.0020242263326595445,-0.5823053490692927,0.4839924670433145,531,0.3125827837111764,152165
BTCUSDT,kyle_usd,300,3,900,-1,f_seasonal->lambda,0.06293887193815073,15.916451786648759,0.7815442561205274,531,0.29826442889381244,152165
BTCUSDT,kyle_usd,300,6,1800,10,f_har,0.0007552764690233571,0.11423960636349685,0.5160075329566854,531,-0.11758095190662034,151767
BTCUSDT,kyle_usd,300,6,1800,10,f_trailing,-0.04939861377666722,-7.510959191885387,0.3540489642184557,531,-0.13888100167774647,152176
BTCUSDT,kyle_usd,300,6,1800,10,f_seasonal,0.015786733547272752,2.6228375727280824,0.5574387947269304,531,-0.12441831119387194,152176
BTCUSDT,kyle_usd,300,6,1800,10,f_last,-6.639949652138196e-05,-0.021903919742920386,0.504708097928437,531,-0.01561242479274301,152080
BTCUSDT,kyle_usd,300,6,1800,10,f_rv,0.09612548366436645,17.974696386333783,0.8493408662900188,531,0.287552805032983,152080
BTCUSDT,kyle_usd,300,6,1800,10,f_abs_oi,-0.01740828103984178,-5.303534032510589,0.4048964218455744,531,-0.1063777687611304,152091
BTCUSDT,kyle_usd,300,6,1800,10,f_amihud,0.01161519964988035,2.6637783401477115,0.5574387947269304,531,-0.011955088024605355,152091
BTCUSDT,kyle_usd,300,6,1800,60,f_har,-0.003542895490223388,-0.7896962366243276,0.4934086629001883,531,-0.048015072309479094,151767
BTCUSDT,kyle_usd,300,6,1800,60,f_trailing,-0.030650433687219023,-6.899245229298027,0.3935969868173258,531,-0.06083969921126346,152173
BTCUSDT,kyle_usd,300,6,1800,60,f_seasonal,0.0062456995586340144,1.4688810250281468,0.512241054613936,531,-0.049599346686849746,152173
BTCUSDT,kyle_usd,300,6,1800,60,f_last,0.0009750397445149112,0.3501707326038744,0.512241054613936,531,-0.0002148722698580851,152078
BTCUSDT,kyle_usd,300,6,1800,60,f_rv,0.05767157454769383,13.975986705981441,0.7457627118644068,531,0.19570585510095437,152078
BTCUSDT,kyle_usd,300,6,1800,60,f_abs_oi,-0.009715142976192644,-3.1216783790798255,0.4538606403013183,531,-0.06103484345674262,152089
BTCUSDT,kyle_usd,300,6,1800,60,f_amihud,0.012800225608872182,3.5859330035429764,0.544256120527307,531,0.011957401088700777,152089
BTCUSDT,kyle_usd,300,6,1800,300,f_har,9.90749715945121e-05,0.031172044155354295,0.512241054613936,531,-0.013146724756205342,151228
BTCUSDT,kyle_usd,300,6,1800,300,f_trailing,-0.015212946882409895,-4.870739461271876,0.448210922787194,531,-0.01827089116137344,151627
BTCUSDT,kyle_usd,300,6,1800,300,f_seasonal,0.009180864077562944,2.7517927283650376,0.5329566854990584,531,-0.009865625256014495,151627
BTCUSDT,kyle_usd,300,6,1800,300,f_last,-0.0027736502796411313,-1.0262423883992835,0.4858757062146893,531,-0.0012253074944796709,151534
BTCUSDT,kyle_usd,300,6,1800,300,f_rv,0.0205403673049093,6.8576912754275945,0.6139359698681732,531,0.08191040444912993,151534
BTCUSDT,kyle_usd,300,6,1800,300,f_abs_oi,-0.00528541696003509,-1.9946463602243125,0.4519774011299435,531,-0.026240279064399213,151544
BTCUSDT,kyle_usd,300,6,1800,300,f_amihud,0.00374771511319974,1.3531395950612397,0.527306967984934,531,0.006489790420236813,151544
BTCUSDT,kyle_usd,300,6,1800,-1,f_har->lambda,0.07808586563028465,19.95540702988092,0.8342749529190208,531,0.3251923222054971,151767
BTCUSDT,kyle_usd,300,6,1800,-1,f_trailing->lambda,-0.028973993850502505,-9.570134719936105,0.3239171374764595,531,0.3083647709024659,152162
BTCUSDT,kyle_usd,300,6,1800,-1,f_seasonal->lambda,0.06269551164993689,15.837950002054255,0.7796610169491526,531,0.29809687338477986,152162
BTCUSDT,kyle_usd,300,12,3600,10,f_har,-0.0007715527610008894,-0.12556985706033397,0.4990583804143126,531,-0.12072855598437345,151681
BTCUSDT,kyle_usd,300,12,3600,10,f_trailing,-0.04703201429955972,-6.978995107305099,0.3446327683615819,531,-0.13694386937421338,152170
BTCUSDT,kyle_usd,300,12,3600,10,f_seasonal,0.015843595499647322,2.6355685012243577,0.559322033898305,531,-0.12455461889618526,152170
BTCUSDT,kyle_usd,300,12,3600,10,f_last,0.0016964650227572536,0.5639900715108275,0.5235404896421846,531,-0.01434119873258349,151999
BTCUSDT,kyle_usd,300,12,3600,10,f_rv,0.06231058786038036,14.461848119494578,0.7288135593220338,531,0.2656233630978783,151999
BTCUSDT,kyle_usd,300,12,3600,10,f_abs_oi,-0.010205016266910373,-2.964663749058643,0.455743879472693,531,-0.10038799445346713,152010
BTCUSDT,kyle_usd,300,12,3600,10,f_amihud,0.007175644330626352,1.6502254015398707,0.5160075329566854,531,-0.01648526030171332,152010
BTCUSDT,kyle_usd,300,12,3600,60,f_har,-0.005014103826161296,-1.1356762626480792,0.4708097928436911,531,-0.04937580406460311,151681
BTCUSDT,kyle_usd,300,12,3600,60,f_trailing,-0.027748377170312772,-6.06785241428477,0.3973634651600753,531,-0.059506330102580676,152167
BTCUSDT,kyle_usd,300,12,3600,60,f_seasonal,0.006289534110345908,1.4766235971397048,0.5160075329566854,531,-0.04968054309975668,152167
BTCUSDT,kyle_usd,300,12,3600,60,f_last,-0.0005307283555058102,-0.1863123482578979,0.5065913370998116,531,0.00022996017398378246,151996
BTCUSDT,kyle_usd,300,12,3600,60,f_rv,0.03764306347406509,11.118449397042172,0.6986817325800376,531,0.18291125537143663,151996
BTCUSDT,kyle_usd,300,12,3600,60,f_abs_oi,-0.011549640754157466,-4.007629568189832,0.4369114877589454,531,-0.06195495884969686,152007
BTCUSDT,kyle_usd,300,12,3600,60,f_amihud,0.006251260678546135,1.899714845772787,0.5329566854990584,531,0.007174342804529547,152007
BTCUSDT,kyle_usd,300,12,3600,300,f_har,-0.00037772512621420796,-0.12196963645893551,0.4971751412429379,531,-0.01302235174292565,151142
BTCUSDT,kyle_usd,300,12,3600,300,f_trailing,-0.01424084790772103,-4.295712655888606,0.4312617702448211,531,-0.017223157468560835,151621
BTCUSDT,kyle_usd,300,12,3600,300,f_seasonal,0.009202554191253466,2.7550803666051227,0.5310734463276836,531,-0.009882392538622034,151621
BTCUSDT,kyle_usd,300,12,3600,300,f_last,-0.0019178987172613197,-0.6926446805390135,0.4821092278719397,531,-8.751148458812186e-05,151450
BTCUSDT,kyle_usd,300,12,3600,300,f_rv,0.02037130479804211,6.93035478375633,0.5951035781544256,531,0.081784094936978,151450
BTCUSDT,kyle_usd,300,12,3600,300,f_abs_oi,-0.00761064469082671,-2.948039508368543,0.4425612052730697,531,-0.027363105741968534,151461
BTCUSDT,kyle_usd,300,12,3600,300,f_amihud,0.0046500121953022295,1.5433796913003808,0.5499058380414312,531,0.007276553596779942,151461
BTCUSDT,kyle_usd,300,12,3600,-1,f_har->lambda,0.05375961870786237,14.629642323860182,0.7325800376647834,531,0.3194110098861949,151681
BTCUSDT,kyle_usd,300,12,3600,-1,f_trailing->lambda,-0.04402007449120033,-14.349952099498765,0.24293785310734464,531,0.305256116518863,152156
BTCUSDT,kyle_usd,300,12,3600,-1,f_seasonal->lambda,0.062413241459327376,15.739947364331275,0.7702448210922788,531,0.29782770967534633,152156
BTCUSDT,kyle_usd,300,24,7200,10,f_har,-0.0048531618611415495,-0.8464343224995077,0.4764595103578154,531,-0.12659008090447205,151545
BTCUSDT,kyle_usd,300,24,7200,10,f_trailing,-0.0445154625180277,-5.931315934918949,0.3672316384180791,531,-0.14171904449111553,152158
BTCUSDT,kyle_usd,300,24,7200,10,f_seasonal,0.015940282423536765,2.655152518846978,0.5555555555555556,531,-0.12484532700356893,152158
BTCUSDT,kyle_usd,300,24,7200,10,f_last,-0.0033669884276310478,-1.1522324589094266,0.4934086629001883,531,-0.018116299492185878,151863
BTCUSDT,kyle_usd,300,24,7200,10,f_rv,0.03189315533995752,7.070775261725212,0.608286252354049,531,0.24578333245769216,151863
BTCUSDT,kyle_usd,300,24,7200,10,f_abs_oi,-0.006136296637212931,-1.8768445679619459,0.4689265536723164,531,-0.09502803904678161,151882
BTCUSDT,kyle_usd,300,24,7200,10,f_amihud,0.0023881164221834492,0.6048480633688321,0.5084745762711864,531,-0.020148178093656547,151882
BTCUSDT,kyle_usd,300,24,7200,60,f_har,-0.004636552124314013,-1.1570036285936756,0.4915254237288136,531,-0.05237075422347348,151545
BTCUSDT,kyle_usd,300,24,7200,60,f_trailing,-0.024104791646017053,-4.542102171465312,0.4048964218455744,531,-0.06187455936149746,152155
BTCUSDT,kyle_usd,300,24,7200,60,f_seasonal,0.006325564306795269,1.4869611602065633,0.5103578154425612,531,-0.04984598605091637,152155
BTCUSDT,kyle_usd,300,24,7200,60,f_last,0.0005142514190200438,0.20242708405268658,0.519774011299435,531,-0.00010487428300887591,151860
BTCUSDT,kyle_usd,300,24,7200,60,f_rv,0.01960685467415056,6.265416191128223,0.6139359698681732,531,0.17033884819485554,151860
BTCUSDT,kyle_usd,300,24,7200,60,f_abs_oi,-0.004938435230110309,-1.7918000712359168,0.4613935969868173,531,-0.05618285738360126,151879
BTCUSDT,kyle_usd,300,24,7200,60,f_amihud,-0.001214986082925844,-0.37385939028142634,0.4915254237288136,531,0.0002001158263353719,151879
BTCUSDT,kyle_usd,300,24,7200,300,f_har,9.01933594227164e-06,0.003111379247484574,0.4745762711864407,531,-0.013433304634503304,151006
BTCUSDT,kyle_usd,300,24,7200,300,f_trailing,-0.012440286276640617,-3.7248339616474286,0.4406779661016949,531,-0.017727876072120383,151609
BTCUSDT,kyle_usd,300,24,7200,300,f_seasonal,0.009084739355555628,2.7119478879586003,0.5235404896421846,531,-0.00995435443054974,151609
BTCUSDT,kyle_usd,300,24,7200,300,f_last,-7.014758947893105e-05,-0.027568899577636766,0.487758945386064,531,0.00091504856278072,151315
BTCUSDT,kyle_usd,300,24,7200,300,f_rv,0.006800792172352291,2.3520507282306085,0.5178907721280602,531,0.07218865735612558,151315
BTCUSDT,kyle_usd,300,24,7200,300,f_abs_oi,-0.005664041039687628,-2.088126903834496,0.4651600753295669,531,-0.025827678410258112,151334
BTCUSDT,kyle_usd,300,24,7200,300,f_amihud,-0.0025241022400811874,-0.9270925516554231,0.5009416195856874,531,-0.0005217603287403348,151334
BTCUSDT,kyle_usd,300,24,7200,-1,f_har->lambda,0.03636346121079707,9.422127191053146,0.672316384180791,531,0.31350363837947304,151545
BTCUSDT,kyle_usd,300,24,7200,-1,f_trailing->lambda,-0.0679246166766795,-17.581487737722433,0.192090395480226,531,0.2983580622572646,152144
BTCUSDT,kyle_usd,300,24,7200,-1,f_seasonal->lambda,0.06229126877607596,15.636738239694715,0.7721280602636534,531,0.2974039530256812,152144
BNBUSDT,kyle_usd,300,1,300,10,f_har,0.11533302853976561,10.242189133211763,0.7721280602636534,531,0.15437713556683894,151817
BNBUSDT,kyle_usd,300,1,300,10,f_trailing,-0.0008874467671675033,-0.1364799797572303,0.4689265536723164,531,0.07939451464768564,152179
BNBUSDT,kyle_usd,300,1,300,10,f_seasonal,0.02755428903033344,4.35308249430489,0.5932203389830508,531,0.089540971806866,152179
BNBUSDT,kyle_usd,300,1,300,10,f_last,0.10259079594716425,11.985066796072623,0.839924670433145,531,0.14048181078516997,152143
BNBUSDT,kyle_usd,300,1,300,10,f_rv,0.20229804309750885,24.19919330139906,0.9849340866290018,531,0.3277497691836744,152143
BNBUSDT,kyle_usd,300,1,300,10,f_abs_oi,-0.05970151915511494,-12.70315663442624,0.2391713747645951,531,-0.09962915700219625,152157
BNBUSDT,kyle_usd,300,1,300,10,f_amihud,0.08300767154832567,9.215609684754552,0.71939736346516,531,0.09412126311259761,152157
BNBUSDT,kyle_usd,300,1,300,60,f_har,0.04754657126858573,5.574488049916531,0.6459510357815442,531,0.10047248948146406,151817
BNBUSDT,kyle_usd,300,1,300,60,f_trailing,-0.0021358845733082713,-0.42295885532055244,0.4726930320150659,531,0.05674574708714131,152175
BNBUSDT,kyle_usd,300,1,300,60,f_seasonal,0.015763995171730626,3.051419440010896,0.551789077212806,531,0.06386897450777858,152175
BNBUSDT,kyle_usd,300,1,300,60,f_last,0.04259242898850796,7.285567015364449,0.664783427495292,531,0.0762191600415184,152139
BNBUSDT,kyle_usd,300,1,300,60,f_rv,0.11804503948997801,21.432787687879625,0.9077212806026366,531,0.21566106994146814,152139
BNBUSDT,kyle_usd,300,1,300,60,f_abs_oi,-0.03660183148487071,-11.09058071687596,0.3220338983050847,531,-0.0670020448618183,152153
BNBUSDT,kyle_usd,300,1,300,60,f_amihud,0.055057645483205284,8.551393443831731,0.7062146892655368,531,0.08993146084987838,152153
BNBUSDT,kyle_usd,300,1,300,300,f_har,0.02456542126988658,4.679147971519101,0.623352165725047,531,0.05270259968671461,151276
BNBUSDT,kyle_usd,300,1,300,300,f_trailing,0.0008757951986238497,0.2528690537357211,0.4934086629001883,531,0.02860507432823096,151625
BNBUSDT,kyle_usd,300,1,300,300,f_seasonal,0.0032751793714420113,0.9197325431563091,0.5254237288135594,531,0.030361435644793117,151625
BNBUSDT,kyle_usd,300,1,300,300,f_last,0.020507433324576184,5.477745535077741,0.6177024482109228,531,0.03670669573239703,151589
BNBUSDT,kyle_usd,300,1,300,300,f_rv,0.03956351880885734,10.705285401198891,0.7080979284369114,531,0.0956107845491891,151589
BNBUSDT,kyle_usd,300,1,300,300,f_abs_oi,-0.0196536865801307,-6.753044722899059,0.3766478342749529,531,-0.03783696447635037,151603
BNBUSDT,kyle_usd,300,1,300,300,f_amihud,0.025306364240302522,6.854762782381107,0.6497175141242938,531,0.04816269849997456,151603
BNBUSDT,kyle_usd,300,1,300,-1,f_har->lambda,0.2597532655358032,28.541596345433188,0.9962335216572504,531,0.43869089778669185,151817
BNBUSDT,kyle_usd,300,1,300,-1,f_trailing->lambda,0.042371903884508365,5.769729533327249,0.5781544256120528,531,0.37010122463035383,152154
BNBUSDT,kyle_usd,300,1,300,-1,f_seasonal->lambda,0.05168214699212277,6.58871049895304,0.6666666666666666,531,0.33883537438143796,152154
BNBUSDT,kyle_usd,300,2,600,10,f_har,0.08790759713133788,8.613586252342719,0.7175141242937854,531,0.13872242626759784,151795
BNBUSDT,kyle_usd,300,2,600,10,f_trailing,-0.008952136081271888,-1.3871770869826778,0.4425612052730697,531,0.07286850823240802,152178
BNBUSDT,kyle_usd,300,2,600,10,f_seasonal,0.027312324954540793,4.313789997147857,0.5969868173258004,531,0.08943775579711549,152178
BNBUSDT,kyle_usd,300,2,600,10,f_last,0.0815223905513548,11.139950706823425,0.7871939736346516,531,0.1248906364788546,152125
BNBUSDT,kyle_usd,300,2,600,10,f_rv,0.1621751190762675,22.785542318437205,0.9642184557438794,531,0.29900889646791495,152125
BNBUSDT,kyle_usd,300,2,600,10,f_abs_oi,-0.053054101978582464,-11.881084047293221,0.2693032015065913,531,-0.09338517771384629,152141
BNBUSDT,kyle_usd,300,2,600,10,f_amihud,0.06629996823193465,8.291514726274295,0.6854990583804144,531,0.08515147002281126,152141
BNBUSDT,kyle_usd,300,2,600,60,f_har,0.03866421695208198,4.878392925774907,0.6177024482109228,531,0.09366625721146982,151795
BNBUSDT,kyle_usd,300,2,600,60,f_trailing,-0.004163850030532079,-0.8376082146298172,0.4670433145009416,531,0.05316533025045816,152174
BNBUSDT,kyle_usd,300,2,600,60,f_seasonal,0.015654113274516636,3.0306628970507172,0.5536723163841808,531,0.06380480513431275,152174
BNBUSDT,kyle_usd,300,2,600,60,f_last,0.038112390421844326,7.867897333629038,0.664783427495292,531,0.07368404683510178,152121
BNBUSDT,kyle_usd,300,2,600,60,f_rv,0.10107792068535543,22.29014685185878,0.8888888888888888,531,0.20372768744203745,152121
BNBUSDT,kyle_usd,300,2,600,60,f_abs_oi,-0.03416276789819233,-9.773965834310879,0.3126177024482109,531,-0.06406800018251115,152137
BNBUSDT,kyle_usd,300,2,600,60,f_amihud,0.0459693904226456,7.6175721543184505,0.67984934086629,531,0.08366124179284647,152137
BNBUSDT,kyle_usd,300,2,600,300,f_har,0.02163038084357819,4.177304026500448,0.6290018832391714,531,0.04970284797121868,151254
BNBUSDT,kyle_usd,300,2,600,300,f_trailing,-0.00037160154640071856,-0.10487807019524144,0.4839924670433145,531,0.02658963454671778,151624
BNBUSDT,kyle_usd,300,2,600,300,f_seasonal,0.0032700854337048904,0.9185720458647322,0.5235404896421846,531,0.030332577472071267,151624
BNBUSDT,kyle_usd,300,2,600,300,f_last,0.018496029904095386,5.743131299061624,0.608286252354049,531,0.03707878247179705,151571
BNBUSDT,kyle_usd,300,2,600,300,f_rv,0.03728053428982136,11.062938958832973,0.7005649717514124,531,0.09398359630075367,151571
BNBUSDT,kyle_usd,300,2,600,300,f_abs_oi,-0.016580724769356032,-5.410462034895827,0.3973634651600753,531,-0.034575230999673384,151587
BNBUSDT,kyle_usd,300,2,600,300,f_amihud,0.02477565560597409,6.45279356369614,0.6271186440677966,531,0.04654933131131968,151587
BNBUSDT,kyle_usd,300,2,600,-1,f_har->lambda,0.21719035050589555,24.73365383395738,0.975517890772128,531,0.4226547679953996,151795
BNBUSDT,kyle_usd,300,2,600,-1,f_trailing->lambda,0.026713140251284618,3.7148341712831403,0.5386064030131826,531,0.3627552975665743,152153
BNBUSDT,kyle_usd,300,2,600,-1,f_seasonal->lambda,0.05127853892767561,6.531221401727364,0.664783427495292,531,0.33868443917806706,152153
BNBUSDT,kyle_usd,300,3,900,10,f_har,0.0741729390191258,7.566887878686764,0.6949152542372882,531,0.1319738570588589,151779
BNBUSDT,kyle_usd,300,3,900,10,f_trailing,-0.011353287365490366,-1.7793706340225053,0.4350282485875706,531,0.07237813054458207,152177
BNBUSDT,kyle_usd,300,3,900,10,f_seasonal,0.02710773385656318,4.280683584036877,0.5951035781544256,531,0.08933913959655806,152177
BNBUSDT,kyle_usd,300,3,900,10,f_last,0.06834683642245847,10.12125640289787,0.7476459510357816,531,0.11388438320214136,152109
BNBUSDT,kyle_usd,300,3,900,10,f_rv,0.13908147591432976,21.84980517101589,0.9340866290018832,531,0.28422505910856855,152109
BNBUSDT,kyle_usd,300,3,900,10,f_abs_oi,-0.0462736580666277,-10.711288106106613,0.295668549905838,531,-0.08874417848299103,152127
BNBUSDT,kyle_usd,300,3,900,10,f_amihud,0.057668723520421926,7.513032826124175,0.672316384180791,531,0.0803935173089494,152127
BNBUSDT,kyle_usd,300,3,900,60,f_har,0.033139710808600537,4.321615168745269,0.6120527306967984,531,0.09010729905343302,151779
BNBUSDT,kyle_usd,300,3,900,60,f_trailing,-0.004828385163510517,-0.9870808017793867,0.4708097928436911,531,0.05293168216928881,152173
BNBUSDT,kyle_usd,300,3,900,60,f_seasonal,0.015516155928511594,3.0029011229119207,0.551789077212806,531,0.06375271682896068,152173
BNBUSDT,kyle_usd,300,3,900,60,f_last,0.035182021644150414,7.674090587533806,0.6572504708097928,531,0.07204936398210286,152105
BNBUSDT,kyle_usd,300,3,900,60,f_rv,0.09072656717110296,21.665546394118493,0.8813559322033898,531,0.1972096789743685,152105
BNBUSDT,kyle_usd,300,3,900,60,f_abs_oi,-0.028117218253693965,-8.58150206113675,0.352165725047081,531,-0.06012493802793476,152123
BNBUSDT,kyle_usd,300,3,900,60,f_amihud,0.04071350012750789,6.799969563846842,0.6817325800376648,531,0.08071792201926459,152123
BNBUSDT,kyle_usd,300,3,900,300,f_har,0.021272434354223248,4.241013640761104,0.6214689265536724,531,0.04952576330395166,151238
BNBUSDT,kyle_usd,300,3,900,300,f_trailing,-0.0006297800201091759,-0.17840807556995408,0.4858757062146893,531,0.0264468448418372,151623
BNBUSDT,kyle_usd,300,3,900,300,f_seasonal,0.00316253925662524,0.8892357633888005,0.5235404896421846,531,0.030291844386754436,151623
BNBUSDT,kyle_usd,300,3,900,300,f_last,0.017738485608918556,5.1470630755848195,0.6064030131826742,531,0.034186056343113315,151556
BNBUSDT,kyle_usd,300,3,900,300,f_rv,0.03226186196750794,10.108552578948688,0.664783427495292,531,0.09124002176895807,151556
BNBUSDT,kyle_usd,300,3,900,300,f_abs_oi,-0.014305578918832808,-4.658060542953802,0.4293785310734463,531,-0.03261349375787567,151574
BNBUSDT,kyle_usd,300,3,900,300,f_amihud,0.02270957215310032,6.301001212198622,0.60075329566855,531,0.04542248337187457,151574
BNBUSDT,kyle_usd,300,3,900,-1,f_har->lambda,0.19524278756015978,23.010331276608913,0.967984934086629,531,0.4152844873158829,151779
BNBUSDT,kyle_usd,300,3,900,-1,f_trailing->lambda,0.02078526682904986,2.9286835764257377,0.5291902071563088,531,0.36175086960890834,152152
BNBUSDT,kyle_usd,300,3,900,-1,f_seasonal->lambda,0.05088319053699414,6.477092032013587,0.664783427495292,531,0.33854444701449,152152
BNBUSDT,kyle_usd,300,6,1800,10,f_har,0.06184562699402024,7.03498091864558,0.687382297551789,531,0.12243830211553991,151737
BNBUSDT,kyle_usd,300,6,1800,10,f_trailing,-0.018348615077804456,-2.9223601416072147,0.423728813559322,531,0.06947190051945745,152174
BNBUSDT,kyle_usd,300,6,1800,10,f_seasonal,0.026552689644914935,4.185274438694044,0.5894538606403014,531,0.08905806130755388,152174
BNBUSDT,kyle_usd,300,6,1800,10,f_last,0.04915702972276336,8.620109128135454,0.6949152542372882,531,0.09999386024377711,152066
BNBUSDT,kyle_usd,300,6,1800,10,f_rv,0.10474512575743167,17.996077849952194,0.8531073446327684,531,0.2578222113230586,152066
BNBUSDT,kyle_usd,300,6,1800,10,f_abs_oi,-0.036938664167694715,-8.757735967475504,0.3370998116760829,531,-0.082172708523532,152086
BNBUSDT,kyle_usd,300,6,1800,10,f_amihud,0.047405469274408946,7.001587322610138,0.647834274952919,531,0.07528414135267733,152086
BNBUSDT,kyle_usd,300,6,1800,60,f_har,0.03025541241008675,4.345875251218106,0.6064030131826742,531,0.08508978876374261,151737
BNBUSDT,kyle_usd,300,6,1800,60,f_trailing,-0.007534564544062399,-1.5547809291703407,0.4463276836158192,531,0.05131969550821275,152170
BNBUSDT,kyle_usd,300,6,1800,60,f_seasonal,0.015192794145624203,2.9405106661260083,0.5480225988700564,531,0.06359235107261885,152170
BNBUSDT,kyle_usd,300,6,1800,60,f_last,0.02381888862225078,5.504054556249717,0.5969868173258004,531,0.060755655291072616,152063
BNBUSDT,kyle_usd,300,6,1800,60,f_rv,0.06733886068695842,15.94044355890946,0.8060263653483992,531,0.17931360762716728,152063
BNBUSDT,kyle_usd,300,6,1800,60,f_abs_oi,-0.022796311585559358,-6.59796041562156,0.3785310734463277,531,-0.05501603240867653,152083
BNBUSDT,kyle_usd,300,6,1800,60,f_amihud,0.03332429357332311,6.329730909883772,0.6365348399246704,531,0.07649591112982095,152083
BNBUSDT,kyle_usd,300,6,1800,300,f_har,0.018986075465390273,4.183826633993941,0.5932203389830508,531,0.0462268138086463,151196
BNBUSDT,kyle_usd,300,6,1800,300,f_trailing,-0.0024622980714219364,-0.7128364974056594,0.4896421845574388,531,0.02543046240903645,151620
BNBUSDT,kyle_usd,300,6,1800,300,f_seasonal,0.002957852545070939,0.8317776779764026,0.5216572504708098,531,0.03019814009299223,151620
BNBUSDT,kyle_usd,300,6,1800,300,f_last,0.01576310587872799,4.5481887187546945,0.591337099811676,531,0.034211531351708166,151515
BNBUSDT,kyle_usd,300,6,1800,300,f_rv,0.03133443853665525,9.221379643594968,0.672316384180791,531,0.08976985088758285,151515
BNBUSDT,kyle_usd,300,6,1800,300,f_abs_oi,-0.012022657896617519,-3.9120620151183543,0.416195856873823,531,-0.029579228095356923,151534
BNBUSDT,kyle_usd,300,6,1800,300,f_amihud,0.01637771004543144,4.507185500636972,0.6026365348399246,531,0.042919502285723866,151534
BNBUSDT,kyle_usd,300,6,1800,-1,f_har->lambda,0.1607984893529958,19.80801646526385,0.911487758945386,531,0.40254794401166216,151737
BNBUSDT,kyle_usd,300,6,1800,-1,f_trailing->lambda,0.0027172846234794963,0.3765400392959675,0.4821092278719397,531,0.35844772423452703,152149
BNBUSDT,kyle_usd,300,6,1800,-1,f_seasonal->lambda,0.049996036309030115,6.348959460668532,0.664783427495292,531,0.33818137500234213,152149
BNBUSDT,kyle_usd,300,12,3600,10,f_har,0.05566824064230544,7.345270431364175,0.6610169491525424,531,0.11453885825834234,151652
BNBUSDT,kyle_usd,300,12,3600,10,f_trailing,-0.02806886515653643,-4.5211040447904995,0.4011299435028249,531,0.06888250590487334,152168
BNBUSDT,kyle_usd,300,12,3600,10,f_seasonal,0.025604306962681064,4.027656582985167,0.591337099811676,531,0.08857557101808759,152168
BNBUSDT,kyle_usd,300,12,3600,10,f_last,0.04106723440701858,8.64663058249758,0.6704331450094162,531,0.09409309268661277,151985
BNBUSDT,kyle_usd,300,12,3600,10,f_rv,0.07112394850962048,14.278886088475344,0.775894538606403,531,0.2337538107198116,151985
BNBUSDT,kyle_usd,300,12,3600,10,f_abs_oi,-0.02132438189368729,-5.715196678611911,0.4030131826741996,531,-0.07182856990730452,152005
BNBUSDT,kyle_usd,300,12,3600,10,f_amihud,0.03263135249354528,5.807799697406526,0.623352165725047,531,0.06559215816736878,152005
BNBUSDT,kyle_usd,300,12,3600,60,f_har,0.02909306039087253,4.900433343376157,0.591337099811676,531,0.08038061773066225,151652
BNBUSDT,kyle_usd,300,12,3600,60,f_trailing,-0.01186749238683658,-2.5089068436780306,0.4256120527306968,531,0.050943764737341204,152164
BNBUSDT,kyle_usd,300,12,3600,60,f_seasonal,0.014668854064584421,2.841936576822155,0.544256120527307,531,0.06329685249709802,152164
BNBUSDT,kyle_usd,300,12,3600,60,f_last,0.020954096783146695,6.194647174809024,0.6064030131826742,531,0.05933622753906207,151981
BNBUSDT,kyle_usd,300,12,3600,60,f_rv,0.04706434405540977,12.96016891051082,0.7156308851224106,531,0.1627043791198679,151981
BNBUSDT,kyle_usd,300,12,3600,60,f_abs_oi,-0.014824107046877954,-4.87160937918221,0.4086629001883239,531,-0.0510566559742911,152001
BNBUSDT,kyle_usd,300,12,3600,60,f_amihud,0.020942265870661888,4.700687377201769,0.6101694915254238,531,0.06821859183803616,152001
BNBUSDT,kyle_usd,300,12,3600,300,f_har,0.016958699511037994,4.282539000550471,0.60075329566855,531,0.04211456695050192,151111
BNBUSDT,kyle_usd,300,12,3600,300,f_trailing,-0.004761968810959728,-1.420701702487863,0.4821092278719397,531,0.02480703086352242,151614
BNBUSDT,kyle_usd,300,12,3600,300,f_seasonal,0.002590340455725662,0.7286835570091326,0.5254237288135594,531,0.030019744639066887,151614
BNBUSDT,kyle_usd,300,12,3600,300,f_last,0.012072437145930865,4.015758272259438,0.5781544256120528,531,0.030765543589600944,151431
BNBUSDT,kyle_usd,300,12,3600,300,f_rv,0.024405794025399538,8.510583754678802,0.6195856873822976,531,0.0836447392587982,151431
BNBUSDT,kyle_usd,300,12,3600,300,f_abs_oi,-0.003616201183549181,-1.3362476170850337,0.4952919020715631,531,-0.025880362049815038,151451
BNBUSDT,kyle_usd,300,12,3600,300,f_amihud,0.01187654071824091,3.6088988078178654,0.5800376647834274,531,0.03905631848350393,151451
BNBUSDT,kyle_usd,300,12,3600,-1,f_har->lambda,0.12516289799094132,16.229802782592785,0.839924670433145,531,0.3916994144036582,151652
BNBUSDT,kyle_usd,300,12,3600,-1,f_trailing->lambda,-0.020178172284405653,-2.9110049729776484,0.4218455743879473,531,0.3533075429833846,152143
BNBUSDT,kyle_usd,300,12,3600,-1,f_seasonal->lambda,0.048565279382693914,6.13618875992654,0.6572504708097928,531,0.3375515406498716,152143
BNBUSDT,kyle_usd,300,24,7200,10,f_har,0.029973325385797667,5.135364953568705,0.5951035781544256,531,0.10571575566719041,151514
BNBUSDT,kyle_usd,300,24,7200,10,f_trailing,-0.04232248475296591,-6.67793433493878,0.3879472693032015,531,0.06626873716356256,152156
BNBUSDT,kyle_usd,300,24,7200,10,f_seasonal,0.024543223688971577,3.8443089752220114,0.5856873822975518,531,0.08775356539833187,152156
BNBUSDT,kyle_usd,300,24,7200,10,f_last,0.0211290591697592,5.53900821263383,0.568738229755179,531,0.07897903798832673,151848
BNBUSDT,kyle_usd,300,24,7200,10,f_rv,0.04095986708719453,8.360184665391522,0.6459510357815442,531,0.21104973689960296,151848
BNBUSDT,kyle_usd,300,24,7200,10,f_abs_oi,-0.008713016870505817,-2.4839648984742326,0.4500941619585687,531,-0.0625497244406315,151876
BNBUSDT,kyle_usd,300,24,7200,10,f_amihud,0.020455700527889153,4.754709209878242,0.5668549905838042,531,0.05845581088766627,151876
BNBUSDT,kyle_usd,300,24,7200,60,f_har,0.014027294730161764,3.025249597224703,0.5800376647834274,531,0.0757891241540868,151514
BNBUSDT,kyle_usd,300,24,7200,60,f_trailing,-0.02092872904270807,-4.297283994804908,0.423728813559322,531,0.04964099509486908,152152
BNBUSDT,kyle_usd,300,24,7200,60,f_seasonal,0.014005297829809063,2.714627271834318,0.5480225988700564,531,0.06279934458914575,152152
BNBUSDT,kyle_usd,300,24,7200,60,f_last,0.011092262469057408,3.8761244326660904,0.5386064030131826,531,0.052559744764733116,151844
BNBUSDT,kyle_usd,300,24,7200,60,f_rv,0.028803955620332573,8.511720547371185,0.615819209039548,531,0.14870715111531185,151844
BNBUSDT,kyle_usd,300,24,7200,60,f_abs_oi,-0.005502401493494822,-2.0213113312949798,0.4896421845574388,531,-0.0431374533681639,151872
BNBUSDT,kyle_usd,300,24,7200,60,f_amihud,0.013935565935953487,4.042055742170672,0.576271186440678,531,0.06379433071407767,151872
BNBUSDT,kyle_usd,300,24,7200,300,f_har,0.005777613721392251,1.6149674028453702,0.5499058380414312,531,0.03879924349200999,150973
BNBUSDT,kyle_usd,300,24,7200,300,f_trailing,-0.012697448705192602,-3.554494987490219,0.4463276836158192,531,0.024340918708905455,151602
BNBUSDT,kyle_usd,300,24,7200,300,f_seasonal,0.002094042750620577,0.591785391390763,0.5235404896421846,531,0.029702239076032533,151602
BNBUSDT,kyle_usd,300,24,7200,300,f_last,0.008977585725633577,3.5774266247461717,0.559322033898305,531,0.02950739521365776,151295
BNBUSDT,kyle_usd,300,24,7200,300,f_rv,0.014678340239589617,5.048284375352123,0.5894538606403014,531,0.07694882542631659,151295
BNBUSDT,kyle_usd,300,24,7200,300,f_abs_oi,-0.00030654033988187547,-0.10850359432861072,0.5028248587570622,531,-0.022777665615541745,151323
BNBUSDT,kyle_usd,300,24,7200,300,f_amihud,0.008675125608615223,3.093905287409572,0.5480225988700564,531,0.036481312879070776,151323
BNBUSDT,kyle_usd,300,24,7200,-1,f_har->lambda,0.07746508677982934,11.742721588096956,0.7476459510357816,531,0.3763999056537726,151514
BNBUSDT,kyle_usd,300,24,7200,-1,f_trailing->lambda,-0.04683440202855338,-6.697961779536339,0.3559322033898305,531,0.34738909286488046,152131
BNBUSDT,kyle_usd,300,24,7200,-1,f_seasonal->lambda,0.04659666658707465,5.832550125952613,0.6516007532956686,531,0.33648409878063695,152131
ETHBTC,kyle_usd,300,1,300,10,f_har,0.006849305349017052,1.0720113630892674,0.5178907721280602,531,-0.006743480502113915,151841
ETHBTC,kyle_usd,300,1,300,10,f_trailing,-0.032703752645243334,-6.520018483755323,0.391713747645951,531,-0.04263659217645071,152181
ETHBTC,kyle_usd,300,1,300,10,f_seasonal,0.007027444381718379,1.6600139728129284,0.5084745762711864,531,-0.022941171732771198,152181
ETHBTC,kyle_usd,300,1,300,10,f_last,0.003605656021205399,1.0093770342275357,0.5103578154425612,531,-0.00034460892898756536,152156
ETHBTC,kyle_usd,300,1,300,10,f_rv,0.17497627908693764,32.70852989053678,0.9849340866290018,531,0.2749770994220784,152156
ETHBTC,kyle_usd,300,1,300,10,f_abs_oi,-0.025545025151512985,-6.875905581892444,0.384180790960452,531,-0.05735356715559345,152161
ETHBTC,kyle_usd,300,1,300,10,f_amihud,0.05696384790269211,12.334340234856382,0.751412429378531,531,0.10326773978090815,152161
ETHBTC,kyle_usd,300,1,300,60,f_har,-0.004133182003217533,-0.9116216956891836,0.4651600753295669,531,-0.027754104416260004,151841
ETHBTC,kyle_usd,300,1,300,60,f_trailing,-0.022234729798253215,-5.628478330372057,0.4011299435028249,531,-0.050126030344867546,152178
ETHBTC,kyle_usd,300,1,300,60,f_seasonal,0.00769394934295932,1.9910297682020526,0.5480225988700564,531,-0.031829286032057744,152178
ETHBTC,kyle_usd,300,1,300,60,f_last,-0.004793988104750815,-1.6187371020676027,0.4331450094161959,531,-0.015447408035505605,152153
ETHBTC,kyle_usd,300,1,300,60,f_rv,0.09655927972694776,23.367104657022793,0.896421845574388,531,0.1890691708814378,152153
ETHBTC,kyle_usd,300,1,300,60,f_abs_oi,-0.012917256844174562,-3.8287437918148837,0.4218455743879473,531,-0.033458956324548324,152158
ETHBTC,kyle_usd,300,1,300,60,f_amihud,0.039236359011510256,10.035893295967618,0.7156308851224106,531,0.06580459869404373,152158
ETHBTC,kyle_usd,300,1,300,300,f_har,0.004178076382619276,1.2606545623607652,0.512241054613936,531,-0.007636816383409545,151302
ETHBTC,kyle_usd,300,1,300,300,f_trailing,-0.003931175136511556,-1.1452845367875484,0.4708097928436911,531,-0.01793574770097558,151632
ETHBTC,kyle_usd,300,1,300,300,f_seasonal,0.009392451738445712,3.018596773015057,0.5461393596986818,531,-0.008457785972682708,151632
ETHBTC,kyle_usd,300,1,300,300,f_last,0.000575438199780477,0.21384886386780153,0.4952919020715631,531,-0.005096127003817013,151607
ETHBTC,kyle_usd,300,1,300,300,f_rv,0.04122040745195283,10.96891759420014,0.7137476459510358,531,0.09692519103731426,151607
ETHBTC,kyle_usd,300,1,300,300,f_abs_oi,-0.00943889143046423,-3.3899944119510956,0.4613935969868173,531,-0.017827507664669007,151612
ETHBTC,kyle_usd,300,1,300,300,f_amihud,0.019211185507275436,5.856437317290192,0.6271186440677966,531,0.035747265554688434,151612
ETHBTC,kyle_usd,300,1,300,-1,f_har->lambda,0.16791078208456497,40.047710546465936,0.9849340866290018,531,0.3460939499928414,151841
ETHBTC,kyle_usd,300,1,300,-1,f_trailing->lambda,0.04259540842838464,8.836852415409828,0.6930320150659134,531,0.30834426604115883,152166
ETHBTC,kyle_usd,300,1,300,-1,f_seasonal->lambda,0.031436078369816,8.247298294077563,0.6497175141242938,531,0.2647172902927241,152166
ETHBTC,kyle_usd,300,2,600,10,f_har,0.01292556814882713,2.0149709335646246,0.5404896421845574,531,-0.005569943606573679,151822
ETHBTC,kyle_usd,300,2,600,10,f_trailing,-0.03829546296603169,-8.017396007698759,0.3822975517890772,531,-0.045643900386931696,152180
ETHBTC,kyle_usd,300,2,600,10,f_seasonal,0.006950961042860161,1.6405082046117234,0.5103578154425612,531,-0.022974292321791014,152180
ETHBTC,kyle_usd,300,2,600,10,f_last,0.003081178112124129,0.8928405232530343,0.5291902071563088,531,-0.001174028502587526,152138
ETHBTC,kyle_usd,300,2,600,10,f_rv,0.1360360749527299,26.13238867513017,0.9340866290018832,531,0.2504404622285478,152138
ETHBTC,kyle_usd,300,2,600,10,f_abs_oi,-0.025268861431749105,-6.901784427924509,0.3634651600753296,531,-0.057175776041846656,152145
ETHBTC,kyle_usd,300,2,600,10,f_amihud,0.04162204530689401,9.907706676687495,0.711864406779661,531,0.09127781213461547,152145
ETHBTC,kyle_usd,300,2,600,60,f_har,0.004219464101903515,0.9126090196286212,0.4990583804143126,531,-0.024677347661907482,151822
ETHBTC,kyle_usd,300,2,600,60,f_trailing,-0.025095992637201622,-6.677028105738395,0.3879472693032015,531,-0.052806672029071015,152177
ETHBTC,kyle_usd,300,2,600,60,f_seasonal,0.007713455127242282,1.993911169278671,0.5480225988700564,531,-0.031852632630927656,152177
ETHBTC,kyle_usd,300,2,600,60,f_last,-0.0008160714793951655,-0.26175909064056196,0.4821092278719397,531,-0.011777401932770099,152135
ETHBTC,kyle_usd,300,2,600,60,f_rv,0.07853469302766516,20.008244102664143,0.847457627118644,531,0.1775005836632914,152135
ETHBTC,kyle_usd,300,2,600,60,f_abs_oi,-0.014789846128124713,-4.500367916579256,0.4143126177024482,531,-0.03474653606497472,152142
ETHBTC,kyle_usd,300,2,600,60,f_amihud,0.030941101918768976,8.99301935227242,0.6497175141242938,531,0.05834190163696869,152142
ETHBTC,kyle_usd,300,2,600,300,f_har,0.00851460904554418,2.590344221305209,0.5480225988700564,531,-0.005433277019757775,151283
ETHBTC,kyle_usd,300,2,600,300,f_trailing,-0.007153282169948088,-2.1432353271421585,0.4500941619585687,531,-0.020435911044401265,151631
ETHBTC,kyle_usd,300,2,600,300,f_seasonal,0.009374521028903269,3.0114606475863597,0.5386064030131826,531,-0.008449980704308694,151631
ETHBTC,kyle_usd,300,2,600,300,f_last,3.643267946025112e-05,0.012860675471547059,0.4858757062146893,531,-0.003980629733608836,151589
ETHBTC,kyle_usd,300,2,600,300,f_rv,0.035344363775475514,10.613343015034435,0.6986817325800376,531,0.09320032350127495,151589
ETHBTC,kyle_usd,300,2,600,300,f_abs_oi,-0.008647181156995287,-3.197645915710684,0.4726930320150659,531,-0.016604644403788803,151596
ETHBTC,kyle_usd,300,2,600,300,f_amihud,0.01614236495021,5.300213778237377,0.6120527306967984,531,0.032389630250836715,151596
ETHBTC,kyle_usd,300,2,600,-1,f_har->lambda,0.11468305608482186,26.219338646752576,0.9265536723163842,531,0.324256516463611,151822
ETHBTC,kyle_usd,300,2,600,-1,f_trailing->lambda,0.0020606167181909515,0.5129469428709423,0.5103578154425612,531,0.29936811096879223,152165
ETHBTC,kyle_usd,300,2,600,-1,f_seasonal->lambda,0.031096319738016694,8.15809456453844,0.6497175141242938,531,0.2645503174325057,152165
ETHBTC,kyle_usd,300,3,900,10,f_har,0.02197219336567687,3.5488070690302593,0.576271186440678,531,-0.0031107943597992968,151806
ETHBTC,kyle_usd,300,3,900,10,f_trailing,-0.03807670221239399,-7.832835660546063,0.384180790960452,531,-0.04592911588268012,152179
ETHBTC,kyle_usd,300,3,900,10,f_seasonal,0.00696064002198881,1.6444709400257984,0.5065913370998116,531,-0.023015960535143768,152179
ETHBTC,kyle_usd,300,3,900,10,f_last,0.00581537679989074,1.663894408259593,0.5141242937853108,531,0.001086237830489248,152122
ETHBTC,kyle_usd,300,3,900,10,f_rv,0.11810694940128386,22.958433222214996,0.911487758945386,531,0.23931732798278102,152122
ETHBTC,kyle_usd,300,3,900,10,f_abs_oi,-0.024828507408246586,-7.215293888252937,0.3502824858757062,531,-0.0566968028836362,152131
ETHBTC,kyle_usd,300,3,900,10,f_amihud,0.03710104804690133,9.631270241571734,0.6817325800376648,531,0.08733233221282688,152131
ETHBTC,kyle_usd,300,3,900,60,f_har,0.01172876596939774,2.57763046590211,0.5329566854990584,531,-0.022340807074224436,151806
ETHBTC,kyle_usd,300,3,900,60,f_trailing,-0.02513363868265729,-6.581450192721047,0.4011299435028249,531,-0.05295201982563749,152176
ETHBTC,kyle_usd,300,3,900,60,f_seasonal,0.0078024243210707165,2.019316128965265,0.5461393596986818,531,-0.03185816023808499,152176
ETHBTC,kyle_usd,300,3,900,60,f_last,-0.0022075522828009877,-0.7436027532749668,0.4689265536723164,531,-0.013043754023319056,152119
ETHBTC,kyle_usd,300,3,900,60,f_rv,0.06829110820752402,16.569817888674223,0.8248587570621468,531,0.1708225744922453,152119
ETHBTC,kyle_usd,300,3,900,60,f_abs_oi,-0.015096589164541607,-4.845385269911082,0.4105461393596987,531,-0.03480421329301767,152128
ETHBTC,kyle_usd,300,3,900,60,f_amihud,0.027593686657618684,8.302301221681752,0.6421845574387948,531,0.05493581753730947,152128
ETHBTC,kyle_usd,300,3,900,300,f_har,0.01244269299001573,3.8359055883406334,0.5856873822975518,531,-0.004569606004522795,151267
ETHBTC,kyle_usd,300,3,900,300,f_trailing,-0.007657591164136402,-2.264338374338587,0.4350282485875706,531,-0.021113031118455486,151630
ETHBTC,kyle_usd,300,3,900,300,f_seasonal,0.00941418685930498,3.026134061817438,0.5348399246704332,531,-0.008440637884476809,151630
ETHBTC,kyle_usd,300,3,900,300,f_last,-0.0026939739135429623,-0.9843622702638315,0.4821092278719397,531,-0.006961282683783311,151574
ETHBTC,kyle_usd,300,3,900,300,f_rv,0.03031305043430844,9.727186589155693,0.6836158192090396,531,0.08912544244703088,151574
ETHBTC,kyle_usd,300,3,900,300,f_abs_oi,-0.009004950739494146,-3.09485016856943,0.4500941619585687,531,-0.01715576918282327,151583
ETHBTC,kyle_usd,300,3,900,300,f_amihud,0.016187295935391727,5.503681702121693,0.6195856873822976,531,0.03175331018080682,151583
ETHBTC,kyle_usd,300,3,900,-1,f_har->lambda,0.0969316280327381,22.634458712701687,0.896421845574388,531,0.31728227703503026,151806
ETHBTC,kyle_usd,300,3,900,-1,f_trailing->lambda,-0.012470028794971713,-3.2253177115810714,0.4293785310734463,531,0.2962614494420743,152164
ETHBTC,kyle_usd,300,3,900,-1,f_seasonal->lambda,0.030882104190574373,8.091775421078705,0.6497175141242938,531,0.2644190801942358,152164
ETHBTC,kyle_usd,300,6,1800,10,f_har,0.03075073185766391,5.511881037254031,0.6101694915254238,531,-0.0025904085354640396,151766
ETHBTC,kyle_usd,300,6,1800,10,f_trailing,-0.040746088962045436,-8.696371447485438,0.3785310734463277,531,-0.04123157937582069,152176
ETHBTC,kyle_usd,300,6,1800,10,f_seasonal,0.007002637705829056,1.6580779406576402,0.5084745762711864,531,-0.023114179220004954,152176
ETHBTC,kyle_usd,300,6,1800,10,f_last,0.0012482361745679207,0.4003537775616709,0.4896421845574388,531,-0.005283926802666723,152079
ETHBTC,kyle_usd,300,6,1800,10,f_rv,0.08087501807593186,17.053351256650952,0.8210922787193974,531,0.21388077790392435,152079
ETHBTC,kyle_usd,300,6,1800,10,f_abs_oi,-0.021865417106471167,-6.125089893131821,0.3747645951035782,531,-0.05377297002782912,152090
ETHBTC,kyle_usd,300,6,1800,10,f_amihud,0.020000068512253097,5.067367866037964,0.576271186440678,531,0.07336043374543337,152090
ETHBTC,kyle_usd,300,6,1800,60,f_har,0.01702876382163064,3.878130095236264,0.5423728813559322,531,-0.022078898123913424,151766
ETHBTC,kyle_usd,300,6,1800,60,f_trailing,-0.026511931895492887,-7.944412758378769,0.3973634651600753,531,-0.04979277778985908,152173
ETHBTC,kyle_usd,300,6,1800,60,f_seasonal,0.007834209379740215,2.0306411361638803,0.5480225988700564,531,-0.03192841053372067,152173
ETHBTC,kyle_usd,300,6,1800,60,f_last,-0.003916135786140294,-1.3138947551060076,0.480225988700565,531,-0.016192583579767238,152077
ETHBTC,kyle_usd,300,6,1800,60,f_rv,0.047456580214265756,12.632163967636231,0.736346516007533,531,0.15657510510088818,152077
ETHBTC,kyle_usd,300,6,1800,60,f_abs_oi,-0.0114549417941092,-3.5433424980464308,0.4350282485875706,531,-0.03260045548833533,152088
ETHBTC,kyle_usd,300,6,1800,60,f_amihud,0.017061049120613764,5.227831309259024,0.5725047080979284,531,0.04701096928379849,152088
ETHBTC,kyle_usd,300,6,1800,300,f_har,0.015212773450967875,4.523671140625212,0.5800376647834274,531,-0.004174789362113672,151227
ETHBTC,kyle_usd,300,6,1800,300,f_trailing,-0.009188422832814203,-2.8718851237254897,0.4274952919020716,531,-0.019952879156493273,151627
ETHBTC,kyle_usd,300,6,1800,300,f_seasonal,0.009542485680349568,3.0718916396439773,0.536723163841808,531,-0.008465060257436893,151627
ETHBTC,kyle_usd,300,6,1800,300,f_last,0.001719037269580745,0.690444121645152,0.5028248587570622,531,-0.004608339492136891,151533
ETHBTC,kyle_usd,300,6,1800,300,f_rv,0.022209027238903164,7.600632619282434,0.6026365348399246,531,0.0836293100770366,151533
ETHBTC,kyle_usd,300,6,1800,300,f_abs_oi,-0.004583696712846398,-1.5001890026404958,0.4783427495291902,531,-0.01318297736861451,151543
ETHBTC,kyle_usd,300,6,1800,300,f_amihud,0.009624197084328174,3.3612692807149487,0.5536723163841808,531,0.02625752055664725,151543
ETHBTC,kyle_usd,300,6,1800,-1,f_har->lambda,0.06736181239418243,16.94372702952483,0.7890772128060264,531,0.30626109793420436,151766
ETHBTC,kyle_usd,300,6,1800,-1,f_trailing->lambda,-0.038219697558536436,-9.950795515669014,0.3032015065913371,531,0.2915569399865108,152161
ETHBTC,kyle_usd,300,6,1800,-1,f_seasonal->lambda,0.030565167326613064,7.9961974315346795,0.6516007532956686,531,0.2641379467635634,152161
ETHBTC,kyle_usd,300,12,3600,10,f_har,0.011293590443902273,2.5481659421976577,0.5404896421845574,531,-0.013307709843915008,151680
ETHBTC,kyle_usd,300,12,3600,10,f_trailing,-0.03636608685985334,-8.06467115924206,0.3879472693032015,531,-0.04038538092403247,152170
ETHBTC,kyle_usd,300,12,3600,10,f_seasonal,0.007249779031084664,1.7129367808125415,0.5084745762711864,531,-0.02325813610450466,152170
ETHBTC,kyle_usd,300,12,3600,10,f_last,-0.001688192446086635,-0.5775444323176038,0.5160075329566854,531,-0.007413380574199307,151998
ETHBTC,kyle_usd,300,12,3600,10,f_rv,0.05520071641446599,12.383688340697818,0.7401129943502824,531,0.19700392264331912,151998
ETHBTC,kyle_usd,300,12,3600,10,f_abs_oi,-0.014173889722916801,-4.032090711133658,0.4218455743879473,531,-0.04661658562069427,152009
ETHBTC,kyle_usd,300,12,3600,10,f_amihud,0.016894301978525726,4.653456897164779,0.5988700564971752,531,0.06987797008887081,152009
ETHBTC,kyle_usd,300,12,3600,60,f_har,0.006945522652310576,1.9525130132460504,0.5103578154425612,531,-0.02970845202406051,151680
ETHBTC,kyle_usd,300,12,3600,60,f_trailing,-0.02338458399020514,-7.1354916132568365,0.4143126177024482,531,-0.0488807441923472,152167
ETHBTC,kyle_usd,300,12,3600,60,f_seasonal,0.008131362818616797,2.104968670526368,0.544256120527307,531,-0.03197550913856813,152167
ETHBTC,kyle_usd,300,12,3600,60,f_last,0.0020410406294911064,0.8064812024374178,0.5141242937853108,531,-0.011221595457149973,151995
ETHBTC,kyle_usd,300,12,3600,60,f_rv,0.03629054397995698,10.939712309014931,0.6892655367231638,531,0.1484312365707958,151995
ETHBTC,kyle_usd,300,12,3600,60,f_abs_oi,-0.00714371019242704,-2.2577796663605234,0.4500941619585687,531,-0.02759987125775674,152006
ETHBTC,kyle_usd,300,12,3600,60,f_amihud,0.013682304690418031,4.506723359203992,0.5743879472693032,531,0.04272459951348572,152006
ETHBTC,kyle_usd,300,12,3600,300,f_har,0.011655635003082011,3.7166188391869452,0.5499058380414312,531,-0.008207044515393919,151141
ETHBTC,kyle_usd,300,12,3600,300,f_trailing,-0.008119151257259552,-2.661768373907107,0.455743879472693,531,-0.01956616421954528,151621
ETHBTC,kyle_usd,300,12,3600,300,f_seasonal,0.009641783201294343,3.0893192535215563,0.5386064030131826,531,-0.008453891436022027,151621
ETHBTC,kyle_usd,300,12,3600,300,f_last,0.004009515816071563,1.5159488809653134,0.5065913370998116,531,-0.003746813093016359,151449
ETHBTC,kyle_usd,300,12,3600,300,f_rv,0.02005710715183477,6.791445717704602,0.6045197740112994,531,0.07974121961658755,151449
ETHBTC,kyle_usd,300,12,3600,300,f_abs_oi,-0.0027540441762666052,-1.0174972423086543,0.480225988700565,531,-0.010574989413435612,151460
ETHBTC,kyle_usd,300,12,3600,300,f_amihud,0.012481519528514923,4.183472247587561,0.5649717514124294,531,0.027609794415649473,151460
ETHBTC,kyle_usd,300,12,3600,-1,f_har->lambda,0.03936988010250881,11.34287706826706,0.6892655367231638,531,0.29801688456504594,151680
ETHBTC,kyle_usd,300,12,3600,-1,f_trailing->lambda,-0.051078683771829524,-14.147834368994339,0.24858757062146894,531,0.28726875798019824,152155
ETHBTC,kyle_usd,300,12,3600,-1,f_seasonal->lambda,0.030028449012393387,7.819943155591532,0.647834274952919,531,0.2637340672534442,152155
ETHBTC,kyle_usd,300,24,7200,10,f_har,-0.0052731773607876545,-1.2934791550159597,0.4745762711864407,531,-0.023748619572025426,151544
ETHBTC,kyle_usd,300,24,7200,10,f_trailing,-0.03124097657669171,-6.011552508600024,0.4030131826741996,531,-0.03705680222591946,152158
ETHBTC,kyle_usd,300,24,7200,10,f_seasonal,0.007362953850516713,1.7333966087919443,0.5065913370998116,531,-0.02347916645154112,152158
ETHBTC,kyle_usd,300,24,7200,10,f_last,0.0008023433460471259,0.2911600605353487,0.504708097928437,531,-0.004780202713887264,151862
ETHBTC,kyle_usd,300,24,7200,10,f_rv,0.03657082446269179,9.956291627495027,0.672316384180791,531,0.18518155570951647,151862
ETHBTC,kyle_usd,300,24,7200,10,f_abs_oi,-0.004899265276332374,-1.4784552452497781,0.4613935969868173,531,-0.037776879720571845,151881
ETHBTC,kyle_usd,300,24,7200,10,f_amihud,0.003332208420931,0.9596637896255071,0.527306967984934,531,0.05610423760129655,151881
ETHBTC,kyle_usd,300,24,7200,60,f_har,-0.004527172693379961,-1.3531501475759482,0.4745762711864407,531,-0.0370678002224972,151544
ETHBTC,kyle_usd,300,24,7200,60,f_trailing,-0.019782249718944194,-5.5072162095542785,0.4406779661016949,531,-0.04583279387670304,152155
ETHBTC,kyle_usd,300,24,7200,60,f_seasonal,0.008114921910552974,2.093948941293419,0.544256120527307,531,-0.032088713707159676,152155
ETHBTC,kyle_usd,300,24,7200,60,f_last,7.778467858586701e-05,0.031236639668179623,0.4839924670433145,531,-0.012871344395314663,151859
ETHBTC,kyle_usd,300,24,7200,60,f_rv,0.020775153406821657,6.974401936976084,0.6139359698681732,531,0.14012771950966552,151859
ETHBTC,kyle_usd,300,24,7200,60,f_abs_oi,-0.00013491545648504138,-0.04799434780730885,0.4971751412429379,531,-0.02114323174685277,151878
ETHBTC,kyle_usd,300,24,7200,60,f_amihud,0.0013153721246865174,0.43446252248109696,0.4839924670433145,531,0.03144530165021625,151878
ETHBTC,kyle_usd,300,24,7200,300,f_har,0.003752922307566368,1.0981930526675006,0.5216572504708098,531,-0.011957807007032778,151005
ETHBTC,kyle_usd,300,24,7200,300,f_trailing,-0.010083915484158816,-2.9750721173246433,0.448210922787194,531,-0.018832755842558422,151609
ETHBTC,kyle_usd,300,24,7200,300,f_seasonal,0.00962702271353805,3.077518866606498,0.5404896421845574,531,-0.008485022480993016,151609
ETHBTC,kyle_usd,300,24,7200,300,f_last,7.772533452791011e-05,0.029805541519356583,0.512241054613936,531,-0.0054015484213367874,151314
ETHBTC,kyle_usd,300,24,7200,300,f_rv,0.009270286876445018,3.709511042013407,0.5536723163841808,531,0.07396258425486306,151314
ETHBTC,kyle_usd,300,24,7200,300,f_abs_oi,-0.002085070072317286,-0.8144217914052941,0.4783427495291902,531,-0.011330963715351005,151333
ETHBTC,kyle_usd,300,24,7200,300,f_amihud,0.004602689315759878,1.6149393048570158,0.5216572504708098,531,0.019974502211965454,151333
ETHBTC,kyle_usd,300,24,7200,-1,f_har->lambda,0.019612674298248246,5.50199863079275,0.5819209039548022,531,0.2914729717235697,151544
ETHBTC,kyle_usd,300,24,7200,-1,f_trailing->lambda,-0.06657335971755811,-17.008403957967612,0.2184557438794727,531,0.2824712527466194,152143
ETHBTC,kyle_usd,300,24,7200,-1,f_seasonal->lambda,0.02978354899596042,7.730179417165116,0.6497175141242938,531,0.2631444801207941,152143
LTCBTC,kyle_usd,300,1,300,10,f_har,0.004961235109182811,0.845287366817211,0.544256120527307,531,0.00853793603909171,151825
LTCBTC,kyle_usd,300,1,300,10,f_trailing,-0.04686942468394866,-9.873022352536031,0.3333333333333333,531,-0.0001080673413776092,152181
LTCBTC,kyle_usd,300,1,300,10,f_seasonal,-0.012414328258732127,-3.639354203402397,0.4350282485875706,531,0.006399802984956401,152181
LTCBTC,kyle_usd,300,1,300,10,f_last,0.022152960207881624,6.888696281238948,0.6421845574387948,531,0.032357412506741325,152154
LTCBTC,kyle_usd,300,1,300,10,f_rv,0.15061800071771236,28.46371924466836,0.9566854990583804,531,0.1762185785800873,152154
LTCBTC,kyle_usd,300,1,300,10,f_abs_oi,-0.03472164393896982,-8.024083379795256,0.3370998116760829,531,-0.07227796200563338,152161
LTCBTC,kyle_usd,300,1,300,10,f_amihud,0.01337246273617152,2.147999774835139,0.5461393596986818,531,0.03500426339832037,152161
LTCBTC,kyle_usd,300,1,300,60,f_har,-0.017493816926653163,-4.054610958334949,0.4048964218455744,531,0.004087518128857637,151825
LTCBTC,kyle_usd,300,1,300,60,f_trailing,-0.03205132290185622,-7.791148598379316,0.3502824858757062,531,0.008107307282968951,152178
LTCBTC,kyle_usd,300,1,300,60,f_seasonal,-0.006438262357333075,-2.264785967579322,0.4670433145009416,531,0.013189414866581612,152178
LTCBTC,kyle_usd,300,1,300,60,f_last,-0.0047667420389807666,-1.508219640667376,0.4726930320150659,531,0.005344539809530519,152151
LTCBTC,kyle_usd,300,1,300,60,f_rv,0.07702943254029368,20.239153988063062,0.8305084745762712,531,0.09938342076441196,152151
LTCBTC,kyle_usd,300,1,300,60,f_abs_oi,-0.020324001161604547,-7.144381280987097,0.3992467043314501,531,-0.03864711808471709,152158
LTCBTC,kyle_usd,300,1,300,60,f_amihud,0.015182804594973405,3.327972156416983,0.5649717514124294,531,0.05318046219078255,152158
LTCBTC,kyle_usd,300,1,300,300,f_har,-0.015966146964207683,-4.80436334691086,0.3879472693032015,531,0.009307316303163142,151286
LTCBTC,kyle_usd,300,1,300,300,f_trailing,-0.012756747300135811,-4.0212502275761475,0.4350282485875706,531,0.017924278000834855,151630
LTCBTC,kyle_usd,300,1,300,300,f_seasonal,-0.0002914613876422131,-0.10121698090292716,0.4915254237288136,531,0.021583372797096902,151630
LTCBTC,kyle_usd,300,1,300,300,f_last,-0.00786099520911245,-2.7370642342818194,0.4293785310734463,531,0.0008387800172502904,151603
LTCBTC,kyle_usd,300,1,300,300,f_rv,0.03394045787104922,11.147017771013642,0.6836158192090396,531,0.05300920761801753,151603
LTCBTC,kyle_usd,300,1,300,300,f_abs_oi,-0.013885901224731082,-4.903464325971389,0.4293785310734463,531,-0.01971369131073836,151610
LTCBTC,kyle_usd,300,1,300,300,f_amihud,0.0037850613156626906,1.00918921196526,0.5216572504708098,531,0.03665200967613304,151610
LTCBTC,kyle_usd,300,1,300,-1,f_har->lambda,0.1500270830078637,39.42839777733915,0.9830508474576272,531,0.2962986028339771,151825
LTCBTC,kyle_usd,300,1,300,-1,f_trailing->lambda,-0.02695932045773318,-9.290219197367112,0.3107344632768362,531,0.2531251466216453,152163
LTCBTC,kyle_usd,300,1,300,-1,f_seasonal->lambda,0.005815574128210519,1.5781764343532325,0.5348399246704332,531,0.2294335152529482,152163
LTCBTC,kyle_usd,300,2,600,10,f_har,-0.03393739304176776,-5.687306512139942,0.3898305084745763,531,-0.01195343923636139,151805
LTCBTC,kyle_usd,300,2,600,10,f_trailing,-0.04776740247205289,-10.115438534530329,0.3483992467043315,531,-0.0006414278352168847,152180
LTCBTC,kyle_usd,300,2,600,10,f_seasonal,-0.01240002381382531,-3.629237887563373,0.4369114877589454,531,0.006388993076363583,152180
LTCBTC,kyle_usd,300,2,600,10,f_last,0.0006827548381955287,0.2653480381124322,0.504708097928437,531,0.011850379023029501,152136
LTCBTC,kyle_usd,300,2,600,10,f_rv,0.10926625023824355,21.018709838252732,0.8832391713747646,531,0.14667884309389134,152136
LTCBTC,kyle_usd,300,2,600,10,f_abs_oi,-0.030586431466382187,-7.568801929002964,0.3408662900188324,531,-0.06989432557933943,152145
LTCBTC,kyle_usd,300,2,600,10,f_amihud,0.005318926611663389,0.9483900199922056,0.5254237288135594,531,0.03008804177164579,152145
LTCBTC,kyle_usd,300,2,600,60,f_har,-0.026278487224082218,-5.912351489796074,0.3540489642184557,531,-0.0024957360645518345,151805
LTCBTC,kyle_usd,300,2,600,60,f_trailing,-0.030426285510958554,-7.4638698176804255,0.3672316384180791,531,0.008107831845187083,152177
LTCBTC,kyle_usd,300,2,600,60,f_seasonal,-0.006394109036841365,-2.2509903582760846,0.4689265536723164,531,0.013192039352657064,152177
LTCBTC,kyle_usd,300,2,600,60,f_last,-0.006484938583225766,-2.482281194810016,0.4670433145009416,531,0.003702323181646473,152133
LTCBTC,kyle_usd,300,2,600,60,f_rv,0.06410630531508739,16.8884893464549,0.7984934086629002,531,0.08861534668779253,152133
LTCBTC,kyle_usd,300,2,600,60,f_abs_oi,-0.017487490525539544,-6.054722250244594,0.4086629001883239,531,-0.03684820234779309,152142
LTCBTC,kyle_usd,300,2,600,60,f_amihud,0.011451336470887655,2.6102785502238652,0.5612052730696798,531,0.050714928343315084,152142
LTCBTC,kyle_usd,300,2,600,300,f_har,-0.012036555864543377,-3.971481123888903,0.4256120527306968,531,0.010288750241703283,151266
LTCBTC,kyle_usd,300,2,600,300,f_trailing,-0.01102120599477847,-3.4368231938597846,0.4406779661016949,531,0.018104304271542,151629
LTCBTC,kyle_usd,300,2,600,300,f_seasonal,-0.00028091500872838576,-0.09761881442966791,0.4915254237288136,531,0.021588468294057032,151629
LTCBTC,kyle_usd,300,2,600,300,f_last,-0.00437412445767136,-1.569581551348062,0.4576271186440678,531,0.004302382251530997,151585
LTCBTC,kyle_usd,300,2,600,300,f_rv,0.03454369073869629,10.672935539388309,0.6836158192090396,531,0.052409112734658175,151585
LTCBTC,kyle_usd,300,2,600,300,f_abs_oi,-0.01354389532680889,-4.6718101533881615,0.3973634651600753,531,-0.020029161356573292,151594
LTCBTC,kyle_usd,300,2,600,300,f_amihud,0.00438328013432198,1.3232250756990849,0.5348399246704332,531,0.037038214347357205,151594
LTCBTC,kyle_usd,300,2,600,-1,f_har->lambda,0.08572172350867702,17.150089016236535,0.8662900188323918,531,0.27210604564022783,151805
LTCBTC,kyle_usd,300,2,600,-1,f_trailing->lambda,-0.03645110997590706,-11.990448942062795,0.2711864406779661,531,0.25086310064470535,152162
LTCBTC,kyle_usd,300,2,600,-1,f_seasonal->lambda,0.005624244095542713,1.5267262199165825,0.5329566854990584,531,0.22932766135836108,152162
LTCBTC,kyle_usd,300,3,900,10,f_har,-0.03729409616837702,-6.40432484539304,0.3634651600753296,531,-0.013034959389883853,151790
LTCBTC,kyle_usd,300,3,900,10,f_trailing,-0.04653453913619647,-10.006178921125803,0.3483992467043315,531,-0.0007234626418691923,152179
LTCBTC,kyle_usd,300,3,900,10,f_seasonal,-0.012435102898185616,-3.6395397683807085,0.4331450094161959,531,0.00638166451554358,152179
LTCBTC,kyle_usd,300,3,900,10,f_last,0.0012745203165099536,0.4810675537376275,0.527306967984934,531,0.014168331754497538,152120
LTCBTC,kyle_usd,300,3,900,10,f_rv,0.0925798151405663,19.298400171904177,0.8512241054613936,531,0.13479431745275489,152120
LTCBTC,kyle_usd,300,3,900,10,f_abs_oi,-0.027785986819256665,-7.314650130400824,0.3446327683615819,531,-0.06753654472907746,152131
LTCBTC,kyle_usd,300,3,900,10,f_amihud,0.004495693676784766,0.8732223809762343,0.5461393596986818,531,0.02985727135618057,152131
LTCBTC,kyle_usd,300,3,900,60,f_har,-0.02537933476555374,-5.665167882502244,0.3822975517890772,531,-0.001969109152572172,151790
LTCBTC,kyle_usd,300,3,900,60,f_trailing,-0.02933394251414837,-7.296404169959481,0.3785310734463277,531,0.0081653598480604,152176
LTCBTC,kyle_usd,300,3,900,60,f_seasonal,-0.0064470656955511385,-2.269286462907696,0.4651600753295669,531,0.013180362171502716,152176
LTCBTC,kyle_usd,300,3,900,60,f_last,-0.0034122672249945166,-1.2367674202510366,0.5028248587570622,531,0.007115260265317037,152117
LTCBTC,kyle_usd,300,3,900,60,f_rv,0.05726941762529014,16.0666786537089,0.768361581920904,531,0.08344649659370605,152117
LTCBTC,kyle_usd,300,3,900,60,f_abs_oi,-0.015710981076258304,-5.17391683498899,0.4293785310734463,531,-0.03586189026895938,152128
LTCBTC,kyle_usd,300,3,900,60,f_amihud,0.010242787076722257,2.5246590895302945,0.5612052730696798,531,0.04954650963161092,152128
LTCBTC,kyle_usd,300,3,900,300,f_har,-0.010973104374233733,-3.2559541036397017,0.4331450094161959,531,0.010843844332683794,151251
LTCBTC,kyle_usd,300,3,900,300,f_trailing,-0.010488296285424676,-3.2745858416714544,0.4387947269303202,531,0.018133932396088487,151628
LTCBTC,kyle_usd,300,3,900,300,f_seasonal,-0.0002412892760439237,-0.0836852986670263,0.4952919020715631,531,0.0215845859157476,151628
LTCBTC,kyle_usd,300,3,900,300,f_last,-0.007273630132099226,-2.6758855463416804,0.4670433145009416,531,0.001971995103385121,151570
LTCBTC,kyle_usd,300,3,900,300,f_rv,0.029949734847870287,10.386808341840176,0.6760828625235404,531,0.0495644053431062,151570
LTCBTC,kyle_usd,300,3,900,300,f_abs_oi,-0.011763241863563615,-4.394260754806242,0.416195856873823,531,-0.01816506554538261,151581
LTCBTC,kyle_usd,300,3,900,300,f_amihud,0.004028647989598444,1.2913744589982938,0.5178907721280602,531,0.037049030921772,151581
LTCBTC,kyle_usd,300,3,900,-1,f_har->lambda,0.0658291515814192,13.486568133417753,0.7947269303201506,531,0.26621536470873525,151790
LTCBTC,kyle_usd,300,3,900,-1,f_trailing->lambda,-0.040386331122934355,-13.634972284223627,0.256120527306968,531,0.24963375389274203,152161
LTCBTC,kyle_usd,300,3,900,-1,f_seasonal->lambda,0.005486134676744823,1.4888972653880617,0.5310734463276836,531,0.22925658470579538,152161
LTCBTC,kyle_usd,300,6,1800,10,f_har,-0.029563013493536915,-5.370857783261312,0.3804143126177024,531,-0.008695336320195705,151751
LTCBTC,kyle_usd,300,6,1800,10,f_trailing,-0.043896794700772714,-9.233192364391703,0.352165725047081,531,-0.0009249310842276186,152176
LTCBTC,kyle_usd,300,6,1800,10,f_seasonal,-0.012330226607142244,-3.6157435844212507,0.4350282485875706,531,0.0063750681349548245,152176
LTCBTC,kyle_usd,300,6,1800,10,f_last,0.00031440592981537576,0.1409886665033282,0.5065913370998116,531,0.012390161714825442,152077
LTCBTC,kyle_usd,300,6,1800,10,f_rv,0.06993167571709871,16.859362662015617,0.7871939736346516,531,0.11869451758710334,152077
LTCBTC,kyle_usd,300,6,1800,10,f_abs_oi,-0.022642335643225413,-6.774001498322693,0.3973634651600753,531,-0.06337459220590913,152090
LTCBTC,kyle_usd,300,6,1800,10,f_amihud,-0.0022322264275285047,-0.5452655263344096,0.4821092278719397,531,0.026244594838585062,152090
LTCBTC,kyle_usd,300,6,1800,60,f_har,-0.017146672971993435,-4.12386838941603,0.416195856873823,531,0.0018822481173330443,151751
LTCBTC,kyle_usd,300,6,1800,60,f_trailing,-0.026237969167802123,-6.628024367369641,0.3822975517890772,531,0.008303412312207539,152173
LTCBTC,kyle_usd,300,6,1800,60,f_seasonal,-0.006414876400134602,-2.254772597169976,0.4689265536723164,531,0.013168982877024721,152173
LTCBTC,kyle_usd,300,6,1800,60,f_last,-0.0033027764989743513,-1.3103647759084542,0.4821092278719397,531,0.006589172706894502,152075
LTCBTC,kyle_usd,300,6,1800,60,f_rv,0.04464344097580114,14.295071264791927,0.7419962335216572,531,0.07594634650339396,152075
LTCBTC,kyle_usd,300,6,1800,60,f_abs_oi,-0.012739142395432472,-4.068933136963797,0.448210922787194,531,-0.0332555067008897,152088
LTCBTC,kyle_usd,300,6,1800,60,f_amihud,0.005226313468882816,1.4741013006870043,0.5461393596986818,531,0.04619053423121677,152088
LTCBTC,kyle_usd,300,6,1800,300,f_har,-0.005163732649983063,-1.6254496998386367,0.4783427495291902,531,0.0136936897849902,151212
LTCBTC,kyle_usd,300,6,1800,300,f_trailing,-0.007768913563927332,-2.4095665590452904,0.4670433145009416,531,0.018305585831139618,151625
LTCBTC,kyle_usd,300,6,1800,300,f_seasonal,-0.00018722427653185158,-0.06488031121989433,0.4990583804143126,531,0.021601906587567013,151625
LTCBTC,kyle_usd,300,6,1800,300,f_last,-0.0034724077479365793,-1.3663226151246313,0.4595103578154426,531,0.006218170746991402,151529
LTCBTC,kyle_usd,300,6,1800,300,f_rv,0.02264999226441211,7.1604854931326045,0.6139359698681732,531,0.04436009794643909,151529
LTCBTC,kyle_usd,300,6,1800,300,f_abs_oi,-0.00814755544426599,-3.276505811019506,0.4519774011299435,531,-0.014479212800301696,151541
LTCBTC,kyle_usd,300,6,1800,300,f_amihud,0.004554882937374446,1.4807170827373,0.5310734463276836,531,0.037387687755087634,151541
LTCBTC,kyle_usd,300,6,1800,-1,f_har->lambda,0.040126262055479346,9.592700379133449,0.7062146892655368,531,0.2588770133829999,151751
LTCBTC,kyle_usd,300,6,1800,-1,f_trailing->lambda,-0.046865363334979336,-16.024690811890014,0.21092278719397364,531,0.24735859620253406,152158
LTCBTC,kyle_usd,300,6,1800,-1,f_seasonal->lambda,0.005219520542892782,1.4164506069246778,0.527306967984934,531,0.22908647540488822,152158
LTCBTC,kyle_usd,300,12,3600,10,f_har,-0.016897232244942266,-3.6553112374641707,0.4406779661016949,531,0.0005822340562143858,151665
LTCBTC,kyle_usd,300,12,3600,10,f_trailing,-0.03983089259876063,-8.00556645309801,0.327683615819209,531,0.0009754048504472314,152170
LTCBTC,kyle_usd,300,12,3600,10,f_seasonal,-0.012397188296635372,-3.6110681850586346,0.4369114877589454,531,0.006385038034493971,152170
LTCBTC,kyle_usd,300,12,3600,10,f_last,-0.0016181348339986926,-0.5930563420487751,0.480225988700565,531,0.008355183567971323,151996
LTCBTC,kyle_usd,300,12,3600,10,f_rv,0.04311138717801441,10.914185584063256,0.696798493408663,531,0.09981113728382537,151996
LTCBTC,kyle_usd,300,12,3600,10,f_abs_oi,-0.015595535565027725,-4.964418425779254,0.4180790960451977,531,-0.05663767934161284,152009
LTCBTC,kyle_usd,300,12,3600,10,f_amihud,-0.007536310373023662,-1.930955119945097,0.455743879472693,531,0.021608322206778798,152009
LTCBTC,kyle_usd,300,12,3600,60,f_har,-0.010812628121552351,-2.712225637316765,0.4500941619585687,531,0.007794153760207677,151665
LTCBTC,kyle_usd,300,12,3600,60,f_trailing,-0.022220758787799978,-5.384469598395495,0.4086629001883239,531,0.010599638471139079,152167
LTCBTC,kyle_usd,300,12,3600,60,f_seasonal,-0.0064417454826755345,-2.2519194431054306,0.4670433145009416,531,0.013174242013353555,152167
LTCBTC,kyle_usd,300,12,3600,60,f_last,-0.0011317782793503865,-0.4444555147153689,0.5103578154425612,531,0.0073298175939027115,151993
LTCBTC,kyle_usd,300,12,3600,60,f_rv,0.02964311191544674,8.714272397576144,0.647834274952919,531,0.06289951810379056,151993
LTCBTC,kyle_usd,300,12,3600,60,f_abs_oi,-0.009347718557896022,-3.3242812834103947,0.4387947269303202,531,-0.02915477961702547,152006
LTCBTC,kyle_usd,300,12,3600,60,f_amihud,-0.003497803269805255,-1.082064510469378,0.4595103578154426,531,0.04039469168532167,152006
LTCBTC,kyle_usd,300,12,3600,300,f_har,-0.000987888051427787,-0.3112607724455444,0.4934086629001883,531,0.01701782289963502,151126
LTCBTC,kyle_usd,300,12,3600,300,f_trailing,-0.004795030580017863,-1.3666356378286342,0.4764595103578154,531,0.020005652322720096,151619
LTCBTC,kyle_usd,300,12,3600,300,f_seasonal,-0.00013228008604474037,-0.04568114915446811,0.4971751412429379,531,0.02159757615563915,151619
LTCBTC,kyle_usd,300,12,3600,300,f_last,0.003145585550705764,1.2381459353643927,0.5555555555555556,531,0.011589697098019514,151445
LTCBTC,kyle_usd,300,12,3600,300,f_rv,0.018868429143483134,6.490497948884777,0.6101694915254238,531,0.0399461047423309,151445
LTCBTC,kyle_usd,300,12,3600,300,f_abs_oi,-0.005061111289605166,-1.934102117860472,0.4689265536723164,531,-0.010184048520191995,151458
LTCBTC,kyle_usd,300,12,3600,300,f_amihud,-0.0025059788606738784,-0.8452608033805199,0.4858757062146893,531,0.03282050964831773,151458
LTCBTC,kyle_usd,300,12,3600,-1,f_har->lambda,0.013001178954502398,4.082232338533727,0.5612052730696798,531,0.252646161902472,151665
LTCBTC,kyle_usd,300,12,3600,-1,f_trailing->lambda,-0.0565377091747943,-16.265012350306062,0.2071563088512241,531,0.24525535879246685,152152
LTCBTC,kyle_usd,300,12,3600,-1,f_seasonal->lambda,0.004849003403286545,1.3063171211117908,0.527306967984934,531,0.2288492510603048,152152
LTCBTC,kyle_usd,300,24,7200,10,f_har,-0.02216087903876058,-5.005777736670856,0.4143126177024482,531,0.0033240249093910274,151528
LTCBTC,kyle_usd,300,24,7200,10,f_trailing,-0.036880171285120715,-7.326290056985365,0.3446327683615819,531,0.003373088196991867,152158
LTCBTC,kyle_usd,300,24,7200,10,f_seasonal,-0.012417696024674213,-3.580156982509374,0.4406779661016949,531,0.00633900040994607,152158
LTCBTC,kyle_usd,300,24,7200,10,f_last,-0.002729281551723444,-1.0370264713502544,0.4990583804143126,531,0.008860416765969565,151860
LTCBTC,kyle_usd,300,24,7200,10,f_rv,0.032791421704720776,9.292829367444508,0.6572504708097928,531,0.0905673590669993,151860
LTCBTC,kyle_usd,300,24,7200,10,f_abs_oi,-0.013833693964554828,-4.497659185760826,0.4331450094161959,531,-0.05524176285206449,151881
LTCBTC,kyle_usd,300,24,7200,10,f_amihud,-0.010473941544498344,-2.923481753765849,0.455743879472693,531,0.018098380653810125,151881
LTCBTC,kyle_usd,300,24,7200,60,f_har,-0.012899116321010956,-3.559194795312474,0.4576271186440678,531,0.009715968437225261,151528
LTCBTC,kyle_usd,300,24,7200,60,f_trailing,-0.018668287380315906,-4.464876416185632,0.4011299435028249,531,0.011450156848348346,152155
LTCBTC,kyle_usd,300,24,7200,60,f_seasonal,-0.00629082750088997,-2.1838411508977305,0.4670433145009416,531,0.013124979531582983,152155
LTCBTC,kyle_usd,300,24,7200,60,f_last,-0.002021844371792918,-0.7750064910138152,0.4952919020715631,531,0.008282202448426432,151857
LTCBTC,kyle_usd,300,24,7200,60,f_rv,0.018318591704387058,6.036502878512564,0.5969868173258004,531,0.05413683476955761,151857
LTCBTC,kyle_usd,300,24,7200,60,f_abs_oi,-0.006139839382889381,-2.2137922816452202,0.4519774011299435,531,-0.02740088315333977,151878
LTCBTC,kyle_usd,300,24,7200,60,f_amihud,0.0004466553667144727,0.1534492252462358,0.5009416195856874,531,0.040438573841131274,151878
LTCBTC,kyle_usd,300,24,7200,300,f_har,-0.0009968473287285673,-0.3178164631131652,0.5084745762711864,531,0.018158350850452896,150989
LTCBTC,kyle_usd,300,24,7200,300,f_trailing,-0.00574933035703293,-1.742577939274495,0.455743879472693,531,0.020506744960135798,151607
LTCBTC,kyle_usd,300,24,7200,300,f_seasonal,-0.0002773291689343728,-0.09580388446185391,0.5009416195856874,531,0.021523682029553143,151607
LTCBTC,kyle_usd,300,24,7200,300,f_last,-0.0006580091785369455,-0.24496819252347923,0.4934086629001883,531,0.007339620377995892,151311
LTCBTC,kyle_usd,300,24,7200,300,f_rv,0.009945462044827805,3.9648362608667216,0.5536723163841808,531,0.03408394996737646,151311
LTCBTC,kyle_usd,300,24,7200,300,f_abs_oi,-0.00619243707321833,-2.328781270419198,0.4500941619585687,531,-0.012725764037905513,151332
LTCBTC,kyle_usd,300,24,7200,300,f_amihud,-4.0750168321487785e-05,-0.01437729658556465,0.4896421845574388,531,0.03399887176248586,151332
LTCBTC,kyle_usd,300,24,7200,-1,f_har->lambda,-0.01321003390142768,-4.054958124647597,0.4124293785310734,531,0.24870319116163822,151528
LTCBTC,kyle_usd,300,24,7200,-1,f_trailing->lambda,-0.06529687597931405,-16.20944405927058,0.19962335216572505,531,0.24292343785270398,152140
LTCBTC,kyle_usd,300,24,7200,-1,f_seasonal->lambda,0.004772099101635058,1.2783952196906625,0.5216572504708098,531,0.22847760120191607,152140
NEOUSDT,kyle_usd,300,1,300,10,f_har,-0.028914325601328894,-4.836671176695796,0.3822975517890772,531,0.013145222262572358,145830
NEOUSDT,kyle_usd,300,1,300,10,f_trailing,-0.055924848950448025,-12.637207026545997,0.3069679849340866,531,0.013905628700752605,150685
NEOUSDT,kyle_usd,300,1,300,10,f_seasonal,0.0053530693519805396,1.3803522793874863,0.5103578154425612,531,0.040383949859224055,150685
NEOUSDT,kyle_usd,300,1,300,10,f_last,0.023047372733031216,7.3410499716810875,0.6421845574387948,531,0.04323224261686381,147869
NEOUSDT,kyle_usd,300,1,300,10,f_rv,0.14314529905096932,27.693052278223654,0.935969868173258,531,0.2694600263703017,147869
NEOUSDT,kyle_usd,300,1,300,10,f_abs_oi,-0.037187528834630564,-10.715691240325572,0.3032015065913371,531,-0.09374865382545927,149910
NEOUSDT,kyle_usd,300,1,300,10,f_amihud,-0.023224867854332854,-4.998495738843092,0.3898305084745763,531,-0.06939639973156102,149910
NEOUSDT,kyle_usd,300,1,300,60,f_har,-0.05328989242711464,-12.90343610140373,0.23540489642184556,531,0.0106132087592528,145822
NEOUSDT,kyle_usd,300,1,300,60,f_trailing,-0.0367385905907472,-9.42094732190133,0.35969868173258,531,0.03203245731818194,150354
NEOUSDT,kyle_usd,300,1,300,60,f_seasonal,0.00119272076220501,0.3594532120505889,0.504708097928437,531,0.05248472933208438,150354
NEOUSDT,kyle_usd,300,1,300,60,f_last,-0.0015677845878001263,-0.49643153376649224,0.4821092278719397,531,0.018803583529484,147617
NEOUSDT,kyle_usd,300,1,300,60,f_rv,0.09354289140815876,21.678847166284523,0.8681732580037664,531,0.19767975266379373,147617
NEOUSDT,kyle_usd,300,1,300,60,f_abs_oi,-0.031244297826857587,-10.563233635596667,0.3333333333333333,531,-0.06218725145645402,149605
NEOUSDT,kyle_usd,300,1,300,60,f_amihud,-0.017272947138550446,-4.168097188394874,0.4086629001883239,531,-0.02805009957340084,149605
NEOUSDT,kyle_usd,300,1,300,300,f_har,-0.032989146267142076,-11.393771903939285,0.3145009416195857,531,0.012111387527884153,144897
NEOUSDT,kyle_usd,300,1,300,300,f_trailing,-0.017192111599259687,-5.167313906062927,0.4011299435028249,531,0.03174408879830126,148526
NEOUSDT,kyle_usd,300,1,300,300,f_seasonal,-0.0008955314290309508,-0.315983855532126,0.487758945386064,531,0.03923547223843708,148526
NEOUSDT,kyle_usd,300,1,300,300,f_last,-0.007476827555048226,-2.73145462776807,0.4369114877589454,531,0.005468294932046956,146171
NEOUSDT,kyle_usd,300,1,300,300,f_rv,0.026974335734600945,7.859923361442401,0.6516007532956686,531,0.08614788415613071,146171
NEOUSDT,kyle_usd,300,1,300,300,f_abs_oi,-0.014862454884289883,-5.231313777384638,0.4218455743879473,531,-0.026068916130227993,147923
NEOUSDT,kyle_usd,300,1,300,300,f_amihud,-0.008180515336551026,-2.910403672042136,0.4576271186440678,531,-0.0019324649874109762,147923
NEOUSDT,kyle_usd,300,1,300,-1,f_har->lambda,0.10989062381520848,32.39469676345057,0.9322033898305084,531,0.20371547558221545,145834
NEOUSDT,kyle_usd,300,1,300,-1,f_trailing->lambda,-0.05542316275138389,-16.363294976647495,0.19397363465160075,531,0.15612695025217996,148542
NEOUSDT,kyle_usd,300,1,300,-1,f_seasonal->lambda,0.003478839492794095,1.1302163828510654,0.544256120527307,531,0.12049019337805879,148542
NEOUSDT,kyle_usd,300,2,600,10,f_har,-0.04904236526549634,-8.0263437362984,0.3013182674199623,531,-0.0007151054513049412,144991
NEOUSDT,kyle_usd,300,2,600,10,f_trailing,-0.05531896952346238,-12.510946895862174,0.3088512241054614,531,0.013684955145770833,150684
NEOUSDT,kyle_usd,300,2,600,10,f_seasonal,0.0052833666835010356,1.3620908468675654,0.5103578154425612,531,0.0403476603683574,150684
NEOUSDT,kyle_usd,300,2,600,10,f_last,0.017843170924556444,6.530434672897576,0.608286252354049,531,0.035758338015832905,147589
NEOUSDT,kyle_usd,300,2,600,10,f_rv,0.11408462666153543,23.204253038666643,0.9133709981167608,531,0.24737863352745645,147589
NEOUSDT,kyle_usd,300,2,600,10,f_abs_oi,-0.033205652043923464,-9.598285084549577,0.3239171374764595,531,-0.0905607582774889,149841
NEOUSDT,kyle_usd,300,2,600,10,f_amihud,-0.02114709220607065,-5.08738896801319,0.4199623352165725,531,-0.06747759608716647,149841
NEOUSDT,kyle_usd,300,2,600,60,f_har,-0.06114667762561834,-13.474065178275353,0.21657250470809794,531,0.007781521596703677,144983
NEOUSDT,kyle_usd,300,2,600,60,f_trailing,-0.0345147185561549,-8.812247605811418,0.3540489642184557,531,0.03208161766228084,150353
NEOUSDT,kyle_usd,300,2,600,60,f_seasonal,0.0011419593152161445,0.3442375335997061,0.504708097928437,531,0.05245658995228973,150353
NEOUSDT,kyle_usd,300,2,600,60,f_last,0.005029027830350649,1.7954070450624813,0.5178907721280602,531,0.023209277413056187,147354
NEOUSDT,kyle_usd,300,2,600,60,f_rv,0.08277392117401988,21.17316366709166,0.8568738229755178,531,0.18789209806253807,147354
NEOUSDT,kyle_usd,300,2,600,60,f_abs_oi,-0.027486215317324116,-9.449519825843092,0.3333333333333333,531,-0.06027806383138813,149541
NEOUSDT,kyle_usd,300,2,600,60,f_amihud,-0.017170395414520964,-4.598973522790845,0.4199623352165725,531,-0.027441744411861188,149541
NEOUSDT,kyle_usd,300,2,600,300,f_har,-0.03090154243535255,-11.436866724836467,0.3370998116760829,531,0.014640885189198429,144114
NEOUSDT,kyle_usd,300,2,600,300,f_trailing,-0.016294422736114974,-4.948418942754766,0.3954802259887006,531,0.031847402060779004,148525
NEOUSDT,kyle_usd,300,2,600,300,f_seasonal,-0.0009581297362113522,-0.3385114951475604,0.4821092278719397,531,0.03921490929360082,148525
NEOUSDT,kyle_usd,300,2,600,300,f_last,-0.0015573863207573443,-0.579966146942088,0.5103578154425612,531,0.009856980831102832,145935
NEOUSDT,kyle_usd,300,2,600,300,f_rv,0.027051408991448308,7.88501707126314,0.6440677966101694,531,0.08499928890201792,145935
NEOUSDT,kyle_usd,300,2,600,300,f_abs_oi,-0.012948737186902773,-4.559307618138725,0.4293785310734463,531,-0.025158134401786127,147858
NEOUSDT,kyle_usd,300,2,600,300,f_amihud,-0.006992259004129526,-2.472655912461234,0.4444444444444444,531,-0.0003414399955875273,147858
NEOUSDT,kyle_usd,300,2,600,-1,f_har->lambda,0.08144128137644566,20.51354615137652,0.864406779661017,531,0.188726076870281,144995
NEOUSDT,kyle_usd,300,2,600,-1,f_trailing->lambda,-0.05748784252543662,-17.07499464880501,0.1902071563088512,531,0.15550717141694095,148541
NEOUSDT,kyle_usd,300,2,600,-1,f_seasonal->lambda,0.0033813377384497834,1.0984786465404828,0.5461393596986818,531,0.12040238868781833,148541
NEOUSDT,kyle_usd,300,3,900,10,f_har,-0.053713885606219966,-9.089368426424816,0.2919020715630885,531,-0.0005350959608794603,144896
NEOUSDT,kyle_usd,300,3,900,10,f_trailing,-0.055068475651159056,-12.40272595965331,0.2919020715630885,531,0.013651838586907519,150683
NEOUSDT,kyle_usd,300,3,900,10,f_seasonal,0.0052756465932241505,1.3598598913752837,0.5084745762711864,531,0.040316743514181,150683
NEOUSDT,kyle_usd,300,3,900,10,f_last,0.00824015046597992,3.015516879614051,0.551789077212806,531,0.027550787093045214,147556
NEOUSDT,kyle_usd,300,3,900,10,f_rv,0.09631321418048906,21.000808088107107,0.8587570621468926,531,0.23479399126395933,147556
NEOUSDT,kyle_usd,300,3,900,10,f_abs_oi,-0.031267995448957,-8.883047618713931,0.3352165725047081,531,-0.08758133176762878,149822
NEOUSDT,kyle_usd,300,3,900,10,f_amihud,-0.01960718547869736,-5.181002553605036,0.4180790960451977,531,-0.06604337820586785,149822
NEOUSDT,kyle_usd,300,3,900,60,f_har,-0.0577141465841489,-13.149425753922504,0.2222222222222222,531,0.012643039077841282,144890
NEOUSDT,kyle_usd,300,3,900,60,f_trailing,-0.033744858066254935,-8.567168282572558,0.3540489642184557,531,0.03217344953159085,150352
NEOUSDT,kyle_usd,300,3,900,60,f_seasonal,0.0011646022564545458,0.3510375886567851,0.504708097928437,531,0.05244885344507145,150352
NEOUSDT,kyle_usd,300,3,900,60,f_last,1.8910355859092184e-05,0.006941370423017214,0.527306967984934,531,0.018580464037191595,147320
NEOUSDT,kyle_usd,300,3,900,60,f_rv,0.07350903690954445,21.40526648695476,0.8361581920903954,531,0.1805682646402058,147320
NEOUSDT,kyle_usd,300,3,900,60,f_abs_oi,-0.026544614663115813,-8.421477597861008,0.3408662900188324,531,-0.058893064332576184,149521
NEOUSDT,kyle_usd,300,3,900,60,f_amihud,-0.014166898467120848,-4.199603172685854,0.4180790960451977,531,-0.02550855620588435,149521
NEOUSDT,kyle_usd,300,3,900,300,f_har,-0.027375885111491884,-10.061941403292604,0.3220338983050847,531,0.018997481979364832,144025
NEOUSDT,kyle_usd,300,3,900,300,f_trailing,-0.015965019882363436,-4.912253349147792,0.3954802259887006,531,0.03185274990389143,148524
NEOUSDT,kyle_usd,300,3,900,300,f_seasonal,-0.0009315998546979434,-0.32939034088217917,0.4839924670433145,531,0.03920389515924624,148524
NEOUSDT,kyle_usd,300,3,900,300,f_last,-0.0013483770536763138,-0.46986395588483815,0.4934086629001883,531,0.010565202043672202,145889
NEOUSDT,kyle_usd,300,3,900,300,f_rv,0.024947705686822245,8.267196988464068,0.632768361581921,531,0.0831348599859894,145889
NEOUSDT,kyle_usd,300,3,900,300,f_abs_oi,-0.01263137302752421,-4.312404739361001,0.4256120527306968,531,-0.025300277614434367,147823
NEOUSDT,kyle_usd,300,3,900,300,f_amihud,-0.005373174971781933,-2.0847397003321944,0.4613935969868173,531,0.00035203996727364183,147823
NEOUSDT,kyle_usd,300,3,900,-1,f_har->lambda,0.06774788379304171,17.80515937731837,0.8173258003766478,531,0.1834080763233961,144900
NEOUSDT,kyle_usd,300,3,900,-1,f_trailing->lambda,-0.058409218956652305,-16.890291050229543,0.1902071563088512,531,0.15507377726543642,148540
NEOUSDT,kyle_usd,300,3,900,-1,f_seasonal->lambda,0.0032674485670346805,1.06134466000472,0.5404896421845574,531,0.12031011149139106,148540
NEOUSDT,kyle_usd,300,6,1800,10,f_har,-0.05470194514542564,-10.440281436471421,0.2787193973634652,531,0.0016679089244846814,144769
NEOUSDT,kyle_usd,300,6,1800,10,f_trailing,-0.05195969660710164,-11.574685480005703,0.3013182674199623,531,0.01350804961457138,150680
NEOUSDT,kyle_usd,300,6,1800,10,f_seasonal,0.005269826592192221,1.3558243196897757,0.5103578154425612,531,0.04030560736665876,150680
NEOUSDT,kyle_usd,300,6,1800,10,f_last,0.002853039393037216,1.0705495810160612,0.5291902071563088,531,0.020334984267153,147491
NEOUSDT,kyle_usd,300,6,1800,10,f_rv,0.06735777542475983,15.004280220353523,0.7928436911487758,531,0.21442472248773345,147491
NEOUSDT,kyle_usd,300,6,1800,10,f_abs_oi,-0.03134359701858648,-8.924050106260385,0.3258003766478343,531,-0.08894401940288486,149744
NEOUSDT,kyle_usd,300,6,1800,10,f_amihud,-0.019683981314047132,-5.583687290921053,0.4143126177024482,531,-0.06790374765099329,149744
NEOUSDT,kyle_usd,300,6,1800,60,f_har,-0.050692520943400196,-13.403908012059823,0.2674199623352166,531,0.01989508942556393,144763
NEOUSDT,kyle_usd,300,6,1800,60,f_trailing,-0.029828945642816122,-7.4897860090793005,0.3728813559322034,531,0.032361764444589027,150349
NEOUSDT,kyle_usd,300,6,1800,60,f_seasonal,0.0011976015075107506,0.36019619803618086,0.504708097928437,531,0.05243751551420985,150349
NEOUSDT,kyle_usd,300,6,1800,60,f_last,-0.0005582288237704584,-0.18853337388151792,0.487758945386064,531,0.01724437432216017,147256
NEOUSDT,kyle_usd,300,6,1800,60,f_rv,0.054826250872867535,14.719782522514363,0.768361581920904,531,0.16746006495582358,147256
NEOUSDT,kyle_usd,300,6,1800,60,f_abs_oi,-0.022265165059068004,-7.686122045649114,0.3804143126177024,531,-0.056145457379099324,149444
NEOUSDT,kyle_usd,300,6,1800,60,f_amihud,-0.015307495363461852,-4.9225050684325105,0.4030131826741996,531,-0.026399611777581666,149444
NEOUSDT,kyle_usd,300,6,1800,300,f_har,-0.02124847551221126,-7.84088929923492,0.3860640301318267,531,0.0245696509902002,143884
NEOUSDT,kyle_usd,300,6,1800,300,f_trailing,-0.014692243755635761,-4.471301222628352,0.4067796610169492,531,0.03182116105759986,148521
NEOUSDT,kyle_usd,300,6,1800,300,f_seasonal,-0.0009121983130568261,-0.3219036048662422,0.4839924670433145,531,0.03921316833933613,148521
NEOUSDT,kyle_usd,300,6,1800,300,f_last,0.0006005927795349203,0.205939110232584,0.480225988700565,531,0.013290481966117573,145778
NEOUSDT,kyle_usd,300,6,1800,300,f_rv,0.026364074334647034,7.939190775979331,0.632768361581921,531,0.08474837268920142,145778
NEOUSDT,kyle_usd,300,6,1800,300,f_abs_oi,-0.01152743142698606,-4.15481069383167,0.4256120527306968,531,-0.0239484494080165,147736
NEOUSDT,kyle_usd,300,6,1800,300,f_amihud,-0.0052988632243717165,-2.081792486312421,0.4538606403013183,531,0.0005389963511276608,147736
NEOUSDT,kyle_usd,300,6,1800,-1,f_har->lambda,0.04327520833148234,12.721997754027855,0.7250470809792844,531,0.17169727138064392,144773
NEOUSDT,kyle_usd,300,6,1800,-1,f_trailing->lambda,-0.058558587581312126,-16.419640336794235,0.17702448210922786,531,0.15420595454879532,148537
NEOUSDT,kyle_usd,300,6,1800,-1,f_seasonal->lambda,0.0030943032710033197,1.0040342345107913,0.5386064030131826,531,0.12018641465329485,148537
NEOUSDT,kyle_usd,300,12,3600,10,f_har,-0.035288662834828795,-8.601620655552704,0.352165725047081,531,0.019451393254077923,144612
NEOUSDT,kyle_usd,300,12,3600,10,f_trailing,-0.0501294865200189,-10.710832554351548,0.3050847457627119,531,0.013429747081328864,150674
NEOUSDT,kyle_usd,300,12,3600,10,f_seasonal,0.005210230275673972,1.3424810856355887,0.5103578154425612,531,0.04028421681593563,150674
NEOUSDT,kyle_usd,300,12,3600,10,f_last,0.0003468848866169158,0.14392052253006582,0.504708097928437,531,0.017928801700139836,147332
NEOUSDT,kyle_usd,300,12,3600,10,f_rv,0.051033517748350764,13.180975927262944,0.7288135593220338,531,0.20173508122675646,147332
NEOUSDT,kyle_usd,300,12,3600,10,f_abs_oi,-0.01932307501531512,-5.997698480853465,0.3935969868173258,531,-0.0792569636387987,149644
NEOUSDT,kyle_usd,300,12,3600,10,f_amihud,-0.012597479190176222,-3.8431556586738904,0.4444444444444444,531,-0.0611603478539067,149644
NEOUSDT,kyle_usd,300,12,3600,60,f_har,-0.029285662954696232,-7.984892749836868,0.3804143126177024,531,0.03747584108122844,144607
NEOUSDT,kyle_usd,300,12,3600,60,f_trailing,-0.028079550141964713,-6.829565279281471,0.3653483992467043,531,0.032505259978837305,150343
NEOUSDT,kyle_usd,300,12,3600,60,f_seasonal,0.001087182790225075,0.3283807175008108,0.504708097928437,531,0.052432892689848916,150343
NEOUSDT,kyle_usd,300,12,3600,60,f_last,-0.0016677069912389053,-0.6680201136368864,0.4896421845574388,531,0.01539189794257866,147096
NEOUSDT,kyle_usd,300,12,3600,60,f_rv,0.03935518900090554,11.997698644631754,0.7024482109227872,531,0.1550292602063322,147096
NEOUSDT,kyle_usd,300,12,3600,60,f_abs_oi,-0.016779637538379803,-6.041739328880978,0.4030131826741996,531,-0.052611152464697566,149348
NEOUSDT,kyle_usd,300,12,3600,60,f_amihud,-0.011850520734110668,-4.469822239744146,0.4293785310734463,531,-0.023398448073986684,149348
NEOUSDT,kyle_usd,300,12,3600,300,f_har,-0.010540470538603327,-3.592437857557295,0.4369114877589454,531,0.03296013636937718,143710
NEOUSDT,kyle_usd,300,12,3600,300,f_trailing,-0.014403982169742877,-4.299333048469057,0.4143126177024482,531,0.03190435664324189,148515
NEOUSDT,kyle_usd,300,12,3600,300,f_seasonal,-0.0009599700048089936,-0.33783732680060186,0.4839924670433145,531,0.03923135193388512,148515
NEOUSDT,kyle_usd,300,12,3600,300,f_last,-0.0032063686560020424,-1.1690819730484905,0.4764595103578154,531,0.007955164407147292,145593
NEOUSDT,kyle_usd,300,12,3600,300,f_rv,0.015998574679681955,4.928938166995647,0.5743879472693032,531,0.07565681432810718,145593
NEOUSDT,kyle_usd,300,12,3600,300,f_abs_oi,-0.007394925915248627,-2.705917616349839,0.448210922787194,531,-0.021108830022824637,147638
NEOUSDT,kyle_usd,300,12,3600,300,f_amihud,-0.0026643443660277874,-0.9196162626495775,0.4708097928436911,531,0.0013735411655220887,147638
NEOUSDT,kyle_usd,300,12,3600,-1,f_har->lambda,0.005937641357969479,1.7912021069736073,0.5348399246704332,531,0.1612258180870177,144615
NEOUSDT,kyle_usd,300,12,3600,-1,f_trailing->lambda,-0.05952936017937433,-16.297916980327667,0.192090395480226,531,0.15311581324697865,148531
NEOUSDT,kyle_usd,300,12,3600,-1,f_seasonal->lambda,0.0029453762555518015,0.9551433837695649,0.5291902071563088,531,0.11997200882278632,148531
NEOUSDT,kyle_usd,300,24,7200,10,f_har,-0.02418500603369503,-6.2940907686500225,0.4030131826741996,531,0.03180534279239574,144388
NEOUSDT,kyle_usd,300,24,7200,10,f_trailing,-0.04466562450802029,-8.996816778875587,0.327683615819209,531,0.013324534673727328,150662
NEOUSDT,kyle_usd,300,24,7200,10,f_seasonal,0.005343568718087988,1.3772648646207513,0.5103578154425612,531,0.04038032307544493,150662
NEOUSDT,kyle_usd,300,24,7200,10,f_last,-0.0015581896808860372,-0.6107036560197391,0.4670433145009416,531,0.01587865254233323,147168
NEOUSDT,kyle_usd,300,24,7200,10,f_rv,0.03174282202414639,9.176625817237976,0.6497175141242938,531,0.18781733554227203,147168
NEOUSDT,kyle_usd,300,24,7200,10,f_abs_oi,-0.007390580651078408,-2.3695824915788095,0.480225988700565,531,-0.06856101239557146,149512
NEOUSDT,kyle_usd,300,24,7200,10,f_amihud,-0.00900081866630536,-2.5466727931415005,0.4595103578154426,531,-0.05958107471318554,149512
NEOUSDT,kyle_usd,300,24,7200,60,f_har,-0.019557559954283134,-6.214423511287356,0.4105461393596987,531,0.04969292067170803,144381
NEOUSDT,kyle_usd,300,24,7200,60,f_trailing,-0.02540466729741735,-5.6903913213209085,0.3973634651600753,531,0.03249972236426204,150331
NEOUSDT,kyle_usd,300,24,7200,60,f_seasonal,0.0012551917137467094,0.3776527194033891,0.5009416195856874,531,0.05250634054863511,150331
NEOUSDT,kyle_usd,300,24,7200,60,f_last,-0.000216849896329908,-0.08553280916334789,0.5235404896421846,531,0.016358422213700312,146924
NEOUSDT,kyle_usd,300,24,7200,60,f_rv,0.021472919293694763,6.888083418529918,0.60075329566855,531,0.14239525445590284,146924
NEOUSDT,kyle_usd,300,24,7200,60,f_abs_oi,-0.007364458354508492,-2.5553250195391404,0.4463276836158192,531,-0.04366425512096365,149205
NEOUSDT,kyle_usd,300,24,7200,60,f_amihud,-0.005695760709304468,-2.020520680821721,0.4726930320150659,531,-0.020385005921157696,149205
NEOUSDT,kyle_usd,300,24,7200,300,f_har,-0.011503152895505245,-3.8220555861287275,0.423728813559322,531,0.03985182086790946,143484
NEOUSDT,kyle_usd,300,24,7200,300,f_trailing,-0.01259762440918745,-3.8302124708842196,0.4369114877589454,531,0.03211228236384317,148503
NEOUSDT,kyle_usd,300,24,7200,300,f_seasonal,-0.0010121301865485533,-0.3548020802880598,0.4783427495291902,531,0.03921625462606762,148503
NEOUSDT,kyle_usd,300,24,7200,300,f_last,0.0016638903438877747,0.7176922278899242,0.504708097928437,531,0.01347068388598229,145430
NEOUSDT,kyle_usd,300,24,7200,300,f_rv,0.01151501685885937,4.590043717557402,0.5404896421845574,531,0.0730428487048041,145430
NEOUSDT,kyle_usd,300,24,7200,300,f_abs_oi,-0.007554656580368401,-2.9968617067146517,0.4576271186440678,531,-0.021811174273710373,147488
NEOUSDT,kyle_usd,300,24,7200,300,f_amihud,-0.0012411900850081853,-0.4549689916840687,0.5009416195856874,531,0.0036425666468575487,147488
NEOUSDT,kyle_usd,300,24,7200,-1,f_har->lambda,-0.008712942164304545,-2.474033804047465,0.4689265536723164,531,0.15659839980272963,144391
NEOUSDT,kyle_usd,300,24,7200,-1,f_trailing->lambda,-0.05552781481487226,-15.114417068415145,0.224105461393597,531,0.15174304177192585,148519
NEOUSDT,kyle_usd,300,24,7200,-1,f_seasonal->lambda,0.0029696916169463187,0.967823719426599,0.5386064030131826,531,0.11975328804500349,148519
QTUMUSDT,kyle_usd,300,1,300,10,f_har,0.04294991565778959,5.970461621148608,0.6520833333333333,480,0.21486722431457633,95827
QTUMUSDT,kyle_usd,300,1,300,10,f_trailing,-0.011759287620202286,-2.358041662559797,0.4499054820415879,529,-0.009331684675269446,136510
QTUMUSDT,kyle_usd,300,1,300,10,f_seasonal,-0.0018841389987509392,-0.536161198147211,0.4839319470699433,529,0.06321480384911013,135433
QTUMUSDT,kyle_usd,300,1,300,10,f_last,0.06770139200619654,10.852491862808318,0.7628083491461101,527,0.14736868442416076,116019
QTUMUSDT,kyle_usd,300,1,300,10,f_rv,0.0790915676487279,13.359653969734863,0.8116760828625236,531,0.11766165309659556,116368
QTUMUSDT,kyle_usd,300,1,300,10,f_abs_oi,-0.030844718639026936,-6.632800441469758,0.352165725047081,531,0.005559473838650181,129023
QTUMUSDT,kyle_usd,300,1,300,10,f_amihud,-0.02553645432357381,-5.449962004738879,0.3502824858757062,531,0.008504874751286983,129023
QTUMUSDT,kyle_usd,300,1,300,60,f_har,-0.005210489090609323,-0.913572480397957,0.46875,480,0.12057242103026677,95790
QTUMUSDT,kyle_usd,300,1,300,60,f_trailing,-0.010245008568673804,-2.4002706440578456,0.4555765595463138,529,-0.003645143221781832,134025
QTUMUSDT,kyle_usd,300,1,300,60,f_seasonal,-0.0005735351884215515,-0.167728015010336,0.5274102079395085,529,0.03962339031844933,132995
QTUMUSDT,kyle_usd,300,1,300,60,f_last,0.023451528753720252,5.498450494145732,0.6337760910815939,527,0.07867135657075497,114517
QTUMUSDT,kyle_usd,300,1,300,60,f_rv,0.07564164368158102,16.947004587218316,0.8286252354048964,531,0.11356867823991326,114846
QTUMUSDT,kyle_usd,300,1,300,60,f_abs_oi,-0.030111624237308936,-7.2972098357951785,0.3540489642184557,531,-0.014646617405391084,126992
QTUMUSDT,kyle_usd,300,1,300,60,f_amihud,-0.018156598066035534,-5.092197242172659,0.3935969868173258,531,0.0060948550724644664,126992
QTUMUSDT,kyle_usd,300,1,300,300,f_har,-0.023102291650653906,-4.590409607415309,0.39539748953974896,478,0.05136459819966496,93634
QTUMUSDT,kyle_usd,300,1,300,300,f_trailing,-0.007345560157132403,-1.9791570306962671,0.45179584120982985,529,0.003718887112813271,123666
QTUMUSDT,kyle_usd,300,1,300,300,f_seasonal,0.001694704872949454,0.5050777460621042,0.5198487712665406,529,0.028301011002926448,122821
QTUMUSDT,kyle_usd,300,1,300,300,f_last,-0.0083132389597487,-2.079027120048584,0.4876660341555977,527,0.025684960377439153,107912
QTUMUSDT,kyle_usd,300,1,300,300,f_rv,0.0314787948940569,7.165141353684552,0.6459510357815442,531,0.05996147502498648,108174
QTUMUSDT,kyle_usd,300,1,300,300,f_abs_oi,-0.013604643010127622,-3.841690237762166,0.4406779661016949,531,-0.002140860844283778,118398
QTUMUSDT,kyle_usd,300,1,300,300,f_amihud,-0.009074159722123734,-2.490896742364507,0.416195856873823,531,0.009479788258813892,118398
QTUMUSDT,kyle_usd,300,1,300,-1,f_har->lambda,0.09774801716682338,14.434356780132791,0.8354166666666667,480,0.269645447366972,95844
QTUMUSDT,kyle_usd,300,1,300,-1,f_trailing->lambda,-0.016142841767221958,-2.692436400374508,0.42344045368620037,529,-0.009336548673701305,120584
QTUMUSDT,kyle_usd,300,1,300,-1,f_seasonal->lambda,0.0014590087864032673,0.3408895895108327,0.5368620037807184,529,0.08481484264002002,119768
QTUMUSDT,kyle_usd,300,2,600,10,f_har,0.02617980980446354,4.004483177198028,0.6252631578947369,475,0.21216791267211949,91653
QTUMUSDT,kyle_usd,300,2,600,10,f_trailing,-0.012293760789506818,-2.3968971930876113,0.43100189035916825,529,-0.008397675412768148,136509
QTUMUSDT,kyle_usd,300,2,600,10,f_seasonal,-0.0019454089598220194,-0.5538047257113686,0.4839319470699433,529,0.06346012915110387,135432
QTUMUSDT,kyle_usd,300,2,600,10,f_last,0.051651792258652726,11.488768600465676,0.7343453510436433,527,0.130989604324942,113621
QTUMUSDT,kyle_usd,300,2,600,10,f_rv,0.05847281748399772,10.292886326377273,0.7401129943502824,531,0.0986106583654758,113938
QTUMUSDT,kyle_usd,300,2,600,10,f_abs_oi,-0.027283319104845254,-6.385411150698179,0.3785310734463277,531,0.007662694131396685,128330
QTUMUSDT,kyle_usd,300,2,600,10,f_amihud,-0.024882837453470176,-5.391729527222047,0.3747645951035782,531,0.009668444044282815,128330
QTUMUSDT,kyle_usd,300,2,600,60,f_har,-0.014278700810196299,-2.719258521044551,0.45052631578947366,475,0.11991593745095008,91619
QTUMUSDT,kyle_usd,300,2,600,60,f_trailing,-0.010191006677340811,-2.3815048113479396,0.444234404536862,529,-0.002914292306773438,134024
QTUMUSDT,kyle_usd,300,2,600,60,f_seasonal,-0.0006357919746899557,-0.1859794565214442,0.5236294896030246,529,0.039779838747647914,132994
QTUMUSDT,kyle_usd,300,2,600,60,f_last,0.01763724975725133,4.8920116271679515,0.5844402277039848,527,0.07240681114947832,112202
QTUMUSDT,kyle_usd,300,2,600,60,f_rv,0.06430326117099329,14.738029816270107,0.7984934086629002,531,0.1035283592912421,112499
QTUMUSDT,kyle_usd,300,2,600,60,f_abs_oi,-0.027061111877304807,-6.690825187803822,0.3747645951035782,531,-0.012758433204260178,126329
QTUMUSDT,kyle_usd,300,2,600,60,f_amihud,-0.015471169257133842,-4.245267569907006,0.4180790960451977,531,0.009087585147704136,126329
QTUMUSDT,kyle_usd,300,2,600,300,f_har,-0.019200488960147914,-4.580943894339539,0.41983122362869196,474,0.05626709071858688,89714
QTUMUSDT,kyle_usd,300,2,600,300,f_trailing,-0.0065089017864258065,-1.7947550569242177,0.4555765595463138,529,0.004116108744505849,123664
QTUMUSDT,kyle_usd,300,2,600,300,f_seasonal,0.001828871346707915,0.5439080542647421,0.5179584120982986,529,0.028393811141337814,122819
QTUMUSDT,kyle_usd,300,2,600,300,f_last,0.001581576120144692,0.47603610254456563,0.5123339658444023,527,0.032957114309480784,105943
QTUMUSDT,kyle_usd,300,2,600,300,f_rv,0.031539636084194175,7.951560436021335,0.6660377358490566,530,0.061117010384863904,106181
QTUMUSDT,kyle_usd,300,2,600,300,f_abs_oi,-0.015996560391202935,-4.7683625307272015,0.423728813559322,531,-0.004386438566576667,117835
QTUMUSDT,kyle_usd,300,2,600,300,f_amihud,-0.009107093611833,-2.4267690563470365,0.4463276836158192,531,0.008480229418229304,117835
QTUMUSDT,kyle_usd,300,2,600,-1,f_har->lambda,0.07694041440827151,11.559791833984887,0.7978947368421052,475,0.26333282580674483,91667
QTUMUSDT,kyle_usd,300,2,600,-1,f_trailing->lambda,-0.01760725589389277,-2.8834545412765893,0.4215500945179584,529,-0.00831100049542592,120582
QTUMUSDT,kyle_usd,300,2,600,-1,f_seasonal->lambda,0.0013163037588891716,0.3077936493872742,0.5330812854442344,529,0.08508768399269843,119766
QTUMUSDT,kyle_usd,300,3,900,10,f_har,0.0168551535092219,2.7474458488969136,0.5768421052631579,475,0.21212454333336805,90974
QTUMUSDT,kyle_usd,300,3,900,10,f_trailing,-0.013602434935442912,-2.638503553257558,0.44234404536862004,529,-0.00787349123043961,136507
QTUMUSDT,kyle_usd,300,3,900,10,f_seasonal,-0.0021680164290659508,-0.6195758978427452,0.48015122873345933,529,0.06351474426764105,135430
QTUMUSDT,kyle_usd,300,3,900,10,f_last,0.029551513331778568,6.276374394399042,0.6451612903225806,527,0.1117732602900293,113286
QTUMUSDT,kyle_usd,300,3,900,10,f_rv,0.04261008922499123,8.6507361495011,0.6591337099811676,531,0.08587650114240032,113590
QTUMUSDT,kyle_usd,300,3,900,10,f_abs_oi,-0.021780159492660878,-5.313908568872876,0.3898305084745763,531,0.010412345593935748,128181
QTUMUSDT,kyle_usd,300,3,900,10,f_amihud,-0.0170914018001392,-3.8576120036020907,0.4030131826741996,531,0.01461813623521552,128181
QTUMUSDT,kyle_usd,300,3,900,60,f_har,-0.009552009494684986,-1.7809504211257134,0.48,475,0.1263779432505378,90942
QTUMUSDT,kyle_usd,300,3,900,60,f_trailing,-0.009893561371204703,-2.3116552287459906,0.444234404536862,529,-0.0025802362791812403,134022
QTUMUSDT,kyle_usd,300,3,900,60,f_seasonal,-0.0007279075634864372,-0.2131776748923174,0.5198487712665406,529,0.03981869851294498,132992
QTUMUSDT,kyle_usd,300,3,900,60,f_last,0.008052995600555855,2.0663622031761153,0.5559772296015181,527,0.06448854174555925,111841
QTUMUSDT,kyle_usd,300,3,900,60,f_rv,0.05046369710267109,13.044590133996717,0.7250470809792844,531,0.09235944338838623,112127
QTUMUSDT,kyle_usd,300,3,900,60,f_abs_oi,-0.02125695532582696,-5.668364597163041,0.3860640301318267,531,-0.009487455805630096,126139
QTUMUSDT,kyle_usd,300,3,900,60,f_amihud,-0.011196192055742368,-3.087589509356323,0.4293785310734463,531,0.012068883599454431,126139
QTUMUSDT,kyle_usd,300,3,900,300,f_har,-0.01440856904913337,-3.3510880748144345,0.4312896405919662,473,0.061339778336640664,89089
QTUMUSDT,kyle_usd,300,3,900,300,f_trailing,-0.006934481605086756,-1.9296650022308157,0.4612476370510397,529,0.004475165732989641,123662
QTUMUSDT,kyle_usd,300,3,900,300,f_seasonal,0.001853538456749024,0.5512006855686056,0.5179584120982986,529,0.02842467042127649,122817
QTUMUSDT,kyle_usd,300,3,900,300,f_last,-0.0007239027394748319,-0.20371301922166665,0.49146110056925996,527,0.030517164694366956,105593
QTUMUSDT,kyle_usd,300,3,900,300,f_rv,0.023808207478486592,6.875326571255762,0.6226415094339622,530,0.05497347241135489,105815
QTUMUSDT,kyle_usd,300,3,900,300,f_abs_oi,-0.011992780688763064,-3.909167330878646,0.4331450094161959,531,-0.002358701188380619,117621
QTUMUSDT,kyle_usd,300,3,900,300,f_amihud,-0.0022239727815055164,-0.6073833235790126,0.4726930320150659,531,0.01134731313412945,117621
QTUMUSDT,kyle_usd,300,3,900,-1,f_har->lambda,0.06619908073855997,10.220165046832882,0.7431578947368421,475,0.25910840614626635,90986
QTUMUSDT,kyle_usd,300,3,900,-1,f_trailing->lambda,-0.019495556568702183,-3.1539736149077107,0.42424242424242425,528,-0.0076717669170379005,120580
QTUMUSDT,kyle_usd,300,3,900,-1,f_seasonal->lambda,0.0015091787689909344,0.3492351549694046,0.5397727272727273,528,0.0851637627775623,119764
QTUMUSDT,kyle_usd,300,6,1800,10,f_har,0.0033960774345710818,0.6523322191112847,0.5136842105263157,475,0.1939592644417834,90398
QTUMUSDT,kyle_usd,300,6,1800,10,f_trailing,-0.013105391831281985,-2.4971195251815397,0.45746691871455575,529,-0.008707820958136981,136504
QTUMUSDT,kyle_usd,300,6,1800,10,f_seasonal,-0.00222555883373146,-0.6347587278163483,0.4782608695652174,529,0.06323125647516238,135427
QTUMUSDT,kyle_usd,300,6,1800,10,f_last,0.01741860937247921,4.35600671943603,0.5882352941176471,527,0.10164498230956119,112890
QTUMUSDT,kyle_usd,300,6,1800,10,f_rv,0.027779721306927466,6.101936329268277,0.6384180790960452,531,0.07431524698741329,113174
QTUMUSDT,kyle_usd,300,6,1800,10,f_abs_oi,-0.018683544273889026,-4.98593516109646,0.4124293785310734,531,0.013743364971755354,127731
QTUMUSDT,kyle_usd,300,6,1800,10,f_amihud,-0.022175230858934816,-4.892509473205977,0.3973634651600753,531,0.00893201254001941,127731
QTUMUSDT,kyle_usd,300,6,1800,60,f_har,-0.015655268144340505,-3.2649778534424003,0.42526315789473684,475,0.11473563095989064,90367
QTUMUSDT,kyle_usd,300,6,1800,60,f_trailing,-0.009495807664935964,-2.28530313927624,0.4499054820415879,529,-0.002963977659702021,134019
QTUMUSDT,kyle_usd,300,6,1800,60,f_seasonal,-0.0005940431081550546,-0.17373779840597361,0.5255198487712666,529,0.039637479885423835,132989
QTUMUSDT,kyle_usd,300,6,1800,60,f_last,-0.002779490007922301,-0.7856090121274609,0.4952561669829222,527,0.05687947527762992,111392
QTUMUSDT,kyle_usd,300,6,1800,60,f_rv,0.03355430125246881,8.490845946931618,0.6516007532956686,531,0.08008985323643428,111660
QTUMUSDT,kyle_usd,300,6,1800,60,f_abs_oi,-0.017947480477560108,-5.087702149478457,0.4312617702448211,531,-0.006198646775158403,125697
QTUMUSDT,kyle_usd,300,6,1800,60,f_amihud,-0.01955710497713149,-5.145831683030653,0.4011299435028249,531,0.0034069959108836718,125697
QTUMUSDT,kyle_usd,300,6,1800,300,f_har,-0.010080526213703672,-2.374748716008697,0.47890295358649787,474,0.05854434322142275,88438
QTUMUSDT,kyle_usd,300,6,1800,300,f_trailing,-0.007142749384426966,-1.8897486979518507,0.45179584120982985,529,0.004168217763132495,123660
QTUMUSDT,kyle_usd,300,6,1800,300,f_seasonal,0.0013701996650572986,0.4082499066543962,0.5198487712665406,529,0.028305357158836773,122815
QTUMUSDT,kyle_usd,300,6,1800,300,f_last,-0.0026449277126679204,-0.7865940524960212,0.48859315589353614,526,0.029762777678674034,104922
QTUMUSDT,kyle_usd,300,6,1800,300,f_rv,0.01608409725318123,4.183187560501199,0.5916824196597353,529,0.0490103551228333,105133
QTUMUSDT,kyle_usd,300,6,1800,300,f_abs_oi,-0.004139572129089085,-1.2305085805300426,0.480225988700565,531,0.004610787345412443,117050
QTUMUSDT,kyle_usd,300,6,1800,300,f_amihud,-0.010188626948072238,-3.081071454670123,0.4425612052730697,531,0.005981022902020294,117050
QTUMUSDT,kyle_usd,300,6,1800,-1,f_har->lambda,0.035170853524231986,6.31319096930948,0.64,475,0.23672179128029566,90414
QTUMUSDT,kyle_usd,300,6,1800,-1,f_trailing->lambda,-0.01999740500368353,-3.1557609109627944,0.4090909090909091,528,-0.008950866888971502,120577
QTUMUSDT,kyle_usd,300,6,1800,-1,f_seasonal->lambda,0.0011888398381754328,0.2751243133969751,0.5303030303030303,528,0.08482975638638442,119761
QTUMUSDT,kyle_usd,300,12,3600,10,f_har,-0.004583754730988049,-1.015660871718903,0.48414376321353064,473,0.20714655754401526,89894
QTUMUSDT,kyle_usd,300,12,3600,10,f_trailing,-0.012468761165236234,-2.471759215113375,0.44234404536862004,529,-0.009196028693685299,136496
QTUMUSDT,kyle_usd,300,12,3600,10,f_seasonal,-0.0022433602329210807,-0.6376798954274242,0.4877126654064272,529,0.06320907492519554,135419
QTUMUSDT,kyle_usd,300,12,3600,10,f_last,0.006329623670535441,1.8947475235515983,0.5521821631878557,527,0.09114447975271478,112409
QTUMUSDT,kyle_usd,300,12,3600,10,f_rv,0.02683114407958826,5.347820215356183,0.6026365348399246,531,0.07165825167596346,112702
QTUMUSDT,kyle_usd,300,12,3600,10,f_abs_oi,-0.010437316294339716,-2.817327924965224,0.4444444444444444,531,0.020108582175775134,127442
QTUMUSDT,kyle_usd,300,12,3600,10,f_amihud,-0.010131523199134967,-2.5523539603238055,0.4821092278719397,531,0.018790032753688155,127442
QTUMUSDT,kyle_usd,300,12,3600,60,f_har,-0.0011237148203403953,-0.2604486228716335,0.47568710359408034,473,0.13535763120083394,89863
QTUMUSDT,kyle_usd,300,12,3600,60,f_trailing,-0.009262559712367687,-2.270923164620188,0.4612476370510397,529,-0.003122815004935087,134009
QTUMUSDT,kyle_usd,300,12,3600,60,f_seasonal,-0.0005419259874745222,-0.15819045837781726,0.5217391304347826,529,0.03973006323244531,132979
QTUMUSDT,kyle_usd,300,12,3600,60,f_last,0.00820621878114939,2.6211675561599335,0.5540796963946869,527,0.06409216442326754,110876
QTUMUSDT,kyle_usd,300,12,3600,60,f_rv,0.019763672088842263,4.6036195774733315,0.5969868173258004,531,0.06860953612599105,111149
QTUMUSDT,kyle_usd,300,12,3600,60,f_abs_oi,-0.007940707015056152,-2.175417714953258,0.4595103578154426,531,0.0025531967668781324,125399
QTUMUSDT,kyle_usd,300,12,3600,60,f_amihud,-0.005127102206635359,-1.517590579951845,0.4463276836158192,531,0.015310930247109195,125399
QTUMUSDT,kyle_usd,300,12,3600,300,f_har,0.0001018325251334753,0.025099324544584963,0.49471458773784355,473,0.0749861239433581,87906
QTUMUSDT,kyle_usd,300,12,3600,300,f_trailing,-0.004106882661059684,-1.0768026800825272,0.4734848484848485,528,0.0039601581822836015,123651
QTUMUSDT,kyle_usd,300,12,3600,300,f_seasonal,0.0021538618635280776,0.6322966634857615,0.5170454545454546,528,0.02837337635497945,122806
QTUMUSDT,kyle_usd,300,12,3600,300,f_last,0.0032758502684063257,0.8810913686432856,0.5123809523809524,525,0.03527689310063199,104280
QTUMUSDT,kyle_usd,300,12,3600,300,f_rv,0.012898877656114943,3.3179193926408614,0.5795454545454546,528,0.046620770792542815,104492
QTUMUSDT,kyle_usd,300,12,3600,300,f_abs_oi,0.0016195774573124681,0.4756171233116169,0.4670433145009416,531,0.009034106970785424,116697
QTUMUSDT,kyle_usd,300,12,3600,300,f_amihud,0.0016293203309573133,0.49661073451753207,0.5065913370998116,531,0.015149861103304268,116697
QTUMUSDT,kyle_usd,300,12,3600,-1,f_har->lambda,-0.0027331781104722426,-0.5945372512200605,0.4904862579281184,473,0.23261206505752474,89908
QTUMUSDT,kyle_usd,300,12,3600,-1,f_trailing->lambda,-0.019360142216657678,-3.1396059012418065,0.42803030303030304,528,-0.009625236466863987,120570
QTUMUSDT,kyle_usd,300,12,3600,-1,f_seasonal->lambda,0.0011913285316156369,0.27932075618066926,0.5227272727272727,528,0.08485350974273184,119754
QTUMUSDT,kyle_usd,300,24,7200,10,f_har,-0.007916473807874792,-1.9322950240834051,0.44936708860759494,474,0.20997765472118063,89321
QTUMUSDT,kyle_usd,300,24,7200,10,f_trailing,-0.009196597049430984,-1.8608183001820695,0.4696969696969697,528,-0.009858834697420073,136478
QTUMUSDT,kyle_usd,300,24,7200,10,f_seasonal,-0.0019422673521067454,-0.5501082938771857,0.48674242424242425,528,0.06301235426879313,135401
QTUMUSDT,kyle_usd,300,24,7200,10,f_last,0.0027280171506006787,0.8456155601525727,0.523719165085389,527,0.08514581188184811,112091
QTUMUSDT,kyle_usd,300,24,7200,10,f_rv,0.01614447525454991,4.092188538293134,0.5800376647834274,531,0.0617710054308264,112368
QTUMUSDT,kyle_usd,300,24,7200,10,f_abs_oi,-0.009941069517208434,-2.9582120354807033,0.4425612052730697,531,0.0215818999995041,127201
QTUMUSDT,kyle_usd,300,24,7200,10,f_amihud,-0.005040150984761305,-1.4525165515154463,0.4764595103578154,531,0.022194607084812138,127201
QTUMUSDT,kyle_usd,300,24,7200,60,f_har,-0.006420744395432433,-1.722700430916013,0.45358649789029537,474,0.13510839319174406,89286
QTUMUSDT,kyle_usd,300,24,7200,60,f_trailing,-0.00843508344261996,-2.007201731935638,0.4583333333333333,528,-0.0033765836657190496,133990
QTUMUSDT,kyle_usd,300,24,7200,60,f_seasonal,-0.0007430750595384739,-0.2170936885595508,0.5189393939393939,528,0.039642018207564016,132960
QTUMUSDT,kyle_usd,300,24,7200,60,f_last,0.004153248209796788,1.3544464410809716,0.5294117647058824,527,0.05582541105065665,110521
QTUMUSDT,kyle_usd,300,24,7200,60,f_rv,0.011207891779652233,3.3062537422004983,0.5480225988700564,531,0.05897637226746026,110779
QTUMUSDT,kyle_usd,300,24,7200,60,f_abs_oi,-0.008171009267200772,-2.586252445069302,0.4425612052730697,531,0.0014062920182946156,125132
QTUMUSDT,kyle_usd,300,24,7200,60,f_amihud,-0.003238814196404956,-1.0289112404432086,0.455743879472693,531,0.014761291999880948,125132
QTUMUSDT,kyle_usd,300,24,7200,300,f_har,-0.0031546390651826413,-0.8532411848046837,0.47770700636942676,471,0.07501060542894736,87291
QTUMUSDT,kyle_usd,300,24,7200,300,f_trailing,-0.00586655126371968,-1.572563692237172,0.45075757575757575,528,0.0034872327030539296,123633
QTUMUSDT,kyle_usd,300,24,7200,300,f_seasonal,0.002219971316424383,0.6574810052900982,0.5265151515151515,528,0.028364929344301366,122788
QTUMUSDT,kyle_usd,300,24,7200,300,f_last,0.004913123706305603,1.5744992406343625,0.5218216318785579,527,0.033687867881245344,103831
QTUMUSDT,kyle_usd,300,24,7200,300,f_rv,0.008306503550576957,2.3753890827596127,0.560377358490566,530,0.03964695747678156,104027
QTUMUSDT,kyle_usd,300,24,7200,300,f_abs_oi,-0.0063949565335596325,-1.9295036231874225,0.4576271186440678,531,0.004399112517484831,116445
QTUMUSDT,kyle_usd,300,24,7200,300,f_amihud,-0.0015942822408253488,-0.4453505258621331,0.5084745762711864,531,0.011805655124754563,116445
QTUMUSDT,kyle_usd,300,24,7200,-1,f_har->lambda,-0.00974552722083712,-2.2995760429560286,0.4472573839662447,474,0.232833587005644,89336
QTUMUSDT,kyle_usd,300,24,7200,-1,f_trailing->lambda,-0.014757081649277585,-2.4702827035837425,0.44886363636363635,528,-0.010896939747079776,120553
QTUMUSDT,kyle_usd,300,24,7200,-1,f_seasonal->lambda,0.00119087782208202,0.2788359114600685,0.5208333333333334,528,0.08452582163200789,119737
