symbol,direction,fee_bps,kappa,tau,a,b,metric,diff,ci_lo,ci_hi,boot_p_le0
BTCUSDT,avoid_high,-0.5,1.0,10,har,trailing,bps,-0.0015896538610649,-0.0174471254441443,0.0130804006181131,0.587
BTCUSDT,avoid_high,-0.5,1.0,10,har,trailing,usd,-0.0011934711816378,-0.0137571662262305,0.0109858302292242,0.587
BTCUSDT,avoid_high,-0.5,1.0,10,har,always,bps,-0.002514415817034,-0.0245183607697538,0.0200042945718199,0.629
BTCUSDT,avoid_high,-0.5,1.0,10,har,always,usd,-0.0039821282817925,-0.020463364860641,0.013020976614164,0.688
BTCUSDT,avoid_high,-0.5,1.0,10,har,seasonal,bps,-0.0159714676316868,-0.0446562120548707,0.0115506701104847,0.87
BTCUSDT,avoid_high,-0.5,1.0,10,har,seasonal,usd,-0.012367429042714,-0.035485449067367,0.0099143566203847,0.854
BTCUSDT,avoid_high,-0.5,1.0,10,trailing,always,bps,-0.0009247619559691,-0.0249426019930551,0.0233235025967179,0.568
BTCUSDT,avoid_high,-0.5,1.0,10,trailing,always,usd,-0.0027886571001547,-0.0223961248119598,0.0156577862287242,0.609
BTCUSDT,avoid_high,-0.5,1.0,60,har,trailing,bps,-0.0304654975327162,-0.0808232891956626,0.0111056972777922,0.914
BTCUSDT,avoid_high,-0.5,1.0,60,har,trailing,usd,-0.0298634764285315,-0.0726685330948902,0.0057427354232823,0.944
BTCUSDT,avoid_high,-0.5,1.0,60,har,always,bps,-0.0902560201017416,-0.1222981677726256,-0.0593083166325332,1.0
BTCUSDT,avoid_high,-0.5,1.0,60,har,always,usd,-0.0392884955751565,-0.059827657801955,-0.0188797954198508,1.0
BTCUSDT,avoid_high,-0.5,1.0,60,har,seasonal,bps,-0.0889106149829486,-0.1519894487876133,-0.0335084920661505,1.0
BTCUSDT,avoid_high,-0.5,1.0,60,har,seasonal,usd,-0.0860772907449652,-0.1384904467438579,-0.0398996773302511,1.0
BTCUSDT,avoid_high,-0.5,1.0,60,trailing,always,bps,-0.0597905225690253,-0.1091780064126284,-0.0082939300640772,0.986
BTCUSDT,avoid_high,-0.5,1.0,60,trailing,always,usd,-0.009425019146625,-0.0435311087415232,0.034009350061059,0.689
BTCUSDT,avoid_high,-0.5,1.0,300,har,trailing,bps,-0.0777973106032923,-0.1889049217048378,0.0091023609395269,0.962
BTCUSDT,avoid_high,-0.5,1.0,300,har,trailing,usd,-0.0713555961898399,-0.1617645912740251,0.0006925675999636,0.973
BTCUSDT,avoid_high,-0.5,1.0,300,har,always,bps,-0.1465732694001659,-0.2058050860268235,-0.0876429430912236,1.0
BTCUSDT,avoid_high,-0.5,1.0,300,har,always,usd,-0.0730577033888871,-0.1148088894990289,-0.0319397072712852,1.0
BTCUSDT,avoid_high,-0.5,1.0,300,har,seasonal,bps,-0.197599195105558,-0.3530509922555778,-0.0723436779943074,0.999
BTCUSDT,avoid_high,-0.5,1.0,300,har,seasonal,usd,-0.1798610720859785,-0.3120415039315244,-0.0775337944947963,1.0
BTCUSDT,avoid_high,-0.5,1.0,300,trailing,always,bps,-0.0687759587968736,-0.1592981540243292,0.0354921454839403,0.913
BTCUSDT,avoid_high,-0.5,1.0,300,trailing,always,usd,-0.0017021071990471,-0.0757263588165852,0.0935121178333261,0.538
BTCUSDT,avoid_high,-0.5,1.5,10,har,trailing,bps,-0.0051037358357453,-0.0319939726900164,0.0211127635603031,0.667
BTCUSDT,avoid_high,-0.5,1.5,10,har,trailing,usd,-0.0215058988981402,-0.0508544183844764,0.0066661572154761,0.934
BTCUSDT,avoid_high,-0.5,1.5,10,har,always,bps,-0.0029493390551213,-0.0365792057704512,0.0305281956555993,0.586
BTCUSDT,avoid_high,-0.5,1.5,10,har,always,usd,0.1923100618302184,0.1532850632079023,0.2370409893960653,0.0
BTCUSDT,avoid_high,-0.5,1.5,10,har,seasonal,bps,-0.0538619456427347,-0.097691755282621,-0.016357784174119,0.999
BTCUSDT,avoid_high,-0.5,1.5,10,har,seasonal,usd,-0.1000383681849335,-0.1497407070446056,-0.0539797235930475,1.0
BTCUSDT,avoid_high,-0.5,1.5,10,trailing,always,bps,0.002154396780624,-0.0368584522930614,0.0423877714008807,0.476
BTCUSDT,avoid_high,-0.5,1.5,10,trailing,always,usd,0.2138159607283586,0.1691579944150489,0.2643633161763887,0.0
BTCUSDT,avoid_high,-0.5,1.5,60,har,trailing,bps,-0.0484228172935088,-0.1258106527471053,0.0157670279020211,0.923
BTCUSDT,avoid_high,-0.5,1.5,60,har,trailing,usd,-0.0645124694463544,-0.1354417571931791,-0.0054609360700017,0.984
BTCUSDT,avoid_high,-0.5,1.5,60,har,always,bps,-0.1342817098251924,-0.1858451324145371,-0.0815266592478641,1.0
BTCUSDT,avoid_high,-0.5,1.5,60,har,always,usd,0.1395981625821461,0.1044903735467958,0.1792895554184349,0.0
BTCUSDT,avoid_high,-0.5,1.5,60,har,seasonal,bps,-0.1629777406665316,-0.271169433128069,-0.0676665234303587,1.0
BTCUSDT,avoid_high,-0.5,1.5,60,har,seasonal,usd,-0.2103590571527666,-0.3123675553114428,-0.1251933630041257,1.0
BTCUSDT,avoid_high,-0.5,1.5,60,trailing,always,bps,-0.0858588925316836,-0.1645121463738086,-0.003846182426123,0.981
BTCUSDT,avoid_high,-0.5,1.5,60,trailing,always,usd,0.2041106320285005,0.1397791773064936,0.278432969127124,0.0
BTCUSDT,avoid_high,-0.5,1.5,300,har,trailing,bps,-0.1194945863800623,-0.285478749861015,0.0136634864211928,0.962
BTCUSDT,avoid_high,-0.5,1.5,300,har,trailing,usd,-0.1269402112410436,-0.2698029842063426,-0.0149565031663776,0.989
BTCUSDT,avoid_high,-0.5,1.5,300,har,always,bps,-0.2189772581967316,-0.3093565888313694,-0.1278630072891454,1.0
BTCUSDT,avoid_high,-0.5,1.5,300,har,always,usd,0.0881076757539908,0.0221517307265088,0.1530094921181058,0.005
BTCUSDT,avoid_high,-0.5,1.5,300,har,seasonal,bps,-0.3261471667197899,-0.5788777968927767,-0.1197477868064862,0.999
BTCUSDT,avoid_high,-0.5,1.5,300,har,seasonal,usd,-0.3510182519163045,-0.5728576405098934,-0.1756181785339762,1.0
BTCUSDT,avoid_high,-0.5,1.5,300,trailing,always,bps,-0.0994826718166692,-0.2366134055582616,0.0590555231420786,0.903
BTCUSDT,avoid_high,-0.5,1.5,300,trailing,always,usd,0.2150478869950344,0.0992568045405617,0.3631670869539485,0.0
BTCUSDT,avoid_high,0.0,1.0,10,har,trailing,bps,-0.0015896538610648,-0.0174471254441442,0.013080400618113,0.587
BTCUSDT,avoid_high,0.0,1.0,10,har,trailing,usd,-0.0079994410208027,-0.0235471563817231,0.0065619181277362,0.845
BTCUSDT,avoid_high,0.0,1.0,10,har,always,bps,-0.002514415817034,-0.0245183607697538,0.0200042945718198,0.629
BTCUSDT,avoid_high,0.0,1.0,10,har,always,usd,0.0730230598947186,0.0528370017652606,0.0964799240807396,0.0
BTCUSDT,avoid_high,0.0,1.0,10,har,seasonal,bps,-0.0159714676316867,-0.0446562120548706,0.0115506701104847,0.87
BTCUSDT,avoid_high,0.0,1.0,10,har,seasonal,usd,-0.0348027793456889,-0.0621454398412441,-0.0100040820681135,0.998
BTCUSDT,avoid_high,0.0,1.0,10,trailing,always,bps,-0.0009247619559692,-0.024942601993055,0.023323502596718,0.568
BTCUSDT,avoid_high,0.0,1.0,10,trailing,always,usd,0.0810225009155213,0.058533916911169,0.1055235505719676,0.0
BTCUSDT,avoid_high,0.0,1.0,60,har,trailing,bps,-0.0304654975327163,-0.0808232891956626,0.0111056972777923,0.914
BTCUSDT,avoid_high,0.0,1.0,60,har,trailing,usd,-0.0366694462676965,-0.0815164737863974,-0.000433571110213,0.975
BTCUSDT,avoid_high,0.0,1.0,60,har,always,bps,-0.0902560201017417,-0.1222981677726258,-0.0593083166325333,1.0
BTCUSDT,avoid_high,0.0,1.0,60,har,always,usd,0.0377166926013544,0.016881335327839,0.0600135656654291,0.0
BTCUSDT,avoid_high,0.0,1.0,60,har,seasonal,bps,-0.0889106149829486,-0.1519894487876134,-0.0335084920661505,1.0
BTCUSDT,avoid_high,0.0,1.0,60,har,seasonal,usd,-0.1085126410479403,-0.1653431629013491,-0.061234938825529,1.0
BTCUSDT,avoid_high,0.0,1.0,60,trailing,always,bps,-0.0597905225690254,-0.1091780064126284,-0.0082939300640771,0.986
BTCUSDT,avoid_high,0.0,1.0,60,trailing,always,usd,0.074386138869051,0.0364703352495845,0.1187302737334938,0.0
BTCUSDT,avoid_high,0.0,1.0,300,har,trailing,bps,-0.0777973106032922,-0.1889049217048378,0.0091023609395269,0.962
BTCUSDT,avoid_high,0.0,1.0,300,har,trailing,usd,-0.0782089627417825,-0.173017494719813,-0.0061903449603688,0.981
BTCUSDT,avoid_high,0.0,1.0,300,har,always,bps,-0.1465732694001659,-0.2058050860268235,-0.0876429430912237,1.0
BTCUSDT,avoid_high,0.0,1.0,300,har,always,usd,0.0036841230797308,-0.0388820730421341,0.0439899812465634,0.426
BTCUSDT,avoid_high,0.0,1.0,300,har,seasonal,bps,-0.1975991951055579,-0.3530509922555775,-0.0723436779943077,0.999
BTCUSDT,avoid_high,0.0,1.0,300,har,seasonal,usd,-0.2022331262144915,-0.338285849680935,-0.0971185774132424,1.0
BTCUSDT,avoid_high,0.0,1.0,300,trailing,always,bps,-0.0687759587968737,-0.1592981540243289,0.0354921454839405,0.913
BTCUSDT,avoid_high,0.0,1.0,300,trailing,always,usd,0.0818930858215134,0.0085251762587282,0.1773886351326847,0.011
BTCUSDT,avoid_high,0.0,1.5,10,har,trailing,bps,-0.0051037358357448,-0.0319939726900161,0.0211127635603031,0.667
BTCUSDT,avoid_high,0.0,1.5,10,har,trailing,usd,-0.0283118687373049,-0.061281342254721,0.0037944087992379,0.959
BTCUSDT,avoid_high,0.0,1.5,10,har,always,bps,-0.002949339055121,-0.0365792057704512,0.030528195655599,0.586
BTCUSDT,avoid_high,0.0,1.5,10,har,always,usd,0.2693152500067297,0.2242269453520389,0.3216442064622085,0.0
BTCUSDT,avoid_high,0.0,1.5,10,har,seasonal,bps,-0.0538619456427345,-0.0976917552826211,-0.016357784174119,0.999
BTCUSDT,avoid_high,0.0,1.5,10,har,seasonal,usd,-0.1224737184879085,-0.1805063447885432,-0.0695236665430824,1.0
BTCUSDT,avoid_high,0.0,1.5,10,trailing,always,bps,0.0021543967806237,-0.0368584522930617,0.0423877714008807,0.476
BTCUSDT,avoid_high,0.0,1.5,10,trailing,always,usd,0.2976271187440347,0.2448893260912241,0.3565104815340653,0.0
BTCUSDT,avoid_high,0.0,1.5,60,har,trailing,bps,-0.0484228172935088,-0.1258106527471056,0.0157670279020211,0.923
BTCUSDT,avoid_high,0.0,1.5,60,har,trailing,usd,-0.0713184392855197,-0.1445019080484928,-0.0104287232104291,0.994
BTCUSDT,avoid_high,0.0,1.5,60,har,always,bps,-0.1342817098251922,-0.1858451324145371,-0.0815266592478639,1.0
BTCUSDT,avoid_high,0.0,1.5,60,har,always,usd,0.2166033507586572,0.1760216962765424,0.2621276083029503,0.0
BTCUSDT,avoid_high,0.0,1.5,60,har,seasonal,bps,-0.1629777406665311,-0.2711694331280693,-0.0676665234303587,1.0
BTCUSDT,avoid_high,0.0,1.5,60,har,seasonal,usd,-0.2327944074557414,-0.3409907530933388,-0.1409866999508979,1.0
BTCUSDT,avoid_high,0.0,1.5,60,trailing,always,bps,-0.0858588925316833,-0.1645121463738094,-0.0038461824261227,0.981
BTCUSDT,avoid_high,0.0,1.5,60,trailing,always,usd,0.2879217900441769,0.2184416141059041,0.3680604450985094,0.0
BTCUSDT,avoid_high,0.0,1.5,300,har,trailing,bps,-0.1194945863800632,-0.2854787498610153,0.0136634864211928,0.962
BTCUSDT,avoid_high,0.0,1.5,300,har,trailing,usd,-0.1337935777929867,-0.2781829905734811,-0.0195744962584365,0.992
BTCUSDT,avoid_high,0.0,1.5,300,har,always,bps,-0.2189772581967327,-0.3093565888313692,-0.1278630072891456,1.0
BTCUSDT,avoid_high,0.0,1.5,300,har,always,usd,0.1648495022226079,0.0949831216326469,0.2307844339208704,0.0
BTCUSDT,avoid_high,0.0,1.5,300,har,seasonal,bps,-0.3261471667197907,-0.5788777968927766,-0.1197477868064861,0.999
BTCUSDT,avoid_high,0.0,1.5,300,har,seasonal,usd,-0.3733903060448182,-0.5976227828429639,-0.1915488725392091,1.0
BTCUSDT,avoid_high,0.0,1.5,300,trailing,always,bps,-0.0994826718166694,-0.2366134055582616,0.0590555231420783,0.903
BTCUSDT,avoid_high,0.0,1.5,300,trailing,always,usd,0.2986430800155947,0.1820834548778752,0.4504130875992412,0.0
BTCUSDT,avoid_high,1.0,1.0,10,har,trailing,bps,-0.0015896538610649,-0.0174471254441442,0.0130804006181128,0.587
BTCUSDT,avoid_high,1.0,1.0,10,har,trailing,usd,-0.0216113806991328,-0.0456111966984925,-0.0003037460770751,0.976
BTCUSDT,avoid_high,1.0,1.0,10,har,always,bps,-0.002514415817034,-0.0245183607697538,0.0200042945718199,0.629
BTCUSDT,avoid_high,1.0,1.0,10,har,always,usd,0.2270334362477409,0.193501119291271,0.2642499191481577,0.0
BTCUSDT,avoid_high,1.0,1.0,10,har,seasonal,bps,-0.0159714676316863,-0.0446562120548705,0.0115506701104849,0.87
BTCUSDT,avoid_high,1.0,1.0,10,har,seasonal,usd,-0.0796734799516386,-0.1211227487419786,-0.0417540888705003,1.0
BTCUSDT,avoid_high,1.0,1.0,10,trailing,always,bps,-0.000924761955969,-0.0249426019930554,0.0233235025967181,0.568
BTCUSDT,avoid_high,1.0,1.0,10,trailing,always,usd,0.2486448169468738,0.2067003713411943,0.2903701139715905,0.0
BTCUSDT,avoid_high,1.0,1.0,60,har,trailing,bps,-0.0304654975327161,-0.0808232891956627,0.0111056972777922,0.914
BTCUSDT,avoid_high,1.0,1.0,60,har,trailing,usd,-0.0502813859460264,-0.0991376539214877,-0.0100477650391426,0.994
BTCUSDT,avoid_high,1.0,1.0,60,har,always,bps,-0.0902560201017415,-0.1222981677726256,-0.0593083166325334,1.0
BTCUSDT,avoid_high,1.0,1.0,60,har,always,usd,0.191727068954377,0.1629368570197444,0.2251520216693275,0.0
BTCUSDT,avoid_high,1.0,1.0,60,har,seasonal,bps,-0.0889106149829484,-0.1519894487876131,-0.0335084920661498,1.0
BTCUSDT,avoid_high,1.0,1.0,60,har,seasonal,usd,-0.15338334165389,-0.2210656898889747,-0.0945468770262386,1.0
BTCUSDT,avoid_high,1.0,1.0,60,trailing,always,bps,-0.0597905225690253,-0.109178006412629,-0.0082939300640773,0.986
BTCUSDT,avoid_high,1.0,1.0,60,trailing,always,usd,0.2420084549004035,0.1936031315738665,0.2959507195582139,0.0
BTCUSDT,avoid_high,1.0,1.0,300,har,trailing,bps,-0.0777973106032921,-0.1889049217048377,0.0091023609395272,0.962
BTCUSDT,avoid_high,1.0,1.0,300,har,trailing,usd,-0.0919156958456676,-0.1894278270863444,-0.0166096484598799,0.994
BTCUSDT,avoid_high,1.0,1.0,300,har,always,bps,-0.1465732694001659,-0.2058050860268232,-0.0876429430912238,1.0
BTCUSDT,avoid_high,1.0,1.0,300,har,always,usd,0.157167776016967,0.1121150295851864,0.2037735099782537,0.0
BTCUSDT,avoid_high,1.0,1.0,300,har,seasonal,bps,-0.1975991951055577,-0.3530509922555774,-0.0723436779943079,0.999
BTCUSDT,avoid_high,1.0,1.0,300,har,seasonal,usd,-0.2469772344715176,-0.3887917046281065,-0.1317616508014333,1.0
BTCUSDT,avoid_high,1.0,1.0,300,trailing,always,bps,-0.0687759587968738,-0.1592981540243296,0.0354921454839405,0.913
BTCUSDT,avoid_high,1.0,1.0,300,trailing,always,usd,0.2490834718626347,0.168367386005666,0.3501600253360455,0.0
BTCUSDT,avoid_high,1.0,1.5,10,har,trailing,bps,-0.0051037358357451,-0.0319939726900159,0.0211127635603026,0.667
BTCUSDT,avoid_high,1.0,1.5,10,har,trailing,usd,-0.0419238084156351,-0.084143268398253,-0.0018157787821458,0.983
BTCUSDT,avoid_high,1.0,1.5,10,har,always,bps,-0.0029493390551218,-0.0365792057704517,0.0305281956555987,0.586
BTCUSDT,avoid_high,1.0,1.5,10,har,always,usd,0.4233256263597518,0.3612113168629427,0.4909624642833773,0.0
BTCUSDT,avoid_high,1.0,1.5,10,har,seasonal,bps,-0.0538619456427351,-0.0976917552826203,-0.0163577841741187,0.999
BTCUSDT,avoid_high,1.0,1.5,10,har,seasonal,usd,-0.1673444190938587,-0.2431792619396976,-0.0947293267579913,1.0
BTCUSDT,avoid_high,1.0,1.5,10,trailing,always,bps,0.0021543967806232,-0.0368584522930619,0.0423877714008807,0.476
BTCUSDT,avoid_high,1.0,1.5,10,trailing,always,usd,0.4652494347753869,0.3925119308040835,0.5429026845813012,0.0
BTCUSDT,avoid_high,1.0,1.5,60,har,trailing,bps,-0.0484228172935091,-0.1258106527471053,0.0157670279020208,0.923
BTCUSDT,avoid_high,1.0,1.5,60,har,trailing,usd,-0.0849303789638497,-0.1643134497115861,-0.0181274273855224,0.996
BTCUSDT,avoid_high,1.0,1.5,60,har,always,bps,-0.1342817098251927,-0.1858451324145373,-0.0815266592478639,1.0
BTCUSDT,avoid_high,1.0,1.5,60,har,always,usd,0.3706137271116794,0.3184282947718063,0.4298350856735042,0.0
BTCUSDT,avoid_high,1.0,1.5,60,har,seasonal,bps,-0.1629777406665319,-0.2711694331280685,-0.0676665234303584,1.0
BTCUSDT,avoid_high,1.0,1.5,60,har,seasonal,usd,-0.2776651080616916,-0.4000479542744728,-0.171264985953415,1.0
BTCUSDT,avoid_high,1.0,1.5,60,trailing,always,bps,-0.0858588925316836,-0.1645121463738092,-0.0038461824261233,0.981
BTCUSDT,avoid_high,1.0,1.5,60,trailing,always,usd,0.4555441060755291,0.3716217009196489,0.5497421794610539,0.0
BTCUSDT,avoid_high,1.0,1.5,300,har,trailing,bps,-0.1194945863800629,-0.2854787498610147,0.0136634864211923,0.962
BTCUSDT,avoid_high,1.0,1.5,300,har,trailing,usd,-0.1475003108968721,-0.2950921113592475,-0.0302632352545011,0.995
BTCUSDT,avoid_high,1.0,1.5,300,har,always,bps,-0.2189772581967318,-0.3093565888313694,-0.1278630072891451,1.0
BTCUSDT,avoid_high,1.0,1.5,300,har,always,usd,0.3183331551598446,0.244583103502754,0.3926564332063426,0.0
BTCUSDT,avoid_high,1.0,1.5,300,har,seasonal,bps,-0.3261471667197901,-0.578877796892777,-0.1197477868064856,0.999
BTCUSDT,avoid_high,1.0,1.5,300,har,seasonal,usd,-0.418134414301844,-0.6476750268898888,-0.2281333088881828,1.0
BTCUSDT,avoid_high,1.0,1.5,300,trailing,always,bps,-0.0994826718166689,-0.2366134055582608,0.059055523142078,0.903
BTCUSDT,avoid_high,1.0,1.5,300,trailing,always,usd,0.4658334660567167,0.3379410666605656,0.621637992307681,0.0
BTCUSDT,avoid_low,-0.5,1.0,10,har,trailing,bps,-0.0068356388479122,-0.0599497589818729,0.0367930730045994,0.578
BTCUSDT,avoid_low,-0.5,1.0,10,har,trailing,usd,-0.0051038299039816,-0.0421301154912383,0.025789195672663,0.584
BTCUSDT,avoid_low,-0.5,1.0,10,har,always,bps,0.0208728702946085,-0.0171794577605303,0.0669476193300281,0.176
BTCUSDT,avoid_low,-0.5,1.0,10,har,always,usd,0.0108928542718008,-0.0234515466848576,0.0484413024986651,0.272
BTCUSDT,avoid_low,-0.5,1.0,10,har,seasonal,bps,0.0155451286990839,-0.0215377373428988,0.046189213992891,0.191
BTCUSDT,avoid_low,-0.5,1.0,10,har,seasonal,usd,0.0103056386449256,-0.0161061184398027,0.0333041267611357,0.201
BTCUSDT,avoid_low,-0.5,1.0,10,trailing,always,bps,0.0277085091425207,-0.0287064562615979,0.0833678626219522,0.18
BTCUSDT,avoid_low,-0.5,1.0,10,trailing,always,usd,0.0159966841757824,-0.0308717496395834,0.0716500977267465,0.274
BTCUSDT,avoid_low,-0.5,1.0,60,har,trailing,bps,-0.0413341446699672,-0.1495850255587502,0.0364266567403843,0.782
BTCUSDT,avoid_low,-0.5,1.0,60,har,trailing,usd,-0.0282223624956959,-0.1028910308869465,0.0268231472390799,0.772
BTCUSDT,avoid_low,-0.5,1.0,60,har,always,bps,0.1316751133354205,0.0245591575515289,0.248439794964784,0.004
BTCUSDT,avoid_low,-0.5,1.0,60,har,always,usd,0.1647236529387833,0.0687415593062533,0.2693742684977863,0.0
BTCUSDT,avoid_low,-0.5,1.0,60,har,seasonal,bps,0.0735032221083644,0.0029128005962439,0.1387830848944064,0.02
BTCUSDT,avoid_low,-0.5,1.0,60,har,seasonal,usd,0.0567488070858081,0.0057678401126053,0.1054650637749343,0.013
BTCUSDT,avoid_low,-0.5,1.0,60,trailing,always,bps,0.1730092580053877,0.0541255899017537,0.2987225298618401,0.001
BTCUSDT,avoid_low,-0.5,1.0,60,trailing,always,usd,0.1929460154344793,0.0800472638176648,0.3176261579422825,0.0
BTCUSDT,avoid_low,-0.5,1.0,300,har,trailing,bps,-0.0321598937417402,-0.1363831144547139,0.0770471163819054,0.738
BTCUSDT,avoid_low,-0.5,1.0,300,har,trailing,usd,-0.0217225363703008,-0.094511456239612,0.0583832327066414,0.737
BTCUSDT,avoid_low,-0.5,1.0,300,har,always,bps,0.2225308972964461,0.0341239803433433,0.4260969257165659,0.011
BTCUSDT,avoid_low,-0.5,1.0,300,har,always,usd,0.2559049664473569,0.0795066028397378,0.4311274918339828,0.0
BTCUSDT,avoid_low,-0.5,1.0,300,har,seasonal,bps,0.133364274817518,-0.0092815442894169,0.3002447123235753,0.039
BTCUSDT,avoid_low,-0.5,1.0,300,har,seasonal,usd,0.100170120901836,-0.0022856704061413,0.2230478234708064,0.032
BTCUSDT,avoid_low,-0.5,1.0,300,trailing,always,bps,0.2546907910381863,0.075721171786136,0.4333262883892173,0.001
BTCUSDT,avoid_low,-0.5,1.0,300,trailing,always,usd,0.2776275028176578,0.1126031974391975,0.4465381699325716,0.001
BTCUSDT,avoid_low,-0.5,1.5,10,har,trailing,bps,-0.0477433667693893,-0.1668873197497608,0.0279991215216109,0.819
BTCUSDT,avoid_low,-0.5,1.5,10,har,trailing,usd,-0.022636590552073,-0.1062977858756075,0.0357196896204766,0.689
BTCUSDT,avoid_low,-0.5,1.5,10,har,always,bps,-0.0235328708305114,-0.0815937872382163,0.0428208105690319,0.774
BTCUSDT,avoid_low,-0.5,1.5,10,har,always,usd,0.3670956732220019,0.2932109297289944,0.4449991795192802,0.0
BTCUSDT,avoid_low,-0.5,1.5,10,har,seasonal,bps,0.0096938163800572,-0.0639628270222865,0.0642883353123814,0.356
BTCUSDT,avoid_low,-0.5,1.5,10,har,seasonal,usd,0.0460923524049803,-0.0299131552612753,0.1055209154860916,0.122
BTCUSDT,avoid_low,-0.5,1.5,10,trailing,always,bps,0.0242104959388778,-0.0656080470956815,0.1280783735578834,0.337
BTCUSDT,avoid_low,-0.5,1.5,10,trailing,always,usd,0.389732263774075,0.2822359299586212,0.5122870302793522,0.0
BTCUSDT,avoid_low,-0.5,1.5,60,har,trailing,bps,-0.0995041917081597,-0.2985699191176961,0.0344839207145347,0.885
BTCUSDT,avoid_low,-0.5,1.5,60,har,trailing,usd,-0.0573225034537298,-0.2042686968646378,0.0436357971953221,0.8
BTCUSDT,avoid_low,-0.5,1.5,60,har,always,bps,0.1426115799426554,-0.0239598815639394,0.3195329508710472,0.045
BTCUSDT,avoid_low,-0.5,1.5,60,har,always,usd,0.5978219707169725,0.4317622824557831,0.7739218053054099,0.0
BTCUSDT,avoid_low,-0.5,1.5,60,har,seasonal,bps,0.0965985667009044,-0.0200785081501213,0.2056570501642441,0.053
BTCUSDT,avoid_low,-0.5,1.5,60,har,seasonal,usd,0.1157374532678891,0.0055447127326453,0.2158908684438715,0.02
BTCUSDT,avoid_low,-0.5,1.5,60,trailing,always,bps,0.2421157716508152,0.0503224956474301,0.4473874411011447,0.003
BTCUSDT,avoid_low,-0.5,1.5,60,trailing,always,usd,0.6551444741707023,0.4476108412683613,0.878649171865929,0.0
BTCUSDT,avoid_low,-0.5,1.5,300,har,trailing,bps,-0.0859659318470023,-0.2706520144142803,0.089702732833941,0.843
BTCUSDT,avoid_low,-0.5,1.5,300,har,trailing,usd,-0.0476563318500757,-0.1791612477787708,0.084746482516817,0.776
BTCUSDT,avoid_low,-0.5,1.5,300,har,always,bps,0.2787795041081357,-0.0100295703953149,0.5913686995517249,0.031
BTCUSDT,avoid_low,-0.5,1.5,300,har,always,usd,0.7353098168426832,0.4623933445817858,1.0252395516270127,0.0
BTCUSDT,avoid_low,-0.5,1.5,300,har,seasonal,bps,0.1864226576032558,-0.0446775895480995,0.4457813972238768,0.069
BTCUSDT,avoid_low,-0.5,1.5,300,har,seasonal,usd,0.1806007348478331,-0.0095309476188788,0.3853959376193359,0.036
BTCUSDT,avoid_low,-0.5,1.5,300,trailing,always,bps,0.3647454359551381,0.088914056310318,0.6460809793278793,0.001
BTCUSDT,avoid_low,-0.5,1.5,300,trailing,always,usd,0.7829661486927589,0.5029294198066688,1.0798171759149189,0.0
BTCUSDT,avoid_low,0.0,1.0,10,har,trailing,bps,-0.0068356388479122,-0.0599497589818728,0.0367930730045995,0.578
BTCUSDT,avoid_low,0.0,1.0,10,har,trailing,usd,-0.0008191786154699,-0.0388155746047576,0.0299107865806988,0.484
BTCUSDT,avoid_low,0.0,1.0,10,har,always,bps,0.0208728702946083,-0.0171794577605304,0.0669476193300282,0.176
BTCUSDT,avoid_low,0.0,1.0,10,har,always,usd,0.1624853736412998,0.1223347871326568,0.2061240252723241,0.0
BTCUSDT,avoid_low,0.0,1.0,10,har,seasonal,bps,0.0155451286990839,-0.0215377373428989,0.0461892139928909,0.191
BTCUSDT,avoid_low,0.0,1.0,10,har,seasonal,usd,0.0254574951017356,-0.0120551043876356,0.0530118613331024,0.086
BTCUSDT,avoid_low,0.0,1.0,10,trailing,always,bps,0.0277085091425206,-0.0287064562615979,0.0833678626219522,0.18
BTCUSDT,avoid_low,0.0,1.0,10,trailing,always,usd,0.1633045522567698,0.1088265138180438,0.2266593406762467,0.0
BTCUSDT,avoid_low,0.0,1.0,60,har,trailing,bps,-0.0413341446699674,-0.1495850255587502,0.0364266567403842,0.782
BTCUSDT,avoid_low,0.0,1.0,60,har,trailing,usd,-0.0239377112071842,-0.1030104614621957,0.032829382203131,0.732
BTCUSDT,avoid_low,0.0,1.0,60,har,always,bps,0.1316751133354204,0.0245591575515288,0.248439794964784,0.004
BTCUSDT,avoid_low,0.0,1.0,60,har,always,usd,0.3163161723082824,0.2152912468038645,0.4272151783948141,0.0
BTCUSDT,avoid_low,0.0,1.0,60,har,seasonal,bps,0.0735032221083643,0.0029128005962437,0.1387830848944063,0.02
BTCUSDT,avoid_low,0.0,1.0,60,har,seasonal,usd,0.071900663542618,0.0140165736547559,0.1280781591048167,0.01
BTCUSDT,avoid_low,0.0,1.0,60,trailing,always,bps,0.1730092580053878,0.0541255899017536,0.2987225298618401,0.001
BTCUSDT,avoid_low,0.0,1.0,60,trailing,always,usd,0.3402538835154667,0.219182037321703,0.4725924307866044,0.0
BTCUSDT,avoid_low,0.0,1.0,300,har,trailing,bps,-0.0321598937417403,-0.1363831144547141,0.0770471163819053,0.738
BTCUSDT,avoid_low,0.0,1.0,300,har,trailing,usd,-0.0174185212328113,-0.0923721874842227,0.0632564955922189,0.676
BTCUSDT,avoid_low,0.0,1.0,300,har,always,bps,0.222530897296446,0.0341239803433433,0.4260969257165661,0.011
BTCUSDT,avoid_low,0.0,1.0,300,har,always,usd,0.4077770186411326,0.2281798659558191,0.5947280031142987,0.0
BTCUSDT,avoid_low,0.0,1.0,300,har,seasonal,bps,0.133364274817518,-0.0092815442894169,0.3002447123235755,0.039
BTCUSDT,avoid_low,0.0,1.0,300,har,seasonal,usd,0.1152056038001325,0.0014776165254908,0.2434826807618624,0.022
BTCUSDT,avoid_low,0.0,1.0,300,trailing,always,bps,0.2546907910381863,0.0757211717861361,0.4333262883892173,0.001
BTCUSDT,avoid_low,0.0,1.0,300,trailing,always,usd,0.425195539873944,0.2485119836606111,0.6017996424941272,0.0
BTCUSDT,avoid_low,0.0,1.5,10,har,trailing,bps,-0.0477433667693899,-0.1668873197497606,0.0279991215216111,0.819
BTCUSDT,avoid_low,0.0,1.5,10,har,trailing,usd,-0.0183519392635616,-0.1040397944328012,0.0441799983291983,0.656
BTCUSDT,avoid_low,0.0,1.5,10,har,always,bps,-0.0235328708305117,-0.081593787238216,0.0428208105690316,0.774
BTCUSDT,avoid_low,0.0,1.5,10,har,always,usd,0.518688192591501,0.4350437916139241,0.6053528363167276,0.0
BTCUSDT,avoid_low,0.0,1.5,10,har,seasonal,bps,0.0096938163800572,-0.0639628270222865,0.0642883353123814,0.356
BTCUSDT,avoid_low,0.0,1.5,10,har,seasonal,usd,0.0612442088617903,-0.0281638034074221,0.1338571441617201,0.093
BTCUSDT,avoid_low,0.0,1.5,10,trailing,always,bps,0.0242104959388781,-0.0656080470956812,0.1280783735578833,0.337
BTCUSDT,avoid_low,0.0,1.5,10,trailing,always,usd,0.5370401318550627,0.4177474142483746,0.6691509437858634,0.0
BTCUSDT,avoid_low,0.0,1.5,60,har,trailing,bps,-0.0995041917081605,-0.2985699191176961,0.0344839207145347,0.885
BTCUSDT,avoid_low,0.0,1.5,60,har,trailing,usd,-0.0530378521652184,-0.1995518128471749,0.0506343918023687,0.769
BTCUSDT,avoid_low,0.0,1.5,60,har,always,bps,0.1426115799426554,-0.0239598815639394,0.3195329508710471,0.045
BTCUSDT,avoid_low,0.0,1.5,60,har,always,usd,0.7494144900864715,0.5757803764980595,0.933121620577585,0.0
BTCUSDT,avoid_low,0.0,1.5,60,har,seasonal,bps,0.0965985667009038,-0.0200785081501207,0.2056570501642436,0.053
BTCUSDT,avoid_low,0.0,1.5,60,har,seasonal,usd,0.1308893097246989,0.0066223501253188,0.241986828250226,0.017
BTCUSDT,avoid_low,0.0,1.5,60,trailing,always,bps,0.242115771650816,0.05032249564743,0.4473874411011455,0.003
BTCUSDT,avoid_low,0.0,1.5,60,trailing,always,usd,0.80245234225169,0.5837161658726544,1.034213150121435,0.0
BTCUSDT,avoid_low,0.0,1.5,300,har,trailing,bps,-0.0859659318470015,-0.27065201441428,0.0897027328339413,0.843
BTCUSDT,avoid_low,0.0,1.5,300,har,trailing,usd,-0.0433523167125858,-0.1783665994453159,0.0913539313990236,0.753
BTCUSDT,avoid_low,0.0,1.5,300,har,always,bps,0.2787795041081359,-0.0100295703953152,0.5913686995517249,0.031
BTCUSDT,avoid_low,0.0,1.5,300,har,always,usd,0.8871818690364586,0.6087937272160491,1.1861761808381732,0.0
BTCUSDT,avoid_low,0.0,1.5,300,har,seasonal,bps,0.1864226576032558,-0.0446775895480997,0.4457813972238768,0.069
BTCUSDT,avoid_low,0.0,1.5,300,har,seasonal,usd,0.1956362177461294,-0.0073779739534312,0.4087965120727918,0.03
BTCUSDT,avoid_low,0.0,1.5,300,trailing,always,bps,0.3647454359551375,0.088914056310318,0.6460809793278789,0.001
BTCUSDT,avoid_low,0.0,1.5,300,trailing,always,usd,0.9305341857490446,0.6504547712733327,1.2305381439992242,0.0
BTCUSDT,avoid_low,1.0,1.0,10,har,trailing,bps,-0.0068356388479122,-0.0599497589818729,0.0367930730045995,0.578
BTCUSDT,avoid_low,1.0,1.0,10,har,trailing,usd,0.0077501239615534,-0.0350920989671648,0.0457111678375867,0.355
BTCUSDT,avoid_low,1.0,1.0,10,har,always,bps,0.0208728702946083,-0.0171794577605306,0.0669476193300278,0.176
BTCUSDT,avoid_low,1.0,1.0,10,har,always,usd,0.465670412380298,0.4053786035048727,0.5279481469527352,0.0
BTCUSDT,avoid_low,1.0,1.0,10,har,seasonal,bps,0.0155451286990839,-0.0215377373428989,0.046189213992891,0.191
BTCUSDT,avoid_low,1.0,1.0,10,har,seasonal,usd,0.0557612080153557,-0.0053607966737514,0.109059135560633,0.042
BTCUSDT,avoid_low,1.0,1.0,10,trailing,always,bps,0.0277085091425206,-0.0287064562615977,0.0833678626219526,0.18
BTCUSDT,avoid_low,1.0,1.0,10,trailing,always,usd,0.4579202884187446,0.3806183549790169,0.5413843241467234,0.0
BTCUSDT,avoid_low,1.0,1.0,60,har,trailing,bps,-0.0413341446699674,-0.1495850255587505,0.036426656740384,0.782
BTCUSDT,avoid_low,1.0,1.0,60,har,trailing,usd,-0.0153684086301607,-0.0994262661620584,0.0473809675551971,0.654
BTCUSDT,avoid_low,1.0,1.0,60,har,always,bps,0.1316751133354204,0.0245591575515289,0.2484397949647835,0.004
BTCUSDT,avoid_low,1.0,1.0,60,har,always,usd,0.6195012110472808,0.5048052344274806,0.745429505160894,0.0
BTCUSDT,avoid_low,1.0,1.0,60,har,seasonal,bps,0.0735032221083642,0.0029128005962436,0.1387830848944062,0.02
BTCUSDT,avoid_low,1.0,1.0,60,har,seasonal,usd,0.1022043764562381,0.0212026752341048,0.1797926661928605,0.005
BTCUSDT,avoid_low,1.0,1.0,60,trailing,always,bps,0.1730092580053878,0.0541255899017539,0.2987225298618404,0.001
BTCUSDT,avoid_low,1.0,1.0,60,trailing,always,usd,0.6348696196774416,0.4902902860726114,0.7881450323886497,0.0
BTCUSDT,avoid_low,1.0,1.0,300,har,trailing,bps,-0.0321598937417407,-0.1363831144547144,0.0770471163819057,0.738
BTCUSDT,avoid_low,1.0,1.0,300,har,trailing,usd,-0.0088104909578326,-0.0918550201103273,0.0776943268733708,0.582
BTCUSDT,avoid_low,1.0,1.0,300,har,always,bps,0.2225308972964457,0.0341239803433434,0.4260969257165658,0.011
BTCUSDT,avoid_low,1.0,1.0,300,har,always,usd,0.7115211230286839,0.5265728770016607,0.9049693742320546,0.0
BTCUSDT,avoid_low,1.0,1.0,300,har,seasonal,bps,0.1333642748175176,-0.0092815442894166,0.3002447123235752,0.039
BTCUSDT,avoid_low,1.0,1.0,300,har,seasonal,usd,0.1452765695967252,0.011699486027028,0.2846605419584147,0.014
BTCUSDT,avoid_low,1.0,1.0,300,trailing,always,bps,0.2546907910381865,0.0757211717861363,0.4333262883892171,0.001
BTCUSDT,avoid_low,1.0,1.0,300,trailing,always,usd,0.7203316139865165,0.5376966537079728,0.920239601489924,0.0
BTCUSDT,avoid_low,1.0,1.5,10,har,trailing,bps,-0.0477433667693907,-0.1668873197497606,0.0279991215216108,0.819
BTCUSDT,avoid_low,1.0,1.5,10,har,trailing,usd,-0.0097826366865384,-0.0973603634707649,0.0611663245831354,0.556
BTCUSDT,avoid_low,1.0,1.5,10,har,always,bps,-0.0235328708305125,-0.0815937872382158,0.0428208105690316,0.774
BTCUSDT,avoid_low,1.0,1.5,10,har,always,usd,0.8218732313304989,0.7151444540885821,0.9294451488664304,0.0
BTCUSDT,avoid_low,1.0,1.5,10,har,seasonal,bps,0.0096938163800567,-0.0639628270222865,0.0642883353123819,0.356
BTCUSDT,avoid_low,1.0,1.5,10,har,seasonal,usd,0.09154792177541,-0.0240390904778772,0.1933109965922836,0.065
BTCUSDT,avoid_low,1.0,1.5,10,trailing,always,bps,0.0242104959388781,-0.065608047095682,0.1280783735578835,0.337
BTCUSDT,avoid_low,1.0,1.5,10,trailing,always,usd,0.8316558680170373,0.6871842391178489,0.9846786371605916,0.0
BTCUSDT,avoid_low,1.0,1.5,60,har,trailing,bps,-0.09950419170816,-0.2985699191176961,0.0344839207145347,0.885
BTCUSDT,avoid_low,1.0,1.5,60,har,trailing,usd,-0.0444685495881948,-0.1994836671557105,0.067495437638357,0.724
BTCUSDT,avoid_low,1.0,1.5,60,har,always,bps,0.1426115799426557,-0.0239598815639397,0.319532950871048,0.045
BTCUSDT,avoid_low,1.0,1.5,60,har,always,usd,1.0525995288254697,0.8658826145049215,1.2515700991868106,0.0
BTCUSDT,avoid_low,1.0,1.5,60,har,seasonal,bps,0.0965985667009041,-0.020078508150121,0.2056570501642436,0.053
BTCUSDT,avoid_low,1.0,1.5,60,har,seasonal,usd,0.161193022638319,0.0162120544814532,0.2943618596138537,0.015
BTCUSDT,avoid_low,1.0,1.5,60,trailing,always,bps,0.2421157716508157,0.0503224956474303,0.4473874411011447,0.003
BTCUSDT,avoid_low,1.0,1.5,60,trailing,always,usd,1.0970680784136646,0.8573882074741848,1.345539857979819,0.0
BTCUSDT,avoid_low,1.0,1.5,300,har,trailing,bps,-0.0859659318470023,-0.2706520144142808,0.0897027328339408,0.843
BTCUSDT,avoid_low,1.0,1.5,300,har,trailing,usd,-0.0347442864376072,-0.1768987975278116,0.1074765248407202,0.697
BTCUSDT,avoid_low,1.0,1.5,300,har,always,bps,0.2787795041081357,-0.0100295703953154,0.5913686995517246,0.031
BTCUSDT,avoid_low,1.0,1.5,300,har,always,usd,1.1909259734240103,0.904293833173424,1.4916499177417488,0.0
BTCUSDT,avoid_low,1.0,1.5,300,har,seasonal,bps,0.1864226576032561,-0.0446775895481,0.4457813972238765,0.069
BTCUSDT,avoid_low,1.0,1.5,300,har,seasonal,usd,0.2257071835427228,0.0039833768926249,0.4458438522829998,0.024
BTCUSDT,avoid_low,1.0,1.5,300,trailing,always,bps,0.3647454359551381,0.0889140563103188,0.6460809793278788,0.001
BTCUSDT,avoid_low,1.0,1.5,300,trailing,always,usd,1.2256702598616176,0.9266539132831366,1.5496236412475604,0.0
BNBUSDT,avoid_high,-0.5,1.0,10,har,trailing,bps,0.0273095600529449,-0.0076852875388194,0.0586072408661255,0.058
BNBUSDT,avoid_high,-0.5,1.0,10,har,trailing,usd,0.0278750009302036,0.0008841138674629,0.051551960106281,0.019
BNBUSDT,avoid_high,-0.5,1.0,10,har,always,bps,0.0243484295938105,-0.0065027444570899,0.0530410735888146,0.056
BNBUSDT,avoid_high,-0.5,1.0,10,har,always,usd,-0.0119575277108975,-0.0421653776685476,0.0153068861214812,0.781
BNBUSDT,avoid_high,-0.5,1.0,10,har,seasonal,bps,0.0148615108927838,-0.0276464054207039,0.0575519005699726,0.235
BNBUSDT,avoid_high,-0.5,1.0,10,har,seasonal,usd,0.0246916605256083,-0.0083951379880139,0.0563095256765735,0.071
BNBUSDT,avoid_high,-0.5,1.0,10,trailing,always,bps,-0.0029611304591343,-0.0415223882876011,0.0367493241289609,0.549
BNBUSDT,avoid_high,-0.5,1.0,10,trailing,always,usd,-0.0398325286411012,-0.0761426797117076,-0.0054188244822109,0.988
BNBUSDT,avoid_high,-0.5,1.0,60,har,trailing,bps,0.0333476994119461,-0.0381540134871061,0.1163335013737247,0.206
BNBUSDT,avoid_high,-0.5,1.0,60,har,trailing,usd,0.0164445797404009,-0.0434352023399843,0.0871090071416812,0.34
BNBUSDT,avoid_high,-0.5,1.0,60,har,always,bps,0.0386658879527843,-0.0213688640315962,0.1082490234510604,0.117
BNBUSDT,avoid_high,-0.5,1.0,60,har,always,usd,0.1036816315901913,0.0429256666179719,0.1773600136884754,0.0
BNBUSDT,avoid_high,-0.5,1.0,60,har,seasonal,bps,-0.0396495478297646,-0.0945098743397336,0.0086748889193831,0.931
BNBUSDT,avoid_high,-0.5,1.0,60,har,seasonal,usd,-0.0542948274844833,-0.1038562691639041,-0.0096020184237431,0.993
BNBUSDT,avoid_high,-0.5,1.0,60,trailing,always,bps,0.0053181885408382,-0.0461815891847631,0.0635725865366629,0.416
BNBUSDT,avoid_high,-0.5,1.0,60,trailing,always,usd,0.0872370518497903,0.036718261379246,0.1370062232521333,0.0
BNBUSDT,avoid_high,-0.5,1.0,300,har,trailing,bps,0.0138326749487988,-0.10651320496422,0.175160992580991,0.491
BNBUSDT,avoid_high,-0.5,1.0,300,har,trailing,usd,0.0016786127958314,-0.0962661742777254,0.1325106433446118,0.552
BNBUSDT,avoid_high,-0.5,1.0,300,har,always,bps,0.0323835952344914,-0.0619076337890026,0.1590444049591234,0.345
BNBUSDT,avoid_high,-0.5,1.0,300,har,always,usd,0.0914276368801278,-0.0055121206669542,0.2266246924303428,0.036
BNBUSDT,avoid_high,-0.5,1.0,300,har,seasonal,bps,-0.0714181604325068,-0.1855046424928035,0.0328769501315644,0.901
BNBUSDT,avoid_high,-0.5,1.0,300,har,seasonal,usd,-0.0767502190230621,-0.1707122441936709,0.0094285125181839,0.959
BNBUSDT,avoid_high,-0.5,1.0,300,trailing,always,bps,0.0185509202856926,-0.0726532051266113,0.1186328044792352,0.359
BNBUSDT,avoid_high,-0.5,1.0,300,trailing,always,usd,0.0897490240842963,0.01342469033241,0.1739356985041009,0.007
BNBUSDT,avoid_high,-0.5,1.5,10,har,trailing,bps,0.0492933402185054,-0.0114434752744415,0.1039532605651192,0.05
BNBUSDT,avoid_high,-0.5,1.5,10,har,trailing,usd,-0.0034186702758361,-0.0739686571727693,0.0617941662384782,0.55
BNBUSDT,avoid_high,-0.5,1.5,10,har,always,bps,0.1385028015406998,0.0884782602972488,0.1928384992625985,0.0
BNBUSDT,avoid_high,-0.5,1.5,10,har,always,usd,0.4069341516047735,0.327242472425913,0.4885221153813593,0.0
BNBUSDT,avoid_high,-0.5,1.5,10,har,seasonal,bps,0.0519047952909416,-0.0147470470343272,0.1180712941923319,0.078
BNBUSDT,avoid_high,-0.5,1.5,10,har,seasonal,usd,-0.0574896372245195,-0.1505669642232201,0.0309288917421111,0.899
BNBUSDT,avoid_high,-0.5,1.5,10,trailing,always,bps,0.0892094613221943,0.0294527884796932,0.1583687622439741,0.001
BNBUSDT,avoid_high,-0.5,1.5,10,trailing,always,usd,0.4103528218806097,0.3154848962353285,0.5133970220592704,0.0
BNBUSDT,avoid_high,-0.5,1.5,60,har,trailing,bps,0.0583824207973406,-0.0602351436275884,0.1984417927109526,0.192
BNBUSDT,avoid_high,-0.5,1.5,60,har,trailing,usd,-0.0205144941150447,-0.148417008029513,0.1178717152754093,0.655
BNBUSDT,avoid_high,-0.5,1.5,60,har,always,bps,0.1601556612560345,0.0626482220989961,0.2717837020437627,0.0
BNBUSDT,avoid_high,-0.5,1.5,60,har,always,usd,0.5804198137117728,0.4475356692053106,0.7337119666280503,0.0
BNBUSDT,avoid_high,-0.5,1.5,60,har,seasonal,bps,-0.0296622932693111,-0.121176149185283,0.0531367421411572,0.748
BNBUSDT,avoid_high,-0.5,1.5,60,har,seasonal,usd,-0.1757606863241756,-0.2978326147971882,-0.0589374712283577,0.999
BNBUSDT,avoid_high,-0.5,1.5,60,trailing,always,bps,0.1017732404586939,0.0209742520869031,0.1970343131794578,0.012
BNBUSDT,avoid_high,-0.5,1.5,60,trailing,always,usd,0.6009343078268176,0.4711129810909849,0.7423012748339579,0.0
BNBUSDT,avoid_high,-0.5,1.5,300,har,trailing,bps,0.0292781071752849,-0.159403596517184,0.2771351520446543,0.462
BNBUSDT,avoid_high,-0.5,1.5,300,har,trailing,usd,-0.0424395855395888,-0.2202894911282139,0.1684985149478978,0.697
BNBUSDT,avoid_high,-0.5,1.5,300,har,always,bps,0.1501885252156836,0.0006549902624513,0.3491643915998637,0.024
BNBUSDT,avoid_high,-0.5,1.5,300,har,always,usd,0.5615299408115796,0.3880556651254537,0.7753559530393578,0.0
BNBUSDT,avoid_high,-0.5,1.5,300,har,seasonal,bps,-0.0782905523256984,-0.2595152408571407,0.0843222023923658,0.82
BNBUSDT,avoid_high,-0.5,1.5,300,har,seasonal,usd,-0.210661947803886,-0.3803911616992373,-0.0420499660879356,0.995
BNBUSDT,avoid_high,-0.5,1.5,300,trailing,always,bps,0.1209104180403987,-0.0199253674611185,0.2836459803278345,0.053
BNBUSDT,avoid_high,-0.5,1.5,300,trailing,always,usd,0.6039695263511685,0.4487923839275855,0.7793902108912065,0.0
BNBUSDT,avoid_high,0.0,1.0,10,har,trailing,bps,0.0273095600529449,-0.0076852875388192,0.0586072408661254,0.058
BNBUSDT,avoid_high,0.0,1.0,10,har,trailing,usd,0.0144873483392201,-0.0164338995208852,0.043832178595524,0.176
BNBUSDT,avoid_high,0.0,1.0,10,har,always,bps,0.0243484295938105,-0.00650274445709,0.0530410735888145,0.056
BNBUSDT,avoid_high,0.0,1.0,10,har,always,usd,0.0712504207300265,0.0391193067836784,0.1025194684862658,0.0
BNBUSDT,avoid_high,0.0,1.0,10,har,seasonal,bps,0.014861510892784,-0.0276464054207038,0.0575519005699725,0.235
BNBUSDT,avoid_high,0.0,1.0,10,har,seasonal,usd,-0.0055670478276023,-0.0453066483872026,0.033626933323123,0.622
BNBUSDT,avoid_high,0.0,1.0,10,trailing,always,bps,-0.0029611304591344,-0.0415223882876011,0.036749324128961,0.549
BNBUSDT,avoid_high,0.0,1.0,10,trailing,always,usd,0.0567630723908063,0.0162358814311783,0.0989038605643253,0.005
BNBUSDT,avoid_high,0.0,1.0,60,har,trailing,bps,0.0333476994119461,-0.038154013487106,0.1163335013737246,0.206
BNBUSDT,avoid_high,0.0,1.0,60,har,trailing,usd,0.0030569271494175,-0.0624423647694977,0.0782941932602164,0.516
BNBUSDT,avoid_high,0.0,1.0,60,har,always,bps,0.0386658879527845,-0.0213688640315962,0.1082490234510604,0.117
BNBUSDT,avoid_high,0.0,1.0,60,har,always,usd,0.1868895800311156,0.1206066648714,0.2653872706745387,0.0
BNBUSDT,avoid_high,0.0,1.0,60,har,seasonal,bps,-0.0396495478297646,-0.0945098743397337,0.0086748889193831,0.931
BNBUSDT,avoid_high,0.0,1.0,60,har,seasonal,usd,-0.0845535358376941,-0.144011538582831,-0.0315638818860946,0.999
BNBUSDT,avoid_high,0.0,1.0,60,trailing,always,bps,0.0053181885408383,-0.0461815891847633,0.0635725865366632,0.416
BNBUSDT,avoid_high,0.0,1.0,60,trailing,always,usd,0.183832652881698,0.1254301567541039,0.2455761499774413,0.0
BNBUSDT,avoid_high,0.0,1.0,300,har,trailing,bps,0.0138326749487986,-0.1065132049642201,0.1751609925809909,0.491
BNBUSDT,avoid_high,0.0,1.0,300,har,trailing,usd,-0.0116829055463848,-0.1144108426608767,0.1199664761324171,0.618
BNBUSDT,avoid_high,0.0,1.0,300,har,always,bps,0.0323835952344913,-0.0619076337890025,0.1590444049591234,0.345
BNBUSDT,avoid_high,0.0,1.0,300,har,always,usd,0.1746222387613049,0.0734675421271558,0.3058527443487267,0.0
BNBUSDT,avoid_high,0.0,1.0,300,har,seasonal,bps,-0.0714181604325067,-0.1855046424928037,0.0328769501315642,0.901
BNBUSDT,avoid_high,0.0,1.0,300,har,seasonal,usd,-0.107119011579417,-0.2037191036054299,-0.0161800325919552,0.99
BNBUSDT,avoid_high,0.0,1.0,300,trailing,always,bps,0.0185509202856926,-0.0726532051266114,0.118632804479235,0.359
BNBUSDT,avoid_high,0.0,1.0,300,trailing,always,usd,0.1863051443076897,0.1036645046222778,0.2795337379633525,0.0
BNBUSDT,avoid_high,0.0,1.5,10,har,trailing,bps,0.0492933402185052,-0.0114434752744417,0.1039532605651189,0.05
BNBUSDT,avoid_high,0.0,1.5,10,har,trailing,usd,-0.0168063228668198,-0.0964101735573806,0.0568509700765038,0.662
BNBUSDT,avoid_high,0.0,1.5,10,har,always,bps,0.1385028015406998,0.0884782602972486,0.1928384992625985,0.0
BNBUSDT,avoid_high,0.0,1.5,10,har,always,usd,0.4901421000456975,0.4025211190440158,0.5824661729930496,0.0
BNBUSDT,avoid_high,0.0,1.5,10,har,seasonal,bps,0.0519047952909413,-0.0147470470343275,0.1180712941923316,0.078
BNBUSDT,avoid_high,0.0,1.5,10,har,seasonal,usd,-0.0877483455777303,-0.1972672656362217,0.0146367176900885,0.949
BNBUSDT,avoid_high,0.0,1.5,10,trailing,always,bps,0.0892094613221946,0.0294527884796937,0.1583687622439736,0.001
BNBUSDT,avoid_high,0.0,1.5,10,trailing,always,usd,0.5069484229125173,0.3957999488061968,0.6226220644219111,0.0
BNBUSDT,avoid_high,0.0,1.5,60,har,trailing,bps,0.0583824207973406,-0.0602351436275874,0.1984417927109537,0.192
BNBUSDT,avoid_high,0.0,1.5,60,har,trailing,usd,-0.0339021467060282,-0.1706974547551857,0.1122989659415152,0.706
BNBUSDT,avoid_high,0.0,1.5,60,har,always,bps,0.1601556612560351,0.0626482220989955,0.2717837020437627,0.0
BNBUSDT,avoid_high,0.0,1.5,60,har,always,usd,0.6636277621526968,0.524272953580031,0.8284850631363976,0.0
BNBUSDT,avoid_high,0.0,1.5,60,har,seasonal,bps,-0.0296622932693105,-0.1211761491852827,0.0531367421411562,0.748
BNBUSDT,avoid_high,0.0,1.5,60,har,seasonal,usd,-0.206019394677386,-0.340594939122863,-0.0781236087488567,0.999
BNBUSDT,avoid_high,0.0,1.5,60,trailing,always,bps,0.1017732404586945,0.0209742520869026,0.1970343131794576,0.012
BNBUSDT,avoid_high,0.0,1.5,60,trailing,always,usd,0.6975299088587249,0.5549775904542823,0.8519454797661178,0.0
BNBUSDT,avoid_high,0.0,1.5,300,har,trailing,bps,0.0292781071752843,-0.159403596517184,0.2771351520446548,0.462
BNBUSDT,avoid_high,0.0,1.5,300,har,trailing,usd,-0.0558011038818056,-0.2417958403032305,0.1598974548133761,0.738
BNBUSDT,avoid_high,0.0,1.5,300,har,always,bps,0.1501885252156831,0.0006549902624513,0.3491643915998642,0.024
BNBUSDT,avoid_high,0.0,1.5,300,har,always,usd,0.6447245426927563,0.4645224773194597,0.8656092177975125,0.0
BNBUSDT,avoid_high,0.0,1.5,300,har,seasonal,bps,-0.0782905523256987,-0.2595152408571404,0.0843222023923663,0.82
BNBUSDT,avoid_high,0.0,1.5,300,har,seasonal,usd,-0.241030740360241,-0.4268133642810354,-0.06139238533753,0.995
BNBUSDT,avoid_high,0.0,1.5,300,trailing,always,bps,0.1209104180403987,-0.019925367461119,0.2836459803278346,0.053
BNBUSDT,avoid_high,0.0,1.5,300,trailing,always,usd,0.700525646574562,0.5351520274855961,0.8881410850332119,0.0
BNBUSDT,avoid_high,1.0,1.0,10,har,trailing,bps,0.0273095600529448,-0.0076852875388191,0.0586072408661249,0.058
BNBUSDT,avoid_high,1.0,1.0,10,har,trailing,usd,-0.0122879568427467,-0.0583765831216046,0.0307468540740796,0.705
BNBUSDT,avoid_high,1.0,1.0,10,har,always,bps,0.0243484295938106,-0.0065027444570898,0.0530410735888144,0.056
BNBUSDT,avoid_high,1.0,1.0,10,har,always,usd,0.2376663176118751,0.1900852843112641,0.2876573840439587,0.0
BNBUSDT,avoid_high,1.0,1.0,10,har,seasonal,bps,0.0148615108927838,-0.0276464054207035,0.0575519005699723,0.235
BNBUSDT,avoid_high,1.0,1.0,10,har,seasonal,usd,-0.0660844645340239,-0.1317797296147526,-0.001674927436721,0.979
BNBUSDT,avoid_high,1.0,1.0,10,trailing,always,bps,-0.0029611304591342,-0.0415223882876012,0.0367493241289612,0.549
BNBUSDT,avoid_high,1.0,1.0,10,trailing,always,usd,0.2499542744546218,0.1855281521375542,0.3155026498715189,0.0
BNBUSDT,avoid_high,1.0,1.0,60,har,trailing,bps,0.0333476994119466,-0.038154013487106,0.1163335013737246,0.206
BNBUSDT,avoid_high,1.0,1.0,60,har,trailing,usd,-0.0237183780325489,-0.1027213575881189,0.0646197470488572,0.731
BNBUSDT,avoid_high,1.0,1.0,60,har,always,bps,0.0386658879527847,-0.0213688640315963,0.1082490234510604,0.117
BNBUSDT,avoid_high,1.0,1.0,60,har,always,usd,0.3533054769129643,0.2704359181875805,0.4481237730264741,0.0
BNBUSDT,avoid_high,1.0,1.0,60,har,seasonal,bps,-0.0396495478297644,-0.0945098743397342,0.0086748889193837,0.931
BNBUSDT,avoid_high,1.0,1.0,60,har,seasonal,usd,-0.1450709525441154,-0.2265345052653575,-0.0666220100686671,1.0
BNBUSDT,avoid_high,1.0,1.0,60,trailing,always,bps,0.005318188540838,-0.0461815891847637,0.0635725865366631,0.416
BNBUSDT,avoid_high,1.0,1.0,60,trailing,always,usd,0.3770238549455133,0.2955970570951902,0.4642867210621269,0.0
BNBUSDT,avoid_high,1.0,1.0,300,har,trailing,bps,0.0138326749487985,-0.1065132049642199,0.1751609925809915,0.491
BNBUSDT,avoid_high,1.0,1.0,300,har,trailing,usd,-0.0384059422308174,-0.1506491658052875,0.0992452741478796,0.751
BNBUSDT,avoid_high,1.0,1.0,300,har,always,bps,0.0323835952344912,-0.0619076337890025,0.1590444049591229,0.345
BNBUSDT,avoid_high,1.0,1.0,300,har,always,usd,0.341011442523659,0.2284400251926075,0.4819247047350481,0.0
BNBUSDT,avoid_high,1.0,1.0,300,har,seasonal,bps,-0.0714181604325071,-0.1855046424928035,0.0328769501315645,0.901
BNBUSDT,avoid_high,1.0,1.0,300,har,seasonal,usd,-0.1678565966921271,-0.2766807769880825,-0.0573148817914441,1.0
BNBUSDT,avoid_high,1.0,1.0,300,trailing,always,bps,0.0185509202856926,-0.0726532051266119,0.1186328044792347,0.359
BNBUSDT,avoid_high,1.0,1.0,300,trailing,always,usd,0.3794173847544764,0.2772658660959734,0.4914409597923763,0.0
BNBUSDT,avoid_high,1.0,1.5,10,har,trailing,bps,0.0492933402185057,-0.0114434752744428,0.1039532605651192,0.05
BNBUSDT,avoid_high,1.0,1.5,10,har,trailing,usd,-0.0435816280487866,-0.1401214532036575,0.0478029003660727,0.811
BNBUSDT,avoid_high,1.0,1.5,10,har,always,bps,0.1385028015407012,0.0884782602972488,0.1928384992625993,0.0
BNBUSDT,avoid_high,1.0,1.5,10,har,always,usd,0.6565579969275469,0.551043847549846,0.7696910460564553,0.0
BNBUSDT,avoid_high,1.0,1.5,10,har,seasonal,bps,0.0519047952909424,-0.014747047034327,0.1180712941923321,0.078
BNBUSDT,avoid_high,1.0,1.5,10,har,seasonal,usd,-0.1482657622841512,-0.2852432794292926,-0.0200656089719572,0.987
BNBUSDT,avoid_high,1.0,1.5,10,trailing,always,bps,0.0892094613221954,0.0294527884796929,0.1583687622439736,0.001
BNBUSDT,avoid_high,1.0,1.5,10,trailing,always,usd,0.7001396249763336,0.5619153730794759,0.8446496381874438,0.0
BNBUSDT,avoid_high,1.0,1.5,60,har,trailing,bps,0.0583824207973406,-0.0602351436275868,0.1984417927109542,0.192
BNBUSDT,avoid_high,1.0,1.5,60,har,trailing,usd,-0.0606774518879954,-0.213389839229184,0.0983037027700059,0.798
BNBUSDT,avoid_high,1.0,1.5,60,har,always,bps,0.1601556612560351,0.062648222098995,0.2717837020437632,0.0
BNBUSDT,avoid_high,1.0,1.5,60,har,always,usd,0.8300436590345455,0.6716206088387104,1.0152420032643104,0.0
BNBUSDT,avoid_high,1.0,1.5,60,har,seasonal,bps,-0.0296622932693105,-0.1211761491852827,0.0531367421411557,0.748
BNBUSDT,avoid_high,1.0,1.5,60,har,seasonal,usd,-0.2665368113838077,-0.4262488777872724,-0.1147843079534363,1.0
BNBUSDT,avoid_high,1.0,1.5,60,trailing,always,bps,0.1017732404586945,0.0209742520869026,0.1970343131794576,0.012
BNBUSDT,avoid_high,1.0,1.5,60,trailing,always,usd,0.8907211109225409,0.7245837255471935,1.0746634659464789,0.0
BNBUSDT,avoid_high,1.0,1.5,300,har,trailing,bps,0.0292781071752849,-0.1594035965171846,0.2771351520446543,0.462
BNBUSDT,avoid_high,1.0,1.5,300,har,trailing,usd,-0.0825241405662377,-0.2799842698736645,0.1409109163078823,0.788
BNBUSDT,avoid_high,1.0,1.5,300,har,always,bps,0.1501885252156836,0.0006549902624524,0.3491643915998642,0.024
BNBUSDT,avoid_high,1.0,1.5,300,har,always,usd,0.8111137464551111,0.6152815412014203,1.0491830636670345,0.0
BNBUSDT,avoid_high,1.0,1.5,300,har,seasonal,bps,-0.0782905523256992,-0.2595152408571409,0.0843222023923664,0.82
BNBUSDT,avoid_high,1.0,1.5,300,har,seasonal,usd,-0.3017683254729515,-0.5065503694200421,-0.1037358489109475,1.0
BNBUSDT,avoid_high,1.0,1.5,300,trailing,always,bps,0.1209104180403987,-0.0199253674611179,0.2836459803278361,0.053
BNBUSDT,avoid_high,1.0,1.5,300,trailing,always,usd,0.8936378870213487,0.6972695500297019,1.1026047782902235,0.0
BNBUSDT,avoid_low,-0.5,1.0,10,har,trailing,bps,-0.0606006500829295,-0.1118159390871009,-0.0094400135065572,0.993
BNBUSDT,avoid_low,-0.5,1.0,10,har,trailing,usd,-0.0399759977367761,-0.0760246898567086,-0.0044616206639657,0.991
BNBUSDT,avoid_low,-0.5,1.0,10,har,always,bps,-0.1119018353168056,-0.1519558382548152,-0.0648191998215233,1.0
BNBUSDT,avoid_low,-0.5,1.0,10,har,always,usd,-0.1345886920236784,-0.1795427037287843,-0.0901717654242851,1.0
BNBUSDT,avoid_low,-0.5,1.0,10,har,seasonal,bps,-0.0574231282692298,-0.1146676179587534,0.0084908075016978,0.956
BNBUSDT,avoid_low,-0.5,1.0,10,har,seasonal,usd,-0.0427936254291147,-0.0827423016272576,0.0041927434060713,0.965
BNBUSDT,avoid_low,-0.5,1.0,10,trailing,always,bps,-0.0513011852338761,-0.1085511672093858,0.0104020954743055,0.951
BNBUSDT,avoid_low,-0.5,1.0,10,trailing,always,usd,-0.0946126942869022,-0.1475871654421399,-0.0396473340827574,0.999
BNBUSDT,avoid_low,-0.5,1.0,60,har,trailing,bps,-0.0345955527473044,-0.106871708705568,0.042200248451798,0.813
BNBUSDT,avoid_low,-0.5,1.0,60,har,trailing,usd,-0.0385463428794497,-0.0902449350572002,0.0212010310638956,0.906
BNBUSDT,avoid_low,-0.5,1.0,60,har,always,bps,-0.1073882634424371,-0.1788214988696289,-0.0174516813717197,0.992
BNBUSDT,avoid_low,-0.5,1.0,60,har,always,usd,0.0412664535335172,-0.0249627680504756,0.127567165133027,0.142
BNBUSDT,avoid_low,-0.5,1.0,60,har,seasonal,bps,-0.0352148076775923,-0.1258080334703217,0.0879562509534017,0.719
BNBUSDT,avoid_low,-0.5,1.0,60,har,seasonal,usd,-0.0208745964501324,-0.0927937416464168,0.0711023059241858,0.662
BNBUSDT,avoid_low,-0.5,1.0,60,trailing,always,bps,-0.0727927106951326,-0.1588826238581334,0.0275801151127306,0.923
BNBUSDT,avoid_low,-0.5,1.0,60,trailing,always,usd,0.0798127964129669,0.0025592858878044,0.1725382200836343,0.021
BNBUSDT,avoid_low,-0.5,1.0,300,har,trailing,bps,0.0184188687009592,-0.0993735645436393,0.1485020187431155,0.37
BNBUSDT,avoid_low,-0.5,1.0,300,har,trailing,usd,0.0002251016295149,-0.0847560113943673,0.0904198770361638,0.484
BNBUSDT,avoid_low,-0.5,1.0,300,har,always,bps,-0.0791499647272169,-0.1844722676636208,0.0504038678277737,0.882
BNBUSDT,avoid_low,-0.5,1.0,300,har,always,usd,0.0499052492500793,-0.0391850945054225,0.1461525306412958,0.148
BNBUSDT,avoid_low,-0.5,1.0,300,har,seasonal,bps,0.0284472948994697,-0.1253583419339331,0.1966668955168338,0.34
BNBUSDT,avoid_low,-0.5,1.0,300,har,seasonal,usd,0.0249171707985674,-0.0938599912028338,0.15042931305031,0.316
BNBUSDT,avoid_low,-0.5,1.0,300,trailing,always,bps,-0.0975688334281762,-0.2429960529795949,0.0594098642125719,0.891
BNBUSDT,avoid_low,-0.5,1.0,300,trailing,always,usd,0.0496801476205644,-0.0630599955418885,0.1690359197383176,0.201
BNBUSDT,avoid_low,-0.5,1.5,10,har,trailing,bps,-0.1306149770202158,-0.2049847935420095,-0.0574849480175247,1.0
BNBUSDT,avoid_low,-0.5,1.5,10,har,trailing,usd,-0.1462109781951081,-0.2212022646567212,-0.068111856277921,1.0
BNBUSDT,avoid_low,-0.5,1.5,10,har,always,bps,-0.3001493644318327,-0.368181532632724,-0.2244337474353036,1.0
BNBUSDT,avoid_low,-0.5,1.5,10,har,always,usd,0.2680811289518856,0.1878859059574678,0.3596481608849919,0.0
BNBUSDT,avoid_low,-0.5,1.5,10,har,seasonal,bps,-0.1555499062553633,-0.2482316173805369,-0.049196376721455,0.999
BNBUSDT,avoid_low,-0.5,1.5,10,har,seasonal,usd,-0.095126146255496,-0.1972053252240156,0.0203579310314356,0.951
BNBUSDT,avoid_low,-0.5,1.5,10,trailing,always,bps,-0.169534387411617,-0.2585173077755597,-0.0697005345297864,0.998
BNBUSDT,avoid_low,-0.5,1.5,10,trailing,always,usd,0.4142921071469937,0.306576173505227,0.5331585701359675,0.0
BNBUSDT,avoid_low,-0.5,1.5,60,har,trailing,bps,-0.0914347116939433,-0.2072206669601305,0.0302536070187261,0.933
BNBUSDT,avoid_low,-0.5,1.5,60,har,trailing,usd,-0.1439312974411873,-0.250030702395273,-0.0264543578147962,0.988
BNBUSDT,avoid_low,-0.5,1.5,60,har,always,bps,-0.2935441051948677,-0.4150155549541803,-0.1431888825244522,1.0
BNBUSDT,avoid_low,-0.5,1.5,60,har,always,usd,0.5315441834225819,0.4002958940411436,0.6861634076650628,0.0
BNBUSDT,avoid_low,-0.5,1.5,60,har,seasonal,bps,-0.1224202027537771,-0.2746740542709811,0.0789779560403953,0.906
BNBUSDT,avoid_low,-0.5,1.5,60,har,seasonal,usd,-0.0623865342182779,-0.224188787866592,0.1170454505117134,0.736
BNBUSDT,avoid_low,-0.5,1.5,60,trailing,always,bps,-0.2021093935009244,-0.3496497467372774,-0.0350386832654993,0.987
BNBUSDT,avoid_low,-0.5,1.5,60,trailing,always,usd,0.6754754808637693,0.5135868407908026,0.870136435449478,0.0
BNBUSDT,avoid_low,-0.5,1.5,300,har,trailing,bps,-0.0116007378460564,-0.1941424310155036,0.1769937647297694,0.531
BNBUSDT,avoid_low,-0.5,1.5,300,har,trailing,usd,-0.0856733603877134,-0.2277570019522164,0.0744633937936726,0.835
BNBUSDT,avoid_low,-0.5,1.5,300,har,always,bps,-0.2499856378268235,-0.4209217617418502,-0.0382781300689908,0.991
BNBUSDT,avoid_low,-0.5,1.5,300,har,always,usd,0.5448242202485702,0.3868463103942541,0.7074498331974661,0.0
BNBUSDT,avoid_low,-0.5,1.5,300,har,seasonal,bps,-0.0263312091921294,-0.2751586591391072,0.2385141171438837,0.567
BNBUSDT,avoid_low,-0.5,1.5,300,har,seasonal,usd,0.0059251681037488,-0.2193269908555569,0.2298502680966532,0.463
BNBUSDT,avoid_low,-0.5,1.5,300,trailing,always,bps,-0.2383848999807671,-0.4634029025211942,0.0149654019805947,0.968
BNBUSDT,avoid_low,-0.5,1.5,300,trailing,always,usd,0.6304975806362838,0.4228031460700056,0.8564897422383748,0.0
BNBUSDT,avoid_low,0.0,1.0,10,har,trailing,bps,-0.0606006500829295,-0.1118159390871008,-0.0094400135065571,0.993
BNBUSDT,avoid_low,0.0,1.0,10,har,trailing,usd,-0.0534506889303368,-0.0936440301010945,-0.0154848271917056,0.997
BNBUSDT,avoid_low,0.0,1.0,10,har,always,bps,-0.1119018353168057,-0.1519558382548152,-0.0648191998215233,1.0
BNBUSDT,avoid_low,0.0,1.0,10,har,always,usd,0.0038914870664026,-0.0426809660435723,0.0527293983221728,0.438
BNBUSDT,avoid_low,0.0,1.0,10,har,seasonal,bps,-0.0574231282692297,-0.1146676179587535,0.0084908075016976,0.956
BNBUSDT,avoid_low,0.0,1.0,10,har,seasonal,usd,-0.0382204373808668,-0.0873052360445491,0.0164776356588454,0.915
BNBUSDT,avoid_low,0.0,1.0,10,trailing,always,bps,-0.0513011852338761,-0.1085511672093858,0.0104020954743056,0.951
BNBUSDT,avoid_low,0.0,1.0,10,trailing,always,usd,0.0573421759967395,-0.0025151023294111,0.1142521343258027,0.028
BNBUSDT,avoid_low,0.0,1.0,60,har,trailing,bps,-0.0345955527473043,-0.1068717087055681,0.0422002484517981,0.813
BNBUSDT,avoid_low,0.0,1.0,60,har,trailing,usd,-0.0520210340730103,-0.1100727396392062,0.0118459029406814,0.943
BNBUSDT,avoid_low,0.0,1.0,60,har,always,bps,-0.107388263442437,-0.1788214988696287,-0.0174516813717196,0.992
BNBUSDT,avoid_low,0.0,1.0,60,har,always,usd,0.1797466326235984,0.1088762416212023,0.2676772785292906,0.0
BNBUSDT,avoid_low,0.0,1.0,60,har,seasonal,bps,-0.0352148076775923,-0.1258080334703216,0.0879562509534019,0.719
BNBUSDT,avoid_low,0.0,1.0,60,har,seasonal,usd,-0.0163014084018846,-0.0981908631900398,0.0823011083105447,0.615
BNBUSDT,avoid_low,0.0,1.0,60,trailing,always,bps,-0.0727927106951326,-0.1588826238581336,0.0275801151127305,0.923
BNBUSDT,avoid_low,0.0,1.0,60,trailing,always,usd,0.2317676666966087,0.144964341026541,0.3358038431004562,0.0
BNBUSDT,avoid_low,0.0,1.0,300,har,trailing,bps,0.0184188687009594,-0.0993735645436391,0.1485020187431153,0.37
BNBUSDT,avoid_low,0.0,1.0,300,har,trailing,usd,-0.0132823737812293,-0.0982076322074618,0.0821671485826232,0.596
BNBUSDT,avoid_low,0.0,1.0,300,har,always,bps,-0.0791499647272169,-0.1844722676636209,0.0504038678277737,0.882
BNBUSDT,avoid_low,0.0,1.0,300,har,always,usd,0.1882611436889164,0.0947937057904921,0.2847279712013139,0.0
BNBUSDT,avoid_low,0.0,1.0,300,har,seasonal,bps,0.0284472948994699,-0.1253583419339327,0.1966668955168338,0.34
BNBUSDT,avoid_low,0.0,1.0,300,har,seasonal,usd,0.0293040575586413,-0.0963095929812199,0.1603825641220192,0.303
BNBUSDT,avoid_low,0.0,1.0,300,trailing,always,bps,-0.0975688334281764,-0.2429960529795951,0.0594098642125718,0.891
BNBUSDT,avoid_low,0.0,1.0,300,trailing,always,usd,0.2015435174701458,0.0842088180859764,0.3290107086909921,0.001
BNBUSDT,avoid_low,0.0,1.5,10,har,trailing,bps,-0.1306149770202158,-0.2049847935420093,-0.0574849480175245,1.0
BNBUSDT,avoid_low,0.0,1.5,10,har,trailing,usd,-0.1596856693886688,-0.2466193771537705,-0.0704374671452076,1.0
BNBUSDT,avoid_low,0.0,1.5,10,har,always,bps,-0.3001493644318325,-0.368181532632724,-0.2244337474353033,1.0
BNBUSDT,avoid_low,0.0,1.5,10,har,always,usd,0.4065613080419668,0.3179227115540027,0.507140384953119,0.0
BNBUSDT,avoid_low,0.0,1.5,10,har,seasonal,bps,-0.155549906255363,-0.2482316173805374,-0.0491963767214547,0.999
BNBUSDT,avoid_low,0.0,1.5,10,har,seasonal,usd,-0.090552958207248,-0.207432048070498,0.0374592490020815,0.92
BNBUSDT,avoid_low,0.0,1.5,10,trailing,always,bps,-0.1695343874116167,-0.2585173077755592,-0.0697005345297867,0.998
BNBUSDT,avoid_low,0.0,1.5,10,trailing,always,usd,0.5662469774306357,0.4431351659124656,0.6978942056537925,0.0
BNBUSDT,avoid_low,0.0,1.5,60,har,trailing,bps,-0.0914347116939438,-0.20722066696013,0.0302536070187261,0.933
BNBUSDT,avoid_low,0.0,1.5,60,har,trailing,usd,-0.1574059886347484,-0.274291146535999,-0.0266934585751497,0.989
BNBUSDT,avoid_low,0.0,1.5,60,har,always,bps,-0.2935441051948677,-0.4150155549541803,-0.1431888825244527,1.0
BNBUSDT,avoid_low,0.0,1.5,60,har,always,usd,0.670024362512663,0.5305473919918151,0.829878773159158,0.0
BNBUSDT,avoid_low,0.0,1.5,60,har,seasonal,bps,-0.1224202027537776,-0.2746740542709817,0.0789779560403959,0.906
BNBUSDT,avoid_low,0.0,1.5,60,har,seasonal,usd,-0.0578133461700302,-0.23244724204237,0.1367157672011212,0.697
BNBUSDT,avoid_low,0.0,1.5,60,trailing,always,bps,-0.2021093935009239,-0.3496497467372774,-0.0350386832654993,0.987
BNBUSDT,avoid_low,0.0,1.5,60,trailing,always,usd,0.8274303511474113,0.6525330696632482,1.0336563980679034,0.0
BNBUSDT,avoid_low,0.0,1.5,300,har,trailing,bps,-0.0116007378460564,-0.1941424310155032,0.1769937647297688,0.531
BNBUSDT,avoid_low,0.0,1.5,300,har,trailing,usd,-0.0991808357984576,-0.2476985443289096,0.0720182686206573,0.857
BNBUSDT,avoid_low,0.0,1.5,300,har,always,bps,-0.2499856378268241,-0.4209217617418502,-0.0382781300689908,0.991
BNBUSDT,avoid_low,0.0,1.5,300,har,always,usd,0.6831801146874071,0.5187616199219103,0.8528062832536064,0.0
BNBUSDT,avoid_low,0.0,1.5,300,har,seasonal,bps,-0.0263312091921299,-0.2751586591391066,0.2385141171438837,0.567
BNBUSDT,avoid_low,0.0,1.5,300,har,seasonal,usd,0.0103120548638221,-0.224055553267913,0.2484627399628784,0.452
BNBUSDT,avoid_low,0.0,1.5,300,trailing,always,bps,-0.2383848999807676,-0.4634029025211937,0.014965401980595,0.968
BNBUSDT,avoid_low,0.0,1.5,300,trailing,always,usd,0.7823609504858647,0.5622243860365682,1.0147480939725908,0.0
BNBUSDT,avoid_low,1.0,1.0,10,har,trailing,bps,-0.0606006500829291,-0.1118159390871006,-0.009440013506557,0.993
BNBUSDT,avoid_low,1.0,1.0,10,har,trailing,usd,-0.080400071317458,-0.1350402015623525,-0.0238437156837452,0.999
BNBUSDT,avoid_low,1.0,1.0,10,har,always,bps,-0.1119018353168052,-0.1519558382548152,-0.0648191998215233,1.0
BNBUSDT,avoid_low,1.0,1.0,10,har,always,usd,0.2808518452465652,0.2188525585173534,0.3447645728334907,0.0
BNBUSDT,avoid_low,1.0,1.0,10,har,seasonal,bps,-0.0574231282692296,-0.1146676179587535,0.0084908075016977,0.956
BNBUSDT,avoid_low,1.0,1.0,10,har,seasonal,usd,-0.0290740612843711,-0.107467625048389,0.0538563656457561,0.763
BNBUSDT,avoid_low,1.0,1.0,10,trailing,always,bps,-0.0513011852338761,-0.1085511672093858,0.0104020954743052,0.951
BNBUSDT,avoid_low,1.0,1.0,10,trailing,always,usd,0.3612519165640232,0.2792786125861327,0.4492385176967247,0.0
BNBUSDT,avoid_low,1.0,1.0,60,har,trailing,bps,-0.0345955527473044,-0.106871708705568,0.0422002484517982,0.813
BNBUSDT,avoid_low,1.0,1.0,60,har,trailing,usd,-0.0789704164601318,-0.1537973600785408,0.0041896058755079,0.967
BNBUSDT,avoid_low,1.0,1.0,60,har,always,bps,-0.107388263442437,-0.1788214988696294,-0.0174516813717198,0.992
BNBUSDT,avoid_low,1.0,1.0,60,har,always,usd,0.4567069908037608,0.3688344424476912,0.5549738883982908,0.0
BNBUSDT,avoid_low,1.0,1.0,60,har,seasonal,bps,-0.0352148076775921,-0.1258080334703218,0.0879562509534026,0.719
BNBUSDT,avoid_low,1.0,1.0,60,har,seasonal,usd,-0.0071550323053887,-0.1246776047387927,0.1191149574351984,0.524
BNBUSDT,avoid_low,1.0,1.0,60,trailing,always,bps,-0.0727927106951325,-0.1588826238581332,0.0275801151127307,0.923
BNBUSDT,avoid_low,1.0,1.0,60,trailing,always,usd,0.5356774072638927,0.4242506228952005,0.664705850236601,0.0
BNBUSDT,avoid_low,1.0,1.0,300,har,trailing,bps,0.0184188687009592,-0.0993735645436395,0.1485020187431159,0.37
BNBUSDT,avoid_low,1.0,1.0,300,har,trailing,usd,-0.040297324602718,-0.1373679540034545,0.0722703098007084,0.744
BNBUSDT,avoid_low,1.0,1.0,300,har,always,bps,-0.0791499647272169,-0.184472267663621,0.050403867827774,0.882
BNBUSDT,avoid_low,1.0,1.0,300,har,always,usd,0.4649729325665907,0.3596374650332485,0.5743326017174009,0.0
BNBUSDT,avoid_low,1.0,1.0,300,har,seasonal,bps,0.0284472948994691,-0.1253583419339324,0.1966668955168335,0.34
BNBUSDT,avoid_low,1.0,1.0,300,har,seasonal,usd,0.0380778310787882,-0.1090659466220506,0.1878903411103084,0.288
BNBUSDT,avoid_low,1.0,1.0,300,trailing,always,bps,-0.0975688334281762,-0.2429960529795949,0.0594098642125717,0.891
BNBUSDT,avoid_low,1.0,1.0,300,trailing,always,usd,0.5052702571693087,0.3671447355928419,0.6560004556583438,0.0
BNBUSDT,avoid_low,1.0,1.5,10,har,trailing,bps,-0.130614977020215,-0.2049847935420095,-0.0574849480175245,1.0
BNBUSDT,avoid_low,1.0,1.5,10,har,trailing,usd,-0.1866350517757895,-0.2975763774482117,-0.0744194355808337,0.999
BNBUSDT,avoid_low,1.0,1.5,10,har,always,bps,-0.3001493644318317,-0.3681815326327242,-0.2244337474353044,1.0
BNBUSDT,avoid_low,1.0,1.5,10,har,always,usd,0.6835216662221302,0.5754880168367855,0.8086295282417935,0.0
BNBUSDT,avoid_low,1.0,1.5,10,har,seasonal,bps,-0.1555499062553628,-0.2482316173805374,-0.0491963767214547,0.999
BNBUSDT,avoid_low,1.0,1.5,10,har,seasonal,usd,-0.081406582110752,-0.2315137001840204,0.0816380789742782,0.847
BNBUSDT,avoid_low,1.0,1.5,10,trailing,always,bps,-0.1695343874116167,-0.25851730777556,-0.069700534529787,0.998
BNBUSDT,avoid_low,1.0,1.5,10,trailing,always,usd,0.8701567179979196,0.7161721494182413,1.0345090598257267,0.0
BNBUSDT,avoid_low,1.0,1.5,60,har,trailing,bps,-0.0914347116939438,-0.20722066696013,0.0302536070187256,0.933
BNBUSDT,avoid_low,1.0,1.5,60,har,trailing,usd,-0.1843553710218697,-0.3238228335017951,-0.0285486641646865,0.988
BNBUSDT,avoid_low,1.0,1.5,60,har,always,bps,-0.2935441051948672,-0.4150155549541797,-0.1431888825244522,1.0
BNBUSDT,avoid_low,1.0,1.5,60,har,always,usd,0.9469847206928258,0.7892245246698287,1.1180648047975024,0.0
BNBUSDT,avoid_low,1.0,1.5,60,har,seasonal,bps,-0.1224202027537765,-0.2746740542709822,0.0789779560403964,0.906
BNBUSDT,avoid_low,1.0,1.5,60,har,seasonal,usd,-0.0486669700735342,-0.2593582545155383,0.168877930193716,0.652
BNBUSDT,avoid_low,1.0,1.5,60,trailing,always,bps,-0.2021093935009233,-0.3496497467372774,-0.0350386832654988,0.987
BNBUSDT,avoid_low,1.0,1.5,60,trailing,always,usd,1.1313400917146956,0.9315157205520876,1.3697110805571124,0.0
BNBUSDT,avoid_low,1.0,1.5,300,har,trailing,bps,-0.011600737846058,-0.1941424310155026,0.1769937647297694,0.531
BNBUSDT,avoid_low,1.0,1.5,300,har,trailing,usd,-0.1261957866199475,-0.2885963780773919,0.0667673038407904,0.899
BNBUSDT,avoid_low,1.0,1.5,300,har,always,bps,-0.2499856378268241,-0.4209217617418496,-0.0382781300689903,0.991
BNBUSDT,avoid_low,1.0,1.5,300,har,always,usd,0.9598919035650816,0.7821392258838573,1.1452938998938649,0.0
BNBUSDT,avoid_low,1.0,1.5,300,har,seasonal,bps,-0.026331209192131,-0.2751586591391066,0.2385141171438843,0.567
BNBUSDT,avoid_low,1.0,1.5,300,har,seasonal,usd,0.0190858283839688,-0.2468445207334618,0.2801893234106808,0.43
BNBUSDT,avoid_low,1.0,1.5,300,trailing,always,bps,-0.238384899980766,-0.4634029025211937,0.0149654019805949,0.968
BNBUSDT,avoid_low,1.0,1.5,300,trailing,always,usd,1.086087690185029,0.8401234268020922,1.347663779329241,0.0
NEOUSDT,avoid_high,-0.5,1.0,10,har,trailing,bps,-0.0344284660355355,-0.0952812729180415,0.0310891671411736,0.853
NEOUSDT,avoid_high,-0.5,1.0,10,har,trailing,usd,-0.02683973950266,-0.0714826847501394,0.0233627302416832,0.867
NEOUSDT,avoid_high,-0.5,1.0,10,har,always,bps,-0.0848508295456069,-0.1351100876705376,-0.041425338129407,1.0
NEOUSDT,avoid_high,-0.5,1.0,10,har,always,usd,-0.0848317143625851,-0.1311443772889511,-0.0459798354251507,1.0
NEOUSDT,avoid_high,-0.5,1.0,10,har,seasonal,bps,0.0188745693866847,-0.0743001726023979,0.1324556516302576,0.389
NEOUSDT,avoid_high,-0.5,1.0,10,har,seasonal,usd,0.0150605629668686,-0.0624010375308784,0.1102063048882951,0.389
NEOUSDT,avoid_high,-0.5,1.0,10,trailing,always,bps,-0.0504223635100714,-0.1317648974409966,0.0308665011578888,0.893
NEOUSDT,avoid_high,-0.5,1.0,10,trailing,always,usd,-0.0579919748599251,-0.1212395200886744,-0.0009179820493611,0.976
NEOUSDT,avoid_high,-0.5,1.0,60,har,trailing,bps,-0.0744302028195427,-0.1845126567218838,0.0433831266249593,0.924
NEOUSDT,avoid_high,-0.5,1.0,60,har,trailing,usd,-0.176016309357558,-0.2782702354748981,-0.084487439812387,1.0
NEOUSDT,avoid_high,-0.5,1.0,60,har,always,bps,-0.1630375164356147,-0.2214423430361613,-0.0987150061949292,1.0
NEOUSDT,avoid_high,-0.5,1.0,60,har,always,usd,0.0463098118766641,-0.0136541292671476,0.1107166113797332,0.061
NEOUSDT,avoid_high,-0.5,1.0,60,har,seasonal,bps,-0.1131887665381639,-0.2538301147287454,0.0436001646983304,0.927
NEOUSDT,avoid_high,-0.5,1.0,60,har,seasonal,usd,-0.1800609693347931,-0.3065872772759831,-0.0486273151024178,0.999
NEOUSDT,avoid_high,-0.5,1.0,60,trailing,always,bps,-0.088607313616072,-0.2073508652277,0.0372561848673695,0.923
NEOUSDT,avoid_high,-0.5,1.0,60,trailing,always,usd,0.2223261212342222,0.1195497923742873,0.3439867109106917,0.0
NEOUSDT,avoid_high,-0.5,1.0,300,har,trailing,bps,-0.0408702957044684,-0.195991696415257,0.1008982993892949,0.722
NEOUSDT,avoid_high,-0.5,1.0,300,har,trailing,usd,-0.1601767657015808,-0.2897874093645202,-0.0408806608608824,0.996
NEOUSDT,avoid_high,-0.5,1.0,300,har,always,bps,-0.1920506724735807,-0.2782708575103323,-0.0956961382616366,1.0
NEOUSDT,avoid_high,-0.5,1.0,300,har,always,usd,0.0341516249518352,-0.0387005890582042,0.1215512281163465,0.183
NEOUSDT,avoid_high,-0.5,1.0,300,har,seasonal,bps,-0.1074390249846578,-0.3151381353434582,0.1070088612102335,0.848
NEOUSDT,avoid_high,-0.5,1.0,300,har,seasonal,usd,-0.1829283811127017,-0.3604638366573497,-0.0054526089318415,0.981
NEOUSDT,avoid_high,-0.5,1.0,300,trailing,always,bps,-0.1511803767691123,-0.3166806415650467,0.0225915011230962,0.956
NEOUSDT,avoid_high,-0.5,1.0,300,trailing,always,usd,0.194328390653416,0.0816940974159649,0.3403018531416769,0.0
NEOUSDT,avoid_high,-0.5,1.5,10,har,trailing,bps,-0.0813954386304764,-0.176766721021259,0.0147863672437126,0.952
NEOUSDT,avoid_high,-0.5,1.5,10,har,trailing,usd,-0.322576155302465,-0.4559002300182458,-0.1991861083854143,1.0
NEOUSDT,avoid_high,-0.5,1.5,10,har,always,bps,-0.1669582642797981,-0.2312282848802822,-0.1052926885434584,1.0
NEOUSDT,avoid_high,-0.5,1.5,10,har,always,usd,0.2927477842740281,0.2314462342145415,0.3625647096090623,0.0
NEOUSDT,avoid_high,-0.5,1.5,10,har,seasonal,bps,-0.084939818828137,-0.1908369141005075,0.0289412349283257,0.928
NEOUSDT,avoid_high,-0.5,1.5,10,har,seasonal,usd,-0.2647714571708819,-0.3866202496518462,-0.1525650549932641,1.0
NEOUSDT,avoid_high,-0.5,1.5,10,trailing,always,bps,-0.0855628256493217,-0.2051247778267529,0.0328416991563818,0.926
NEOUSDT,avoid_high,-0.5,1.5,10,trailing,always,usd,0.6153239395764932,0.4690116543646816,0.7827797116000248,0.0
NEOUSDT,avoid_high,-0.5,1.5,60,har,trailing,bps,-0.1414114848736505,-0.323176277921384,0.0408141325737814,0.939
NEOUSDT,avoid_high,-0.5,1.5,60,har,trailing,usd,-0.5463320038839634,-0.7976222794097093,-0.3294666603413399,1.0
NEOUSDT,avoid_high,-0.5,1.5,60,har,always,bps,-0.2841993186413112,-0.3693379750254976,-0.1846767647421587,1.0
NEOUSDT,avoid_high,-0.5,1.5,60,har,always,usd,0.4894599436410407,0.3783529254126102,0.619620895325496,0.0
NEOUSDT,avoid_high,-0.5,1.5,60,har,seasonal,bps,-0.2830631038994353,-0.4903611595025312,-0.0741464963164527,0.996
NEOUSDT,avoid_high,-0.5,1.5,60,har,seasonal,usd,-0.5574628908519401,-0.7972513330002444,-0.3491581469600749,1.0
NEOUSDT,avoid_high,-0.5,1.5,60,trailing,always,bps,-0.1427878337676607,-0.3199145132068328,0.0545143657779467,0.921
NEOUSDT,avoid_high,-0.5,1.5,60,trailing,always,usd,1.035791947525004,0.7871718957458123,1.3477579195835754,0.0
NEOUSDT,avoid_high,-0.5,1.5,300,har,trailing,bps,-0.0914367822990342,-0.3262105346175867,0.1375201369940454,0.807
NEOUSDT,avoid_high,-0.5,1.5,300,har,trailing,usd,-0.5237927574932673,-0.7915562790196244,-0.2712893853663026,1.0
NEOUSDT,avoid_high,-0.5,1.5,300,har,always,bps,-0.3282244214804208,-0.4610370025033549,-0.1773119658352115,1.0
NEOUSDT,avoid_high,-0.5,1.5,300,har,always,usd,0.4694656432446362,0.3422706061734747,0.6164840257319663,0.0
NEOUSDT,avoid_high,-0.5,1.5,300,har,seasonal,bps,-0.2751248309977604,-0.5697006992526683,0.0354040517346411,0.963
NEOUSDT,avoid_high,-0.5,1.5,300,har,seasonal,usd,-0.5622153260467668,-0.8456392340628618,-0.3092596534627069,1.0
NEOUSDT,avoid_high,-0.5,1.5,300,trailing,always,bps,-0.2367876391813866,-0.4796566231173961,0.0314589417318252,0.96
NEOUSDT,avoid_high,-0.5,1.5,300,trailing,always,usd,0.9932584007379036,0.7514920954148093,1.2975294689040804,0.0
NEOUSDT,avoid_high,0.0,1.0,10,har,trailing,bps,-0.0344284660355357,-0.0952812729180417,0.0310891671411736,0.853
NEOUSDT,avoid_high,0.0,1.0,10,har,trailing,usd,-0.0666269925949033,-0.1179646737246993,-0.0175197590442049,0.997
NEOUSDT,avoid_high,0.0,1.0,10,har,always,bps,-0.0848508295456069,-0.1351100876705377,-0.041425338129407,1.0
NEOUSDT,avoid_high,0.0,1.0,10,har,always,usd,-0.0142524147505709,-0.0583437039372827,0.023087661362804,0.758
NEOUSDT,avoid_high,0.0,1.0,10,har,seasonal,bps,0.0188745693866845,-0.0743001726023979,0.1324556516302576,0.389
NEOUSDT,avoid_high,0.0,1.0,10,har,seasonal,usd,-0.015178771765972,-0.0929831389901209,0.0756156491090739,0.65
NEOUSDT,avoid_high,0.0,1.0,10,trailing,always,bps,-0.0504223635100712,-0.1317648974409968,0.0308665011578886,0.893
NEOUSDT,avoid_high,0.0,1.0,10,trailing,always,usd,0.0523745778443323,-0.0112666232761542,0.1124054599157763,0.055
NEOUSDT,avoid_high,0.0,1.0,60,har,trailing,bps,-0.0744302028195427,-0.1845126567218838,0.043383126624959,0.924
NEOUSDT,avoid_high,0.0,1.0,60,har,trailing,usd,-0.2158037804604629,-0.3272915716938185,-0.1168834466646831,1.0
NEOUSDT,avoid_high,0.0,1.0,60,har,always,bps,-0.1630375164356142,-0.2214423430361613,-0.0987150061949292,1.0
NEOUSDT,avoid_high,0.0,1.0,60,har,always,usd,0.1168888011461179,0.056958952737867,0.1806318627584051,0.0
NEOUSDT,avoid_high,0.0,1.0,60,har,seasonal,bps,-0.1131887665381639,-0.2538301147287453,0.0436001646983307,0.927
NEOUSDT,avoid_high,0.0,1.0,60,har,seasonal,usd,-0.2103006819177536,-0.3455070499524509,-0.0775334030121012,0.999
NEOUSDT,avoid_high,0.0,1.0,60,trailing,always,bps,-0.0886073136160714,-0.2073508652276997,0.0372561848673695,0.923
NEOUSDT,avoid_high,0.0,1.0,60,trailing,always,usd,0.3326925816065808,0.2201400619793594,0.4678140919342195,0.0
NEOUSDT,avoid_high,0.0,1.0,300,har,trailing,bps,-0.0408702957044681,-0.1959916964152566,0.1008982993892951,0.722
NEOUSDT,avoid_high,0.0,1.0,300,har,trailing,usd,-0.2001177062722737,-0.338939445339103,-0.0717623472547633,1.0
NEOUSDT,avoid_high,0.0,1.0,300,har,always,bps,-0.1920506724735807,-0.2782708575103323,-0.0956961382616366,1.0
NEOUSDT,avoid_high,0.0,1.0,300,har,always,usd,0.1045560695541464,0.0304114308942534,0.19196457451617,0.002
NEOUSDT,avoid_high,0.0,1.0,300,har,seasonal,bps,-0.1074390249846578,-0.3151381353434588,0.1070088612102334,0.848
NEOUSDT,avoid_high,0.0,1.0,300,har,seasonal,usd,-0.213154239575526,-0.3923036130135696,-0.0357624102908681,0.995
NEOUSDT,avoid_high,0.0,1.0,300,trailing,always,bps,-0.1511803767691126,-0.3166806415650464,0.0225915011230964,0.956
NEOUSDT,avoid_high,0.0,1.0,300,trailing,always,usd,0.3046737758264202,0.1855893299967474,0.4613028131295049,0.0
NEOUSDT,avoid_high,0.0,1.5,10,har,trailing,bps,-0.0813954386304764,-0.1767667210212601,0.0147863672437126,0.952
NEOUSDT,avoid_high,0.0,1.5,10,har,trailing,usd,-0.362363408394708,-0.5130618623225357,-0.2274988066547427,1.0
NEOUSDT,avoid_high,0.0,1.5,10,har,always,bps,-0.1669582642797976,-0.2312282848802823,-0.1052926885434584,1.0
NEOUSDT,avoid_high,0.0,1.5,10,har,always,usd,0.3633270838860426,0.2988023586527059,0.4388436833914606,0.0
NEOUSDT,avoid_high,0.0,1.5,10,har,seasonal,bps,-0.0849398188281365,-0.1908369141005075,0.0289412349283256,0.928
NEOUSDT,avoid_high,0.0,1.5,10,har,seasonal,usd,-0.2950107919037221,-0.4236229633134187,-0.1750561728089097,1.0
NEOUSDT,avoid_high,0.0,1.5,10,trailing,always,bps,-0.0855628256493212,-0.2051247778267524,0.0328416991563823,0.926
NEOUSDT,avoid_high,0.0,1.5,10,trailing,always,usd,0.7256904922807507,0.5657888569015478,0.9121998324694672,0.0
NEOUSDT,avoid_high,0.0,1.5,60,har,trailing,bps,-0.1414114848736494,-0.323176277921384,0.0408141325737824,0.939
NEOUSDT,avoid_high,0.0,1.5,60,har,trailing,usd,-0.586119474986867,-0.8536084850198501,-0.355794326218617,1.0
NEOUSDT,avoid_high,0.0,1.5,60,har,always,bps,-0.2841993186413101,-0.3693379750254976,-0.1846767647421587,1.0
NEOUSDT,avoid_high,0.0,1.5,60,har,always,usd,0.5600389329104953,0.4426379727871304,0.6947255342162884,0.0
NEOUSDT,avoid_high,0.0,1.5,60,har,seasonal,bps,-0.2830631038994342,-0.4903611595025301,-0.0741464963164538,0.996
NEOUSDT,avoid_high,0.0,1.5,60,har,seasonal,usd,-0.5877026034348998,-0.8329152850473394,-0.3750023290436847,1.0
NEOUSDT,avoid_high,0.0,1.5,60,trailing,always,bps,-0.1427878337676607,-0.3199145132068296,0.0545143657779468,0.921
NEOUSDT,avoid_high,0.0,1.5,60,trailing,always,usd,1.1461584078973623,0.8837218774408229,1.4746147675779182,0.0
NEOUSDT,avoid_high,0.0,1.5,300,har,trailing,bps,-0.0914367822990331,-0.3262105346175867,0.1375201369940433,0.807
NEOUSDT,avoid_high,0.0,1.5,300,har,trailing,usd,-0.5637336980639589,-0.8469151509401525,-0.3006885181761358,1.0
NEOUSDT,avoid_high,0.0,1.5,300,har,always,bps,-0.3282244214804208,-0.4610370025033559,-0.1773119658352115,1.0
NEOUSDT,avoid_high,0.0,1.5,300,har,always,usd,0.5398700878469487,0.4093069111175888,0.6890896545920882,0.0
NEOUSDT,avoid_high,0.0,1.5,300,har,seasonal,bps,-0.2751248309977604,-0.5697006992526683,0.0354040517346432,0.963
NEOUSDT,avoid_high,0.0,1.5,300,har,seasonal,usd,-0.5924411845095908,-0.8890874958023645,-0.3345808473526421,1.0
NEOUSDT,avoid_high,0.0,1.5,300,trailing,always,bps,-0.2367876391813877,-0.479656623117394,0.0314589417318262,0.96
NEOUSDT,avoid_high,0.0,1.5,300,trailing,always,usd,1.1036037859109076,0.8470868631377971,1.421562628829588,0.0
NEOUSDT,avoid_high,1.0,1.0,10,har,trailing,bps,-0.0344284660355357,-0.0952812729180416,0.0310891671411734,0.853
NEOUSDT,avoid_high,1.0,1.0,10,har,trailing,usd,-0.1462014987793896,-0.2097772289453243,-0.0882093951962921,1.0
NEOUSDT,avoid_high,1.0,1.0,10,har,always,bps,-0.0848508295456067,-0.1351100876705375,-0.0414253381294075,1.0
NEOUSDT,avoid_high,1.0,1.0,10,har,always,usd,0.1269061844734578,0.0852684336231713,0.1687300349351781,0.0
NEOUSDT,avoid_high,1.0,1.0,10,har,seasonal,bps,0.0188745693866843,-0.074300172602398,0.1324556516302578,0.389
NEOUSDT,avoid_high,1.0,1.0,10,har,seasonal,usd,-0.0756574412316529,-0.1588122449060983,0.0165304978761596,0.951
NEOUSDT,avoid_high,1.0,1.0,10,trailing,always,bps,-0.0504223635100709,-0.1317648974409968,0.0308665011578884,0.893
NEOUSDT,avoid_high,1.0,1.0,10,trailing,always,usd,0.2731076832528474,0.1987301130102265,0.3564194599350209,0.0
NEOUSDT,avoid_high,1.0,1.0,60,har,trailing,bps,-0.0744302028195427,-0.1845126567218832,0.0433831266249596,0.924
NEOUSDT,avoid_high,1.0,1.0,60,har,trailing,usd,-0.2953787226662728,-0.436851804119906,-0.1713079992402947,1.0
NEOUSDT,avoid_high,1.0,1.0,60,har,always,bps,-0.1630375164356142,-0.2214423430361605,-0.0987150061949289,1.0
NEOUSDT,avoid_high,1.0,1.0,60,har,always,usd,0.2580467796850243,0.1935160752432966,0.3334063222309485,0.0
NEOUSDT,avoid_high,1.0,1.0,60,har,seasonal,bps,-0.1131887665381645,-0.2538301147287461,0.0436001646983304,0.927
NEOUSDT,avoid_high,1.0,1.0,60,har,seasonal,usd,-0.2707801070836748,-0.4141622281151943,-0.1301454252409835,1.0
NEOUSDT,avoid_high,1.0,1.0,60,trailing,always,bps,-0.0886073136160714,-0.2073508652276997,0.03725618486737,0.923
NEOUSDT,avoid_high,1.0,1.0,60,trailing,always,usd,0.5534255023512972,0.4162437641456516,0.7205617398841633,0.0
NEOUSDT,avoid_high,1.0,1.0,300,har,trailing,bps,-0.0408702957044684,-0.1959916964152566,0.1008982993892948,0.722
NEOUSDT,avoid_high,1.0,1.0,300,har,trailing,usd,-0.2799995874136605,-0.4441144101759051,-0.130191493110927,1.0
NEOUSDT,avoid_high,1.0,1.0,300,har,always,bps,-0.1920506724735807,-0.278270857510332,-0.0956961382616364,1.0
NEOUSDT,avoid_high,1.0,1.0,300,har,always,usd,0.245364958758769,0.1674908551020899,0.3329326936056952,0.0
NEOUSDT,avoid_high,1.0,1.0,300,har,seasonal,bps,-0.1074390249846578,-0.3151381353434579,0.1070088612102334,0.848
NEOUSDT,avoid_high,1.0,1.0,300,har,seasonal,usd,-0.2736059565011751,-0.4609599738368423,-0.0975958021265467,0.999
NEOUSDT,avoid_high,1.0,1.0,300,trailing,always,bps,-0.1511803767691123,-0.3166806415650467,0.0225915011230962,0.956
NEOUSDT,avoid_high,1.0,1.0,300,trailing,always,usd,0.5253645461724296,0.3837335486020952,0.7009130612014997,0.0
NEOUSDT,avoid_high,1.0,1.5,10,har,trailing,bps,-0.0813954386304764,-0.17676672102126,0.014786367243712,0.952
NEOUSDT,avoid_high,1.0,1.5,10,har,trailing,usd,-0.4419379145791944,-0.6271485342896619,-0.2764539126384166,1.0
NEOUSDT,avoid_high,1.0,1.5,10,har,always,bps,-0.1669582642797981,-0.2312282848802818,-0.1052926885434589,1.0
NEOUSDT,avoid_high,1.0,1.5,10,har,always,usd,0.5044856831100705,0.430411625532223,0.5932686208485991,0.0
NEOUSDT,avoid_high,1.0,1.5,10,har,seasonal,bps,-0.0849398188281375,-0.190836914100506,0.0289412349283267,0.928
NEOUSDT,avoid_high,1.0,1.5,10,har,seasonal,usd,-0.3554894613694038,-0.4991951656190168,-0.2235412524989722,1.0
NEOUSDT,avoid_high,1.0,1.5,10,trailing,always,bps,-0.0855628256493217,-0.2051247778267524,0.0328416991563818,0.926
NEOUSDT,avoid_high,1.0,1.5,10,trailing,always,usd,0.946423597689265,0.7516335648551468,1.171832403696066,0.0
NEOUSDT,avoid_high,1.0,1.5,60,har,trailing,bps,-0.1414114848736515,-0.323176277921385,0.0408141325737813,0.939
NEOUSDT,avoid_high,1.0,1.5,60,har,trailing,usd,-0.665694417192679,-0.9564682261303628,-0.4139035784793931,1.0
NEOUSDT,avoid_high,1.0,1.5,60,har,always,bps,-0.2841993186413112,-0.3693379750254976,-0.1846767647421598,1.0
NEOUSDT,avoid_high,1.0,1.5,60,har,always,usd,0.7011969114494006,0.5724997952716449,0.847128836712632,0.0
NEOUSDT,avoid_high,1.0,1.5,60,har,seasonal,bps,-0.2830631038994364,-0.4903611595025291,-0.0741464963164538,0.996
NEOUSDT,avoid_high,1.0,1.5,60,har,seasonal,usd,-0.6481820286008225,-0.9061587365585384,-0.4198086452027766,1.0
NEOUSDT,avoid_high,1.0,1.5,60,trailing,always,bps,-0.1427878337676596,-0.3199145132068307,0.0545143657779478,0.921
NEOUSDT,avoid_high,1.0,1.5,60,trailing,always,usd,1.3668913286420794,1.0703840097305737,1.7270714747962246,0.0
NEOUSDT,avoid_high,1.0,1.5,300,har,trailing,bps,-0.0914367822990342,-0.3262105346175868,0.1375201369940464,0.807
NEOUSDT,avoid_high,1.0,1.5,300,har,trailing,usd,-0.6436155792053472,-0.9511382503553064,-0.3581327070762173,1.0
NEOUSDT,avoid_high,1.0,1.5,300,har,always,bps,-0.3282244214804208,-0.461037002503357,-0.1773119658352115,1.0
NEOUSDT,avoid_high,1.0,1.5,300,har,always,usd,0.6806789770515704,0.5434952896440821,0.8430041676880174,0.0
NEOUSDT,avoid_high,1.0,1.5,300,har,seasonal,bps,-0.2751248309977594,-0.5697006992526694,0.0354040517346422,0.963
NEOUSDT,avoid_high,1.0,1.5,300,har,seasonal,usd,-0.6528929014352394,-0.9530621346201684,-0.387585479212944,1.0
NEOUSDT,avoid_high,1.0,1.5,300,trailing,always,bps,-0.2367876391813866,-0.4796566231173939,0.0314589417318241,0.96
NEOUSDT,avoid_high,1.0,1.5,300,trailing,always,usd,1.3242945562569175,1.0338578571078556,1.683085591422366,0.0
NEOUSDT,avoid_low,-0.5,1.0,10,har,trailing,bps,-0.0673182243755187,-0.2409922262070088,0.0813206678821829,0.795
NEOUSDT,avoid_low,-0.5,1.0,10,har,trailing,usd,-0.0315225899573738,-0.1334693003693954,0.0596656464426988,0.726
NEOUSDT,avoid_low,-0.5,1.0,10,har,always,bps,0.092005044032339,-0.0119041826099409,0.1949711907920988,0.036
NEOUSDT,avoid_low,-0.5,1.0,10,har,always,usd,0.0343451608150444,-0.0635122110764222,0.1351952337923375,0.239
NEOUSDT,avoid_low,-0.5,1.0,10,har,seasonal,bps,0.0494576051207265,-0.0636223613581964,0.1635805348187206,0.193
NEOUSDT,avoid_low,-0.5,1.0,10,har,seasonal,usd,0.0272867175937191,-0.0576713392521637,0.1069848227706338,0.246
NEOUSDT,avoid_low,-0.5,1.0,10,trailing,always,bps,0.1593232684078576,0.0331783778870535,0.2968660176904297,0.006
NEOUSDT,avoid_low,-0.5,1.0,10,trailing,always,usd,0.0658677507724182,-0.0334798363995364,0.1761007998958686,0.089
NEOUSDT,avoid_low,-0.5,1.0,60,har,trailing,bps,0.2028658716861181,-0.0104179554448623,0.3972366554597559,0.031
NEOUSDT,avoid_low,-0.5,1.0,60,har,trailing,usd,0.0754888565777867,-0.0715506654436079,0.2073590790972446,0.146
NEOUSDT,avoid_low,-0.5,1.0,60,har,always,bps,0.4433370729080785,0.2823291737511404,0.5989279789279023,0.0
NEOUSDT,avoid_low,-0.5,1.0,60,har,always,usd,0.7293833759535443,0.5629010420554645,0.9073634314974968,0.0
NEOUSDT,avoid_low,-0.5,1.0,60,har,seasonal,bps,0.3900425893834358,0.1899080665132045,0.5853505771329152,0.0
NEOUSDT,avoid_low,-0.5,1.0,60,har,seasonal,usd,0.3228413347947462,0.1705463121375014,0.4700029756008607,0.0
NEOUSDT,avoid_low,-0.5,1.0,60,trailing,always,bps,0.2404712012219604,0.0290206238957677,0.435288907350213,0.014
NEOUSDT,avoid_low,-0.5,1.0,60,trailing,always,usd,0.6538945193757575,0.4630442099393506,0.8723591405830264,0.0
NEOUSDT,avoid_low,-0.5,1.0,300,har,trailing,bps,0.3021993602991878,-0.0537100470217775,0.7163328017918743,0.057
NEOUSDT,avoid_low,-0.5,1.0,300,har,trailing,usd,0.1426837030445417,-0.0927724081271671,0.4118887097370642,0.119
NEOUSDT,avoid_low,-0.5,1.0,300,har,always,bps,0.6383543703090019,0.3453098615162709,0.9600012200017704,0.0
NEOUSDT,avoid_low,-0.5,1.0,300,har,always,usd,0.8917824364909523,0.584851961501262,1.21392732523104,0.0
NEOUSDT,avoid_low,-0.5,1.0,300,har,seasonal,bps,0.4612860735708888,0.1736544614872801,0.7684869266858536,0.0
NEOUSDT,avoid_low,-0.5,1.0,300,har,seasonal,usd,0.3696377984357232,0.1636779243746263,0.5884154386178416,0.0
NEOUSDT,avoid_low,-0.5,1.0,300,trailing,always,bps,0.336155010009814,9.96306341301761e-05,0.654138990841308,0.024
NEOUSDT,avoid_low,-0.5,1.0,300,trailing,always,usd,0.7490987334464105,0.4437041226195979,1.0438436302648806,0.0
NEOUSDT,avoid_low,-0.5,1.5,10,har,trailing,bps,0.0825683281651344,-0.1485135227674477,0.2935151200499927,0.23
NEOUSDT,avoid_low,-0.5,1.5,10,har,trailing,usd,-0.1068995509703597,-0.3174635408894162,0.0822897958893993,0.862
NEOUSDT,avoid_low,-0.5,1.5,10,har,always,bps,0.3046276980820544,0.1659137588029189,0.4476227059308458,0.0
NEOUSDT,avoid_low,-0.5,1.5,10,har,always,usd,1.2133354069496023,1.0121494560476667,1.4061293421239676,0.0
NEOUSDT,avoid_low,-0.5,1.5,10,har,seasonal,bps,0.2462527740629033,0.1069190148119587,0.3874760958943067,0.001
NEOUSDT,avoid_low,-0.5,1.5,10,har,seasonal,usd,0.3096323744891764,0.151499304069831,0.4634491387321423,0.0
NEOUSDT,avoid_low,-0.5,1.5,10,trailing,always,bps,0.2220593699169199,0.0185822342306637,0.4323576673560436,0.016
NEOUSDT,avoid_low,-0.5,1.5,10,trailing,always,usd,1.320234957919962,1.0510187339431634,1.6108710234338768,0.0
NEOUSDT,avoid_low,-0.5,1.5,60,har,trailing,bps,0.4878851666118109,0.1752468416519878,0.7707743036692646,0.001
NEOUSDT,avoid_low,-0.5,1.5,60,har,trailing,usd,0.0536399860246193,-0.2563152394394979,0.3423568473541861,0.358
NEOUSDT,avoid_low,-0.5,1.5,60,har,always,bps,0.8313960590213552,0.5930986353891388,1.077573823605495,0.0
NEOUSDT,avoid_low,-0.5,1.5,60,har,always,usd,2.2556652027388,1.9295446213927512,2.583795970734369,0.0
NEOUSDT,avoid_low,-0.5,1.5,60,har,seasonal,bps,0.7567841054888691,0.4754957334828276,1.042505366006657,0.0
NEOUSDT,avoid_low,-0.5,1.5,60,har,seasonal,usd,0.7527153662566881,0.4621855771725418,1.0232496854764148,0.0
NEOUSDT,avoid_low,-0.5,1.5,60,trailing,always,bps,0.3435108924095442,0.0122125464344623,0.6861941691292768,0.022
NEOUSDT,avoid_low,-0.5,1.5,60,trailing,always,usd,2.2020252167141807,1.768328074836562,2.675892686743395,0.0
NEOUSDT,avoid_low,-0.5,1.5,300,har,trailing,bps,0.636641619942746,0.0988670143599828,1.2406090910726113,0.006
NEOUSDT,avoid_low,-0.5,1.5,300,har,trailing,usd,0.1551577327162101,-0.2489820061517642,0.6041723232106893,0.247
NEOUSDT,avoid_low,-0.5,1.5,300,har,always,bps,1.1239883371933164,0.6609797572828516,1.622848037797462,0.0
NEOUSDT,avoid_low,-0.5,1.5,300,har,always,usd,2.49975114482455,1.9848183358418936,3.038760041669513,0.0
NEOUSDT,avoid_low,-0.5,1.5,300,har,seasonal,bps,0.8635827982382158,0.4384072342708611,1.3210453101133703,0.0
NEOUSDT,avoid_low,-0.5,1.5,300,har,seasonal,usd,0.8235922793685277,0.454645962093266,1.1989790284595103,0.0
NEOUSDT,avoid_low,-0.5,1.5,300,trailing,always,bps,0.4873467172505701,-0.0296039033326454,1.0050706485247314,0.029
NEOUSDT,avoid_low,-0.5,1.5,300,trailing,always,usd,2.34459341210834,1.7923769312736602,2.9051986830690044,0.0
NEOUSDT,avoid_low,0.0,1.0,10,har,trailing,bps,-0.0673182243755186,-0.2409922262070088,0.0813206678821828,0.795
NEOUSDT,avoid_low,0.0,1.0,10,har,trailing,usd,-0.0598607660781519,-0.1670709199252434,0.0390398594315056,0.883
NEOUSDT,avoid_low,0.0,1.0,10,har,always,bps,0.0920050440323391,-0.0119041826099408,0.1949711907920988,0.036
NEOUSDT,avoid_low,0.0,1.0,10,har,always,usd,0.1974838379197563,0.0899282412695667,0.2987669998329157,0.001
NEOUSDT,avoid_low,0.0,1.0,10,har,seasonal,bps,0.0494576051207265,-0.0636223613581965,0.1635805348187206,0.193
NEOUSDT,avoid_low,0.0,1.0,10,har,seasonal,usd,0.0509935215943417,-0.0326838136537158,0.1359906334320816,0.122
NEOUSDT,avoid_low,0.0,1.0,10,trailing,always,bps,0.1593232684078578,0.0331783778870534,0.2968660176904298,0.006
NEOUSDT,avoid_low,0.0,1.0,10,trailing,always,usd,0.2573446039979082,0.1488484097075278,0.3719040905777105,0.0
NEOUSDT,avoid_low,0.0,1.0,60,har,trailing,bps,0.2028658716861177,-0.0104179554448625,0.397236655459756,0.031
NEOUSDT,avoid_low,0.0,1.0,60,har,trailing,usd,0.04715031039889,-0.1164187446288813,0.1879034715553637,0.255
NEOUSDT,avoid_low,0.0,1.0,60,har,always,bps,0.4433370729080786,0.2823291737511408,0.598927978927902,0.0
NEOUSDT,avoid_low,0.0,1.0,60,har,always,usd,0.8925220886669878,0.7213569934578524,1.0755823530994115,0.0
NEOUSDT,avoid_low,0.0,1.0,60,har,seasonal,bps,0.3900425893834356,0.1899080665132043,0.5853505771329156,0.0
NEOUSDT,avoid_low,0.0,1.0,60,har,seasonal,usd,0.3465482030781476,0.1872273285937025,0.5007784212747048,0.0
NEOUSDT,avoid_low,0.0,1.0,60,trailing,always,bps,0.2404712012219609,0.0290206238957677,0.4352889073502132,0.014
NEOUSDT,avoid_low,0.0,1.0,60,trailing,always,usd,0.8453717782680976,0.6375779090564273,1.0767050133681364,0.0
NEOUSDT,avoid_low,0.0,1.0,300,har,trailing,bps,0.3021993602991881,-0.0537100470217777,0.7163328017918743,0.057
NEOUSDT,avoid_low,0.0,1.0,300,har,trailing,usd,0.1144766161016536,-0.1226117085410023,0.3892127213443321,0.18
NEOUSDT,avoid_low,0.0,1.0,300,har,always,bps,0.6383543703090014,0.3453098615162708,0.9600012200017706,0.0
NEOUSDT,avoid_low,0.0,1.0,300,har,always,usd,1.0550644697221685,0.7399304483482221,1.387179901802542,0.0
NEOUSDT,avoid_low,0.0,1.0,300,har,seasonal,bps,0.4612860735708887,0.1736544614872799,0.7684869266858536,0.0
NEOUSDT,avoid_low,0.0,1.0,300,har,seasonal,usd,0.393475893367495,0.176469038284406,0.616619702117882,0.0
NEOUSDT,avoid_low,0.0,1.0,300,trailing,always,bps,0.3361550100098134,9.963063413045392e-05,0.6541389908413084,0.024
NEOUSDT,avoid_low,0.0,1.0,300,trailing,always,usd,0.9405878536205148,0.6201200948730909,1.2436354720019691,0.0
NEOUSDT,avoid_low,0.0,1.5,10,har,trailing,bps,0.0825683281651344,-0.1485135227674467,0.2935151200499932,0.23
NEOUSDT,avoid_low,0.0,1.5,10,har,trailing,usd,-0.1352377270911377,-0.3598090483793204,0.0692810631617698,0.898
NEOUSDT,avoid_low,0.0,1.5,10,har,always,bps,0.3046276980820544,0.1659137588029194,0.4476227059308458,0.0
NEOUSDT,avoid_low,0.0,1.5,10,har,always,usd,1.3764740840543144,1.1657196591087478,1.5782869426612596,0.0
NEOUSDT,avoid_low,0.0,1.5,10,har,seasonal,bps,0.2462527740629028,0.1069190148119582,0.3874760958943056,0.001
NEOUSDT,avoid_low,0.0,1.5,10,har,seasonal,usd,0.3333391784897989,0.1593327000034128,0.4983718574446345,0.0
NEOUSDT,avoid_low,0.0,1.5,10,trailing,always,bps,0.2220593699169199,0.0185822342306638,0.4323576673560446,0.016
NEOUSDT,avoid_low,0.0,1.5,10,trailing,always,usd,1.5117118111454522,1.2292956862186166,1.8243906298330963,0.0
NEOUSDT,avoid_low,0.0,1.5,60,har,trailing,bps,0.4878851666118103,0.1752468416519857,0.7707743036692641,0.001
NEOUSDT,avoid_low,0.0,1.5,60,har,trailing,usd,0.0253014398457228,-0.3009894032468081,0.3326839226567032,0.423
NEOUSDT,avoid_low,0.0,1.5,60,har,always,bps,0.8313960590213557,0.5930986353891377,1.0775738236054953,0.0
NEOUSDT,avoid_low,0.0,1.5,60,har,always,usd,2.418803915452244,2.077939753681336,2.754322042234325,0.0
NEOUSDT,avoid_low,0.0,1.5,60,har,seasonal,bps,0.7567841054888697,0.4754957334828265,1.0425053660066563,0.0
NEOUSDT,avoid_low,0.0,1.5,60,har,seasonal,usd,0.7764222345400902,0.4684016131011842,1.0600949827795734,0.0
NEOUSDT,avoid_low,0.0,1.5,60,trailing,always,bps,0.3435108924095453,0.0122125464344623,0.6861941691292757,0.022
NEOUSDT,avoid_low,0.0,1.5,60,trailing,always,usd,2.393502475606521,1.9398290866783223,2.8895789147521,0.0
NEOUSDT,avoid_low,0.0,1.5,300,har,trailing,bps,0.636641619942746,0.0988670143599818,1.2406090910726124,0.006
NEOUSDT,avoid_low,0.0,1.5,300,har,trailing,usd,0.1269506457733217,-0.283211788018112,0.5879757864023336,0.298
NEOUSDT,avoid_low,0.0,1.5,300,har,always,bps,1.1239883371933164,0.6609797572828521,1.622848037797462,0.0
NEOUSDT,avoid_low,0.0,1.5,300,har,always,usd,2.6630331780557674,2.1357821948223,3.209105080580236,0.0
NEOUSDT,avoid_low,0.0,1.5,300,har,seasonal,bps,0.8635827982382169,0.4384072342708626,1.3210453101133703,0.0
NEOUSDT,avoid_low,0.0,1.5,300,har,seasonal,usd,0.8474303743002999,0.4720864230252521,1.2229574687160916,0.0
NEOUSDT,avoid_low,0.0,1.5,300,trailing,always,bps,0.4873467172505701,-0.0296039033326465,1.0050706485247314,0.029
NEOUSDT,avoid_low,0.0,1.5,300,trailing,always,usd,2.536082532282445,1.967103702156425,3.115420200954601,0.0
NEOUSDT,avoid_low,1.0,1.0,10,har,trailing,bps,-0.0673182243755187,-0.2409922262070087,0.0813206678821829,0.795
NEOUSDT,avoid_low,1.0,1.0,10,har,trailing,usd,-0.116537118319708,-0.2386412640513121,0.0001369314982077,0.974
NEOUSDT,avoid_low,1.0,1.0,10,har,always,bps,0.0920050440323395,-0.0119041826099407,0.1949711907920991,0.036
NEOUSDT,avoid_low,1.0,1.0,10,har,always,usd,0.5237611921291804,0.4047934555639364,0.6384610189255866,0.0
NEOUSDT,avoid_low,1.0,1.0,10,har,seasonal,bps,0.0494576051207265,-0.0636223613581964,0.1635805348187207,0.193
NEOUSDT,avoid_low,1.0,1.0,10,har,seasonal,usd,0.098407129595587,0.0037960231198698,0.2018759399531012,0.021
NEOUSDT,avoid_low,1.0,1.0,10,trailing,always,bps,0.1593232684078582,0.0331783778870538,0.2968660176904297,0.006
NEOUSDT,avoid_low,1.0,1.0,10,trailing,always,usd,0.6402983104488884,0.5067295437479897,0.7910876663172166,0.0
NEOUSDT,avoid_low,1.0,1.0,60,har,trailing,bps,0.202865871686118,-0.0104179554448619,0.3972366554597558,0.031
NEOUSDT,avoid_low,1.0,1.0,60,har,trailing,usd,-0.0095267819589027,-0.1981721470223943,0.1616830623918551,0.519
NEOUSDT,avoid_low,1.0,1.0,60,har,always,bps,0.4433370729080786,0.2823291737511403,0.5989279789279023,0.0
NEOUSDT,avoid_low,1.0,1.0,60,har,always,usd,1.218799514093874,1.0274597083556387,1.41524089897495,0.0
NEOUSDT,avoid_low,1.0,1.0,60,har,seasonal,bps,0.3900425893834356,0.1899080665132043,0.5853505771329156,0.0
NEOUSDT,avoid_low,1.0,1.0,60,har,seasonal,usd,0.3939619396449504,0.2143128926095114,0.5599349171755404,0.0
NEOUSDT,avoid_low,1.0,1.0,60,trailing,always,bps,0.2404712012219606,0.0290206238957672,0.4352889073502132,0.014
NEOUSDT,avoid_low,1.0,1.0,60,trailing,always,usd,1.2283262960527768,0.9875767354698828,1.488952950434343,0.0
NEOUSDT,avoid_low,1.0,1.0,300,har,trailing,bps,0.3021993602991878,-0.0537100470217775,0.716332801791874,0.057
NEOUSDT,avoid_low,1.0,1.0,300,har,trailing,usd,0.0580624422158766,-0.2118843718898263,0.3374547003825583,0.349
NEOUSDT,avoid_low,1.0,1.0,300,har,always,bps,0.6383543703090018,0.3453098615162711,0.96000122000177,0.0
NEOUSDT,avoid_low,1.0,1.0,300,har,always,usd,1.3816285361846012,1.0600480823229874,1.7255238343108894,0.0
NEOUSDT,avoid_low,1.0,1.0,300,har,seasonal,bps,0.4612860735708887,0.1736544614872803,0.7684869266858536,0.0
NEOUSDT,avoid_low,1.0,1.0,300,har,seasonal,usd,0.4411520832310381,0.2106550639872341,0.6737006003724614,0.0
NEOUSDT,avoid_low,1.0,1.0,300,trailing,always,bps,0.3361550100098139,9.963063412990505e-05,0.6541389908413084,0.024
NEOUSDT,avoid_low,1.0,1.0,300,trailing,always,usd,1.3235660939687246,0.992985637991926,1.6654878255747128,0.0
NEOUSDT,avoid_low,1.0,1.5,10,har,trailing,bps,0.082568328165135,-0.1485135227674488,0.2935151200499937,0.23
NEOUSDT,avoid_low,1.0,1.5,10,har,trailing,usd,-0.1919140793326938,-0.441777005837523,0.0453416101539458,0.939
NEOUSDT,avoid_low,1.0,1.5,10,har,always,bps,0.304627698082055,0.1659137588029199,0.4476227059308457,0.0
NEOUSDT,avoid_low,1.0,1.5,10,har,always,usd,1.7027514382637383,1.471235574925476,1.9271967140887645,0.0
NEOUSDT,avoid_low,1.0,1.5,10,har,seasonal,bps,0.2462527740629033,0.1069190148119587,0.3874760958943056,0.001
NEOUSDT,avoid_low,1.0,1.5,10,har,seasonal,usd,0.3807527864910442,0.1769464613142508,0.5792326654592004,0.0
NEOUSDT,avoid_low,1.0,1.5,10,trailing,always,bps,0.2220593699169199,0.0185822342306632,0.4323576673560441,0.016
NEOUSDT,avoid_low,1.0,1.5,10,trailing,always,usd,1.894665517596432,1.5689127207236349,2.263199851011995,0.0
NEOUSDT,avoid_low,1.0,1.5,60,har,trailing,bps,0.4878851666118087,0.1752468416519868,0.7707743036692646,0.001
NEOUSDT,avoid_low,1.0,1.5,60,har,trailing,usd,-0.031375652512071,-0.3976292770571861,0.3085590064560357,0.566
NEOUSDT,avoid_low,1.0,1.5,60,har,always,bps,0.831396059021354,0.5930986353891392,1.077573823605495,0.0
NEOUSDT,avoid_low,1.0,1.5,60,har,always,usd,2.7450813408791293,2.3779311600878428,3.100679723920715,0.0
NEOUSDT,avoid_low,1.0,1.5,60,har,seasonal,bps,0.7567841054888691,0.475495733482826,1.042505366006656,0.0
NEOUSDT,avoid_low,1.0,1.5,60,har,seasonal,usd,0.8238359711068923,0.482637026728378,1.1301216200482078,0.0
NEOUSDT,avoid_low,1.0,1.5,60,trailing,always,bps,0.3435108924095453,0.0122125464344613,0.6861941691292768,0.022
NEOUSDT,avoid_low,1.0,1.5,60,trailing,always,usd,2.7764569933912004,2.2882970449030777,3.3168116306269555,0.0
NEOUSDT,avoid_low,1.0,1.5,300,har,trailing,bps,0.636641619942746,0.0988670143599818,1.2406090910726133,0.006
NEOUSDT,avoid_low,1.0,1.5,300,har,trailing,usd,0.0705364718875449,-0.3598465341180288,0.5617404338930542,0.392
NEOUSDT,avoid_low,1.0,1.5,300,har,always,bps,1.1239883371933164,0.6609797572828526,1.6228480377974608,0.0
NEOUSDT,avoid_low,1.0,1.5,300,har,always,usd,2.9895972445181997,2.439726332141712,3.559885352556068,0.0
NEOUSDT,avoid_low,1.0,1.5,300,har,seasonal,bps,0.8635827982382169,0.4384072342708605,1.321045310113372,0.0
NEOUSDT,avoid_low,1.0,1.5,300,har,seasonal,usd,0.8951065641638428,0.5004094211020448,1.287018499731297,0.0
NEOUSDT,avoid_low,1.0,1.5,300,trailing,always,bps,0.4873467172505701,-0.0296039033326444,1.0050706485247325,0.029
NEOUSDT,avoid_low,1.0,1.5,300,trailing,always,usd,2.9190607726306546,2.307954285508464,3.5333716679592437,0.0
QTUMUSDT,avoid_high,-0.5,1.0,10,har,trailing,bps,-2.567211476321884,-12.64812496389994,4.621787112493836,0.627
QTUMUSDT,avoid_high,-0.5,1.0,10,har,trailing,usd,-2.482848724411475,-10.932476503451428,3.394528248038646,0.661
QTUMUSDT,avoid_high,-0.5,1.0,10,har,always,bps,-3.2224994429946667,-10.78489843901454,1.230631653617186,0.653
QTUMUSDT,avoid_high,-0.5,1.0,10,har,always,usd,-4.689574076676235,-12.240551739167286,-0.6004392019288299,1.0
QTUMUSDT,avoid_high,-0.5,1.0,10,har,seasonal,bps,-4.304011052052647,-12.84373804346003,0.4487986221305015,0.705
QTUMUSDT,avoid_high,-0.5,1.0,10,har,seasonal,usd,-4.249400799890801,-11.839923050902518,-0.1636706203532486,1.0
QTUMUSDT,avoid_high,-0.5,1.0,10,trailing,always,bps,-0.6552879666727829,-3.6016437761776574,1.809160388970543,0.681
QTUMUSDT,avoid_high,-0.5,1.0,10,trailing,always,usd,-2.20672535226476,-4.774683216529092,-0.4809690309054201,1.0
QTUMUSDT,avoid_high,-0.5,1.0,60,har,trailing,bps,-0.9919304772747168,-7.983586587401836,4.624853050037664,0.578
QTUMUSDT,avoid_high,-0.5,1.0,60,har,trailing,usd,-1.0525369563284663,-6.84082445170031,3.4573174846093258,0.594
QTUMUSDT,avoid_high,-0.5,1.0,60,har,always,bps,-1.9509987624974048,-7.109678819656923,1.1906894687259164,0.667
QTUMUSDT,avoid_high,-0.5,1.0,60,har,always,usd,-2.845681551045841,-7.684754967598792,-0.1980884821463134,1.0
QTUMUSDT,avoid_high,-0.5,1.0,60,har,seasonal,bps,-2.76774844530227,-8.414867255486818,0.4132628988912418,0.75
QTUMUSDT,avoid_high,-0.5,1.0,60,har,seasonal,usd,-2.7119729829676618,-7.557475265104221,-0.0578657207566771,0.999
QTUMUSDT,avoid_high,-0.5,1.0,60,trailing,always,bps,-0.959068285222688,-3.876605619331029,1.1380192758713257,0.76
QTUMUSDT,avoid_high,-0.5,1.0,60,trailing,always,usd,-1.793144594717375,-4.493794816799311,-0.1114518608967442,1.0
QTUMUSDT,avoid_high,-0.5,1.0,300,har,trailing,bps,6.151029424101501,-0.1550484820229932,14.60960694325486,0.044
QTUMUSDT,avoid_high,-0.5,1.0,300,har,trailing,usd,4.789463432390689,-0.1278021744442279,11.27406099612967,0.048
QTUMUSDT,avoid_high,-0.5,1.0,300,har,always,bps,4.058491166569027,-0.0134305533373912,10.725666091928131,0.027
QTUMUSDT,avoid_high,-0.5,1.0,300,har,always,usd,3.471715988966693,-0.0876946591907838,9.996723454458593,0.11
QTUMUSDT,avoid_high,-0.5,1.0,300,har,seasonal,bps,4.409402505550182,-0.0441172578772854,12.147341119717272,0.041
QTUMUSDT,avoid_high,-0.5,1.0,300,har,seasonal,usd,3.47204776838197,-0.1423735888627433,9.987768979438354,0.126
QTUMUSDT,avoid_high,-0.5,1.0,300,trailing,always,bps,-2.0925382575324734,-4.907824993031791,0.3138441104948081,0.939
QTUMUSDT,avoid_high,-0.5,1.0,300,trailing,always,usd,-1.3177474434239964,-3.904189453942789,0.279407697598595,0.859
QTUMUSDT,avoid_high,-0.5,1.5,10,har,trailing,bps,-2.3179276087394967,-11.83620413520878,4.518420604250851,0.617
QTUMUSDT,avoid_high,-0.5,1.5,10,har,trailing,usd,-2.011743890365621,-9.729010671882348,3.4183426903093648,0.622
QTUMUSDT,avoid_high,-0.5,1.5,10,har,always,bps,-3.0209272368274296,-10.115404554663485,1.1409731675118446,0.651
QTUMUSDT,avoid_high,-0.5,1.5,10,har,always,usd,-3.5369605280836067,-10.45500562166793,0.2210203437110583,0.702
QTUMUSDT,avoid_high,-0.5,1.5,10,har,seasonal,bps,-4.057604479867009,-12.084833617425485,0.4447972479526617,0.708
QTUMUSDT,avoid_high,-0.5,1.5,10,har,seasonal,usd,-3.638350081245158,-10.541157871029773,0.114060606082499,0.845
QTUMUSDT,avoid_high,-0.5,1.5,10,trailing,always,bps,-0.7029996280879331,-3.482624183622268,1.6804145013277567,0.704
QTUMUSDT,avoid_high,-0.5,1.5,10,trailing,always,usd,-1.5252166377179863,-3.886257768499598,0.0821737065529905,0.926
QTUMUSDT,avoid_high,-0.5,1.5,60,har,trailing,bps,0.045085031215723,-4.749851713900784,4.633646428860745,0.451
QTUMUSDT,avoid_high,-0.5,1.5,60,har,trailing,usd,0.133656751990941,-3.5838295637430506,3.584749326252079,0.415
QTUMUSDT,avoid_high,-0.5,1.5,60,har,always,bps,-1.1131823897199078,-4.491714817840399,1.097086197231141,0.673
QTUMUSDT,avoid_high,-0.5,1.5,60,har,always,usd,-0.770763260081891,-3.653028219779159,0.8937795381142278,0.621
QTUMUSDT,avoid_high,-0.5,1.5,60,har,seasonal,bps,-1.752748029707394,-5.513869309374038,0.377526571502015,0.788
QTUMUSDT,avoid_high,-0.5,1.5,60,har,seasonal,usd,-1.3318904836696153,-4.166988864875787,0.3084139797457813,0.66
QTUMUSDT,avoid_high,-0.5,1.5,60,trailing,always,bps,-1.158267420935631,-3.8921137906208334,0.6924254003807911,0.827
QTUMUSDT,avoid_high,-0.5,1.5,60,trailing,always,usd,-0.904420012072832,-3.529738769625052,0.7413375666520844,0.75
QTUMUSDT,avoid_high,-0.5,1.5,300,har,trailing,bps,10.77584646357236,-0.165428103160821,27.44083580241785,0.049
QTUMUSDT,avoid_high,-0.5,1.5,300,har,trailing,usd,8.894508574765986,0.0384684513119228,22.97222069324404,0.019
QTUMUSDT,avoid_high,-0.5,1.5,300,har,always,bps,7.924343192347112,-0.0219652155638687,21.931004758562576,0.029
QTUMUSDT,avoid_high,-0.5,1.5,300,har,always,usd,8.710564121152492,1.0105814983129515,23.126660551223356,0.0
QTUMUSDT,avoid_high,-0.5,1.5,300,har,seasonal,bps,9.041434133918184,-0.1007309151752566,25.500187423422627,0.045
QTUMUSDT,avoid_high,-0.5,1.5,300,har,seasonal,usd,7.951990189089897,0.1540524465731289,22.17291272238928,0.002
QTUMUSDT,avoid_high,-0.5,1.5,300,trailing,always,bps,-2.851503271225249,-6.68543638347259,0.397421370165842,0.927
QTUMUSDT,avoid_high,-0.5,1.5,300,trailing,always,usd,-0.1839444536134943,-2.5467027410982235,1.366565434462838,0.515
QTUMUSDT,avoid_high,0.0,1.0,10,har,trailing,bps,-2.5672114763218827,-12.648124963899935,4.621787112493837,0.627
QTUMUSDT,avoid_high,0.0,1.0,10,har,trailing,usd,-2.444003193321095,-10.858160140243944,3.4091065302184247,0.658
QTUMUSDT,avoid_high,0.0,1.0,10,har,always,bps,-3.222499442994666,-10.784898439014537,1.2306316536171849,0.653
QTUMUSDT,avoid_high,0.0,1.0,10,har,always,usd,-4.553017021266358,-12.073880029712686,-0.4900024916656025,1.0
QTUMUSDT,avoid_high,0.0,1.0,10,har,seasonal,bps,-4.304011052052647,-12.843738043460023,0.4487986221305005,0.705
QTUMUSDT,avoid_high,0.0,1.0,10,har,seasonal,usd,-4.19147838117215,-11.747405781032,-0.128192599226095,1.0
QTUMUSDT,avoid_high,0.0,1.0,10,trailing,always,bps,-0.6552879666727829,-3.6016437761776565,1.8091603889705403,0.681
QTUMUSDT,avoid_high,0.0,1.0,10,trailing,always,usd,-2.1090138279452626,-4.67692335632636,-0.3975167356434113,1.0
QTUMUSDT,avoid_high,0.0,1.0,60,har,trailing,bps,-0.9919304772747164,-7.983586587401835,4.624853050037664,0.578
QTUMUSDT,avoid_high,0.0,1.0,60,har,trailing,usd,-1.0137068043659274,-6.773579308239689,3.4724956699054363,0.591
QTUMUSDT,avoid_high,0.0,1.0,60,har,always,bps,-1.950998762497404,-7.109678819656923,1.1906894687259169,0.667
QTUMUSDT,avoid_high,0.0,1.0,60,har,always,usd,-2.7091450335501186,-7.51106944505507,-0.0771283363672371,1.0
QTUMUSDT,avoid_high,0.0,1.0,60,har,seasonal,bps,-2.767748445302267,-8.414867255486817,0.4132628988912402,0.75
QTUMUSDT,avoid_high,0.0,1.0,60,har,seasonal,usd,-2.654063434247668,-7.460072042643474,-0.0215952130319398,0.986
QTUMUSDT,avoid_high,0.0,1.0,60,trailing,always,bps,-0.959068285222688,-3.876605619331029,1.1380192758713257,0.76
QTUMUSDT,avoid_high,0.0,1.0,60,trailing,always,usd,-1.695438229184191,-4.394977901314974,-0.0237223987939956,0.986
QTUMUSDT,avoid_high,0.0,1.0,300,har,trailing,bps,6.1510294241015,-0.1550484820229933,14.60960694325486,0.044
QTUMUSDT,avoid_high,0.0,1.0,300,har,trailing,usd,4.826937805180997,-0.111883225119207,11.357217698067082,0.047
QTUMUSDT,avoid_high,0.0,1.0,300,har,always,bps,4.058491166569024,-0.0134305533373913,10.725666091928131,0.027
QTUMUSDT,avoid_high,0.0,1.0,300,har,always,usd,3.6066184888609394,0.0347661859498759,10.16443532270699,0.011
QTUMUSDT,avoid_high,0.0,1.0,300,har,seasonal,bps,4.409402505550181,-0.0441172578772854,12.147341119717272,0.041
QTUMUSDT,avoid_high,0.0,1.0,300,har,seasonal,usd,3.528506460775988,-0.1041734715457618,10.075751255163391,0.093
QTUMUSDT,avoid_high,0.0,1.0,300,trailing,always,bps,-2.092538257532475,-4.907824993031788,0.3138441104948079,0.939
QTUMUSDT,avoid_high,0.0,1.0,300,trailing,always,usd,-1.2203193163200572,-3.806657363551826,0.374918044485738,0.852
QTUMUSDT,avoid_high,0.0,1.5,10,har,trailing,bps,-2.317927608739498,-11.836204135208776,4.518420604250852,0.617
QTUMUSDT,avoid_high,0.0,1.5,10,har,trailing,usd,-1.9728983592752436,-9.65172209109661,3.4441247146752154,0.62
QTUMUSDT,avoid_high,0.0,1.5,10,har,always,bps,-3.0209272368274296,-10.115404554663485,1.1409731675118453,0.651
QTUMUSDT,avoid_high,0.0,1.5,10,har,always,usd,-3.4004034726737333,-10.287544063363612,0.3406687819252254,0.627
QTUMUSDT,avoid_high,0.0,1.5,10,har,seasonal,bps,-4.057604479867011,-12.084833617425485,0.4447972479526622,0.708
QTUMUSDT,avoid_high,0.0,1.5,10,har,seasonal,usd,-3.580427662526508,-10.448640601159257,0.1578240161503638,0.781
QTUMUSDT,avoid_high,0.0,1.5,10,trailing,always,bps,-0.7029996280879316,-3.482624183622267,1.6804145013277527,0.704
QTUMUSDT,avoid_high,0.0,1.5,10,trailing,always,usd,-1.42750511339849,-3.782637136231642,0.1765516018786154,0.866
QTUMUSDT,avoid_high,0.0,1.5,60,har,trailing,bps,0.0450850312157247,-4.749851713900783,4.633646428860744,0.451
QTUMUSDT,avoid_high,0.0,1.5,60,har,trailing,usd,0.1724869039534806,-3.5146079276791884,3.595587353695032,0.412
QTUMUSDT,avoid_high,0.0,1.5,60,har,always,bps,-1.1131823897199062,-4.491714817840397,1.09708619723114,0.673
QTUMUSDT,avoid_high,0.0,1.5,60,har,always,usd,-0.6342267425861671,-3.4941186234234363,1.0262493922746985,0.621
QTUMUSDT,avoid_high,0.0,1.5,60,har,seasonal,bps,-1.7527480297073947,-5.513869309374038,0.3775265715020156,0.788
QTUMUSDT,avoid_high,0.0,1.5,60,har,seasonal,usd,-1.2739809349496245,-4.073182874034897,0.3517800031963282,0.641
QTUMUSDT,avoid_high,0.0,1.5,60,trailing,always,bps,-1.158267420935631,-3.892113790620835,0.6924254003807917,0.827
QTUMUSDT,avoid_high,0.0,1.5,60,trailing,always,usd,-0.8067136465396478,-3.4251367598275,0.839332828585091,0.735
QTUMUSDT,avoid_high,0.0,1.5,300,har,trailing,bps,10.775846463572355,-0.16542810316082,27.440835802417865,0.049
QTUMUSDT,avoid_high,0.0,1.5,300,har,trailing,usd,8.93198294755629,0.0754917079262617,23.06138166844269,0.017
QTUMUSDT,avoid_high,0.0,1.5,300,har,always,bps,7.92434319234711,-0.0219652155638686,21.93100475856258,0.029
QTUMUSDT,avoid_high,0.0,1.5,300,har,always,usd,8.84546662104674,1.1237157111705072,23.298340140668,0.0
QTUMUSDT,avoid_high,0.0,1.5,300,har,seasonal,bps,9.041434133918182,-0.1007309151752551,25.500187423422627,0.045
QTUMUSDT,avoid_high,0.0,1.5,300,har,seasonal,usd,8.008448881483915,0.1808662674695253,22.26991872113257,0.001
QTUMUSDT,avoid_high,0.0,1.5,300,trailing,always,bps,-2.851503271225247,-6.685436383472598,0.3974213701658399,0.927
QTUMUSDT,avoid_high,0.0,1.5,300,trailing,always,usd,-0.0865163265095513,-2.448398166928208,1.4690495599029925,0.478
QTUMUSDT,avoid_high,1.0,1.0,10,har,trailing,bps,-2.5672114763218845,-12.64812496389994,4.621787112493837,0.627
QTUMUSDT,avoid_high,1.0,1.0,10,har,trailing,usd,-2.36631213114034,-10.709527413828985,3.4345284398669715,0.65
QTUMUSDT,avoid_high,1.0,1.0,10,har,always,bps,-3.2224994429946663,-10.78489843901454,1.2306316536171864,0.653
QTUMUSDT,avoid_high,1.0,1.0,10,har,always,usd,-4.27990291044661,-11.740536610803494,-0.259808387955519,1.0
QTUMUSDT,avoid_high,1.0,1.0,10,har,seasonal,bps,-4.30401105205265,-12.84373804346003,0.4487986221305026,0.705
QTUMUSDT,avoid_high,1.0,1.0,10,har,seasonal,usd,-4.075633543734851,-11.56237124129098,-0.0497766482632872,0.997
QTUMUSDT,avoid_high,1.0,1.0,10,trailing,always,bps,-0.6552879666727818,-3.601643776177657,1.8091603889705408,0.681
QTUMUSDT,avoid_high,1.0,1.0,10,trailing,always,usd,-1.9135907793062708,-4.481403635920895,-0.2321796786446534,1.0
QTUMUSDT,avoid_high,1.0,1.0,60,har,trailing,bps,-0.9919304772747152,-7.983586587401833,4.624853050037662,0.578
QTUMUSDT,avoid_high,1.0,1.0,60,har,trailing,usd,-0.9360465004408498,-6.638819553355416,3.5065089170832167,0.579
QTUMUSDT,avoid_high,1.0,1.0,60,har,always,bps,-1.950998762497402,-7.10967881965692,1.190689468725918,0.667
QTUMUSDT,avoid_high,1.0,1.0,60,har,always,usd,-2.4360719985586723,-7.170174375468498,0.1581261103911575,0.714
QTUMUSDT,avoid_high,1.0,1.0,60,har,seasonal,bps,-2.7677484453022694,-8.414867255486818,0.4132628988912381,0.75
QTUMUSDT,avoid_high,1.0,1.0,60,har,seasonal,usd,-2.5382443368076864,-7.275077345621995,0.0605627149171009,0.916
QTUMUSDT,avoid_high,1.0,1.0,60,trailing,always,bps,-0.9590682852226868,-3.876605619331029,1.1380192758713286,0.76
QTUMUSDT,avoid_high,1.0,1.0,60,trailing,always,usd,-1.5000254981178225,-4.197344070346301,0.1617028921209709,0.865
QTUMUSDT,avoid_high,1.0,1.0,300,har,trailing,bps,6.151029424101499,-0.1550484820229931,14.60960694325486,0.044
QTUMUSDT,avoid_high,1.0,1.0,300,har,trailing,usd,4.901886550761611,-0.0801280855483298,11.492189936355114,0.039
QTUMUSDT,avoid_high,1.0,1.0,300,har,always,bps,4.058491166569025,-0.0134305533373917,10.725666091928131,0.027
QTUMUSDT,avoid_high,1.0,1.0,300,har,always,usd,3.876423488649436,0.27431208865826,10.505689991996109,0.0
QTUMUSDT,avoid_high,1.0,1.0,300,har,seasonal,bps,4.40940250555018,-0.0441172578772849,12.147341119717272,0.041
QTUMUSDT,avoid_high,1.0,1.0,300,har,seasonal,usd,3.6414238455640255,-0.0263031338122529,10.251715806613474,0.035
QTUMUSDT,avoid_high,1.0,1.0,300,trailing,always,bps,-2.092538257532474,-4.907824993031792,0.3138441104948076,0.939
QTUMUSDT,avoid_high,1.0,1.0,300,trailing,always,usd,-1.0254630621121743,-3.6115931827698993,0.5745863329971852,0.778
QTUMUSDT,avoid_high,1.0,1.5,10,har,trailing,bps,-2.317927608739497,-11.836204135208783,4.518420604250851,0.617
QTUMUSDT,avoid_high,1.0,1.5,10,har,trailing,usd,-1.8952072970944864,-9.497144929525136,3.4766414150549174,0.613
QTUMUSDT,avoid_high,1.0,1.5,10,har,always,bps,-3.0209272368274296,-10.115404554663485,1.140973167511846,0.651
QTUMUSDT,avoid_high,1.0,1.5,10,har,always,usd,-3.127289361853985,-9.963121468956096,0.5859271616672915,0.621
QTUMUSDT,avoid_high,1.0,1.5,10,har,seasonal,bps,-4.057604479867012,-12.084833617425485,0.4447972479526622,0.708
QTUMUSDT,avoid_high,1.0,1.5,10,har,seasonal,usd,-3.464582825089208,-10.26360606141823,0.2425027682833889,0.69
QTUMUSDT,avoid_high,1.0,1.5,10,trailing,always,bps,-0.702999628087932,-3.482624183622267,1.6804145013277527,0.704
QTUMUSDT,avoid_high,1.0,1.5,10,trailing,always,usd,-1.2320820647594992,-3.5749936885690268,0.3693375379587911,0.855
QTUMUSDT,avoid_high,1.0,1.5,60,har,trailing,bps,0.0450850312157225,-4.749851713900786,4.633646428860744,0.451
QTUMUSDT,avoid_high,1.0,1.5,60,har,trailing,usd,0.2501472078785557,-3.376164655551471,3.6088179117065007,0.405
QTUMUSDT,avoid_high,1.0,1.5,60,har,always,bps,-1.1131823897199078,-4.491714817840403,1.0970861972311403,0.673
QTUMUSDT,avoid_high,1.0,1.5,60,har,always,usd,-0.3611537075947238,-3.1742282799244887,1.2902964627501798,0.621
QTUMUSDT,avoid_high,1.0,1.5,60,har,seasonal,bps,-1.752748029707395,-5.513869309374038,0.3775265715020144,0.788
QTUMUSDT,avoid_high,1.0,1.5,60,har,seasonal,usd,-1.158161837509641,-3.90381886617938,0.4494017004333568,0.628
QTUMUSDT,avoid_high,1.0,1.5,60,trailing,always,bps,-1.1582674209356305,-3.8921137906208343,0.6924254003807909,0.827
QTUMUSDT,avoid_high,1.0,1.5,60,trailing,always,usd,-0.6113009154732796,-3.1938768768123227,1.0464249776030794,0.691
QTUMUSDT,avoid_high,1.0,1.5,300,har,trailing,bps,10.77584646357236,-0.165428103160821,27.440835802417865,0.049
QTUMUSDT,avoid_high,1.0,1.5,300,har,trailing,usd,9.00693169313691,0.1094221722998885,23.239703618839982,0.014
QTUMUSDT,avoid_high,1.0,1.5,300,har,always,bps,7.924343192347111,-0.0219652155638697,21.93100475856258,0.029
QTUMUSDT,avoid_high,1.0,1.5,300,har,always,usd,9.115271620835236,1.3481926746597597,23.641699319557283,0.0
QTUMUSDT,avoid_high,1.0,1.5,300,har,seasonal,bps,9.04143413391818,-0.1007309151752551,25.500187423422634,0.045
QTUMUSDT,avoid_high,1.0,1.5,300,har,seasonal,usd,8.121366266271952,0.2516454506572644,22.463930718619157,0.001
QTUMUSDT,avoid_high,1.0,1.5,300,trailing,always,bps,-2.851503271225249,-6.685436383472594,0.397421370165842,0.927
QTUMUSDT,avoid_high,1.0,1.5,300,trailing,always,usd,0.1083399276983285,-2.265209198163816,1.6766299758454437,0.395
QTUMUSDT,avoid_low,-0.5,1.0,10,har,trailing,bps,-2.9656034261847166,-6.835017077825139,0.49577651435722,0.953
QTUMUSDT,avoid_low,-0.5,1.0,10,har,trailing,usd,-0.9501835629292716,-2.916718228327394,0.8006447234345794,0.842
QTUMUSDT,avoid_low,-0.5,1.0,10,har,always,bps,-4.785220612492621,-12.372392419734886,0.0089203039670998,0.974
QTUMUSDT,avoid_low,-0.5,1.0,10,har,always,usd,-6.197396297083499,-13.78763806783687,-1.1042401858294812,1.0
QTUMUSDT,avoid_low,-0.5,1.0,10,har,seasonal,bps,-5.349307196839092,-14.26486912588267,0.0923379181121003,0.949
QTUMUSDT,avoid_low,-0.5,1.0,10,har,seasonal,usd,-4.9157982741315065,-12.396289520702448,-0.3557568805904297,1.0
QTUMUSDT,avoid_low,-0.5,1.0,10,trailing,always,bps,-1.8196171863079045,-10.0118802736693,3.998553807682985,0.612
QTUMUSDT,avoid_low,-0.5,1.0,10,trailing,always,usd,-5.247212734154227,-13.09981290227865,-0.6769507276063453,1.0
QTUMUSDT,avoid_low,-0.5,1.0,60,har,trailing,bps,-2.3594176435867986,-6.231468052158827,1.2809937389021469,0.885
QTUMUSDT,avoid_low,-0.5,1.0,60,har,trailing,usd,-0.8828001726522341,-2.761672093714993,0.9756016559736088,0.82
QTUMUSDT,avoid_low,-0.5,1.0,60,har,always,bps,-3.136101424090308,-8.058943902137782,0.3731069756247368,0.938
QTUMUSDT,avoid_low,-0.5,1.0,60,har,always,usd,-3.9113746455031553,-8.780944723123621,-0.2264090093473905,0.998
QTUMUSDT,avoid_low,-0.5,1.0,60,har,seasonal,bps,-3.4790419138731963,-9.411617165664191,0.4425144662451183,0.875
QTUMUSDT,avoid_low,-0.5,1.0,60,har,seasonal,usd,-3.1317245819360737,-8.005339232183504,0.1161494123385404,0.926
QTUMUSDT,avoid_low,-0.5,1.0,60,trailing,always,bps,-0.7766837805035098,-6.358694227923821,3.640112556660847,0.556
QTUMUSDT,avoid_low,-0.5,1.0,60,trailing,always,usd,-3.028574472850921,-8.182761270994732,0.1000219864016403,0.93
QTUMUSDT,avoid_low,-0.5,1.0,300,har,trailing,bps,-1.7506975318396274,-5.868022455906953,2.3609482507964525,0.8
QTUMUSDT,avoid_low,-0.5,1.0,300,har,trailing,usd,-0.7121699697037984,-2.6913602949563438,1.5034547149835271,0.758
QTUMUSDT,avoid_low,-0.5,1.0,300,har,always,bps,2.969198672448905,-1.7149636089910325,10.178272234603355,0.277
QTUMUSDT,avoid_low,-0.5,1.0,300,har,always,usd,2.568485477756596,-2.128825888709811,9.724403026464564,0.323
QTUMUSDT,avoid_low,-0.5,1.0,300,har,seasonal,bps,4.10740621554674,-1.515772466637747,13.0408517254935,0.213
QTUMUSDT,avoid_low,-0.5,1.0,300,har,seasonal,usd,3.1000976184808966,-1.46490701412301,10.308807847696654,0.236
QTUMUSDT,avoid_low,-0.5,1.0,300,trailing,always,bps,4.719896204288533,-0.7378121401366448,11.904768297757483,0.066
QTUMUSDT,avoid_low,-0.5,1.0,300,trailing,always,usd,3.2806554474603944,-1.2268579274023956,10.390647412722805,0.211
QTUMUSDT,avoid_low,-0.5,1.5,10,har,trailing,bps,-2.989670242331332,-6.739528667183308,0.1849727250168588,0.96
QTUMUSDT,avoid_low,-0.5,1.5,10,har,trailing,usd,-1.414989303368675,-3.336685787267136,0.2089285264327695,0.952
QTUMUSDT,avoid_low,-0.5,1.5,10,har,always,bps,-4.45142396028611,-11.61047605344258,0.1490918596749011,0.961
QTUMUSDT,avoid_low,-0.5,1.5,10,har,always,usd,-4.621579594425953,-11.525797560694103,0.1332973612238583,0.958
QTUMUSDT,avoid_low,-0.5,1.5,10,har,seasonal,bps,-4.886817428487404,-13.31873669078219,0.3416716642444906,0.911
QTUMUSDT,avoid_low,-0.5,1.5,10,har,seasonal,usd,-3.9796272476183545,-10.901809537886663,0.2738172193512836,0.902
QTUMUSDT,avoid_low,-0.5,1.5,10,trailing,always,bps,-1.4617537179547777,-9.166929192883906,4.016117712444147,0.599
QTUMUSDT,avoid_low,-0.5,1.5,10,trailing,always,usd,-3.2065902910572777,-10.523794716856202,1.0218230492342053,0.684
QTUMUSDT,avoid_low,-0.5,1.5,60,har,trailing,bps,-2.0799509290312184,-5.8933828292600055,1.5129395881896854,0.852
QTUMUSDT,avoid_low,-0.5,1.5,60,har,trailing,usd,-1.3140620563494538,-3.165029625543684,0.50500221027272,0.917
QTUMUSDT,avoid_low,-0.5,1.5,60,har,always,bps,-1.9776098821042103,-5.313636004378733,0.6872599431625867,0.889
QTUMUSDT,avoid_low,-0.5,1.5,60,har,always,usd,-1.1922799133835875,-4.346195610552978,1.4987223339265847,0.722
QTUMUSDT,avoid_low,-0.5,1.5,60,har,seasonal,bps,-2.0819652799317057,-5.929504541862209,0.8283658688787452,0.822
QTUMUSDT,avoid_low,-0.5,1.5,60,har,seasonal,usd,-1.3039729387202803,-4.361153577991455,1.0042716763394497,0.754
QTUMUSDT,avoid_low,-0.5,1.5,60,trailing,always,bps,0.1023410469270074,-3.705050302334852,3.684018822724345,0.433
QTUMUSDT,avoid_low,-0.5,1.5,60,trailing,always,usd,0.121782142965866,-3.109094767141637,2.3235015679566,0.398
QTUMUSDT,avoid_low,-0.5,1.5,300,har,trailing,bps,-1.1456847201792453,-5.426121150360813,3.1909004794287257,0.689
QTUMUSDT,avoid_low,-0.5,1.5,300,har,trailing,usd,-1.06676099951299,-3.190474148166597,1.2033364625243428,0.822
QTUMUSDT,avoid_low,-0.5,1.5,300,har,always,bps,7.205473290283534,-1.6569317008443532,21.88101244192033,0.221
QTUMUSDT,avoid_low,-0.5,1.5,300,har,always,usd,8.546538438143308,-0.3700880304942875,23.46843538947011,0.047
QTUMUSDT,avoid_low,-0.5,1.5,300,har,seasonal,bps,9.32195726359295,-1.4090382994243704,27.61633464845492,0.153
QTUMUSDT,avoid_low,-0.5,1.5,300,har,seasonal,usd,8.062541255275695,-0.6467820869943801,22.92250766677471,0.086
QTUMUSDT,avoid_low,-0.5,1.5,300,trailing,always,bps,8.351158010462779,-1.005320096343841,22.69780217879079,0.085
QTUMUSDT,avoid_low,-0.5,1.5,300,trailing,always,usd,9.613299437656298,1.0077040532222352,24.243694912813847,0.002
QTUMUSDT,avoid_low,0.0,1.0,10,har,trailing,bps,-2.9656034261847166,-6.835017077825142,0.49577651435722,0.953
QTUMUSDT,avoid_low,0.0,1.0,10,har,trailing,usd,-1.0177831488067726,-2.9662184972343724,0.7387791181045178,0.861
QTUMUSDT,avoid_low,0.0,1.0,10,har,always,bps,-4.785220612492619,-12.372392419734885,0.0089203039670993,0.974
QTUMUSDT,avoid_low,0.0,1.0,10,har,always,usd,-6.012019503387048,-13.571585438186991,-0.9246714990440948,1.0
QTUMUSDT,avoid_low,0.0,1.0,10,har,seasonal,bps,-5.349307196839091,-14.26486912588267,0.0923379181120998,0.949
QTUMUSDT,avoid_low,0.0,1.0,10,har,seasonal,usd,-4.831187812582621,-12.274251271413444,-0.2925777766723028,1.0
QTUMUSDT,avoid_low,0.0,1.0,10,trailing,always,bps,-1.8196171863079031,-10.011880273669297,3.9985538076829856,0.612
QTUMUSDT,avoid_low,0.0,1.0,10,trailing,always,usd,-4.994236354580275,-12.796827471784948,-0.4404911762498942,1.0
QTUMUSDT,avoid_low,0.0,1.0,60,har,trailing,bps,-2.3594176435867973,-6.231468052158827,1.2809937389021469,0.885
QTUMUSDT,avoid_low,0.0,1.0,60,har,trailing,usd,-0.9504223520926204,-2.8310008643819176,0.9139120766050728,0.83
QTUMUSDT,avoid_low,0.0,1.0,60,har,always,bps,-3.136101424090308,-8.058943902137782,0.3731069756247365,0.938
QTUMUSDT,avoid_low,0.0,1.0,60,har,always,usd,-3.726013192897004,-8.564834049866937,-0.0420525998452551,0.982
QTUMUSDT,avoid_low,0.0,1.0,60,har,seasonal,bps,-3.479041913873197,-9.411617165664197,0.442514466245118,0.875
QTUMUSDT,avoid_low,0.0,1.0,60,har,seasonal,usd,-3.047129044630437,-7.888097842201501,0.1852187341024527,0.904
QTUMUSDT,avoid_low,0.0,1.0,60,trailing,always,bps,-0.7766837805035115,-6.35869422792382,3.640112556660845,0.556
QTUMUSDT,avoid_low,0.0,1.0,60,trailing,always,usd,-2.775590840804384,-7.892894810401388,0.3517857806523318,0.874
QTUMUSDT,avoid_low,0.0,1.0,300,har,trailing,bps,-1.7506975318396287,-5.868022455906955,2.3609482507964525,0.8
QTUMUSDT,avoid_low,0.0,1.0,300,har,trailing,usd,-0.7813233204665277,-2.7597620546352983,1.428254061096835,0.779
QTUMUSDT,avoid_low,0.0,1.0,300,har,always,bps,2.9691986724489023,-1.714963608991032,10.17827223460336,0.277
QTUMUSDT,avoid_low,0.0,1.0,300,har,always,usd,2.753057545047158,-1.9572081190501505,9.94050433549296,0.299
QTUMUSDT,avoid_low,0.0,1.0,300,har,seasonal,bps,4.107406215546738,-1.515772466637747,13.040851725493493,0.213
QTUMUSDT,avoid_low,0.0,1.0,300,har,seasonal,usd,3.1843026832501047,-1.388435439018485,10.418990831055249,0.228
QTUMUSDT,avoid_low,0.0,1.0,300,trailing,always,bps,4.719896204288531,-0.7378121401366444,11.904768297757483,0.066
QTUMUSDT,avoid_low,0.0,1.0,300,trailing,always,usd,3.5343808655136857,-0.9930972796826232,10.657358394191853,0.148
QTUMUSDT,avoid_low,0.0,1.5,10,har,trailing,bps,-2.989670242331332,-6.739528667183308,0.1849727250168589,0.96
QTUMUSDT,avoid_low,0.0,1.5,10,har,trailing,usd,-1.4825888892461752,-3.4005006502459465,0.1374757397845243,0.96
QTUMUSDT,avoid_low,0.0,1.5,10,har,always,bps,-4.45142396028611,-11.61047605344258,0.1490918596749006,0.961
QTUMUSDT,avoid_low,0.0,1.5,10,har,always,usd,-4.436202800729504,-11.309609945973138,0.3127949308803611,0.949
QTUMUSDT,avoid_low,0.0,1.5,10,har,seasonal,bps,-4.886817428487404,-13.318736690782188,0.3416716642444908,0.911
QTUMUSDT,avoid_low,0.0,1.5,10,har,seasonal,usd,-3.895016786069469,-10.785543917035564,0.3573087769296013,0.884
QTUMUSDT,avoid_low,0.0,1.5,10,trailing,always,bps,-1.4617537179547784,-9.166929192883906,4.016117712444148,0.599
QTUMUSDT,avoid_low,0.0,1.5,10,trailing,always,usd,-2.9536139114833286,-10.258683849974286,1.266041599120704,0.654
QTUMUSDT,avoid_low,0.0,1.5,60,har,trailing,bps,-2.079950929031217,-5.8933828292600055,1.5129395881896863,0.852
QTUMUSDT,avoid_low,0.0,1.5,60,har,trailing,usd,-1.381684235789841,-3.2383104463273007,0.444259397434956,0.933
QTUMUSDT,avoid_low,0.0,1.5,60,har,always,bps,-1.9776098821042092,-5.313636004378731,0.6872599431625871,0.889
QTUMUSDT,avoid_low,0.0,1.5,60,har,always,usd,-1.006918460777436,-4.141140382179505,1.6804587196082317,0.674
QTUMUSDT,avoid_low,0.0,1.5,60,har,seasonal,bps,-2.0819652799317057,-5.929504541862208,0.8283658688787457,0.822
QTUMUSDT,avoid_low,0.0,1.5,60,har,seasonal,usd,-1.219377401414643,-4.255663966281273,1.0783353805672198,0.739
QTUMUSDT,avoid_low,0.0,1.5,60,trailing,always,bps,0.1023410469270081,-3.705050302334852,3.6840188227243447,0.433
QTUMUSDT,avoid_low,0.0,1.5,60,trailing,always,usd,0.3747657750124048,-2.830894847370193,2.578050876555373,0.334
QTUMUSDT,avoid_low,0.0,1.5,300,har,trailing,bps,-1.145684720179247,-5.426121150360811,3.1909004794287257,0.689
QTUMUSDT,avoid_low,0.0,1.5,300,har,trailing,usd,-1.1359143502757196,-3.242314037080201,1.1441493117632964,0.837
QTUMUSDT,avoid_low,0.0,1.5,300,har,always,bps,7.205473290283532,-1.656931700844353,21.881012441920333,0.221
QTUMUSDT,avoid_low,0.0,1.5,300,har,always,usd,8.731110505433872,-0.2168516876059572,23.6793032125759,0.036
QTUMUSDT,avoid_low,0.0,1.5,300,har,seasonal,bps,9.321957263592948,-1.4090382994243704,27.616334648454924,0.153
QTUMUSDT,avoid_low,0.0,1.5,300,har,seasonal,usd,8.146746320044905,-0.5842223658566893,23.029649472112062,0.079
QTUMUSDT,avoid_low,0.0,1.5,300,trailing,always,bps,8.351158010462779,-1.005320096343842,22.6978021787908,0.085
QTUMUSDT,avoid_low,0.0,1.5,300,trailing,always,usd,9.86702485570959,1.2529933776379043,24.49810233247012,0.002
QTUMUSDT,avoid_low,1.0,1.0,10,har,trailing,bps,-2.965603426184717,-6.835017077825141,0.49577651435722,0.953
QTUMUSDT,avoid_low,1.0,1.0,10,har,trailing,usd,-1.1529823205617746,-3.0792723113924283,0.5815619007070671,0.898
QTUMUSDT,avoid_low,1.0,1.0,10,har,always,bps,-4.785220612492621,-12.372392419734888,0.0089203039670994,0.974
QTUMUSDT,avoid_low,1.0,1.0,10,har,always,usd,-5.641265915994151,-13.13921020874507,-0.5791774889396601,1.0
QTUMUSDT,avoid_low,1.0,1.0,10,har,seasonal,bps,-5.349307196839093,-14.264869125882672,0.0923379181121003,0.949
QTUMUSDT,avoid_low,1.0,1.0,10,har,seasonal,usd,-4.661966889484851,-12.030174772835435,-0.1583554536383876,0.996
QTUMUSDT,avoid_low,1.0,1.0,10,trailing,always,bps,-1.8196171863079031,-10.011880273669297,3.9985538076829856,0.612
QTUMUSDT,avoid_low,1.0,1.0,10,trailing,always,usd,-4.488283595432375,-12.272653783879935,0.0365881293682247,0.965
QTUMUSDT,avoid_low,1.0,1.0,60,har,trailing,bps,-2.3594176435867973,-6.231468052158829,1.2809937389021473,0.885
QTUMUSDT,avoid_low,1.0,1.0,60,har,trailing,usd,-1.0856667109733946,-2.972581572936639,0.7548349680127442,0.866
QTUMUSDT,avoid_low,1.0,1.0,60,har,always,bps,-3.136101424090306,-8.05894390213778,0.3731069756247366,0.938
QTUMUSDT,avoid_low,1.0,1.0,60,har,always,usd,-3.355290287684701,-8.132612703353562,0.2700573022469072,0.946
QTUMUSDT,avoid_low,1.0,1.0,60,har,seasonal,bps,-3.4790419138731963,-9.411617165664191,0.4425144662451183,0.875
QTUMUSDT,avoid_low,1.0,1.0,60,har,seasonal,usd,-2.877937970019162,-7.653543248526519,0.3272921811486139,0.866
QTUMUSDT,avoid_low,1.0,1.0,60,trailing,always,bps,-0.7766837805035087,-6.358694227923818,3.640112556660847,0.556
QTUMUSDT,avoid_low,1.0,1.0,60,trailing,always,usd,-2.269623576711307,-7.34657974053172,0.8671276404798923,0.724
QTUMUSDT,avoid_low,1.0,1.0,300,har,trailing,bps,-1.7506975318396276,-5.868022455906954,2.360948250796453,0.8
QTUMUSDT,avoid_low,1.0,1.0,300,har,trailing,usd,-0.9196300219919848,-2.892812326312813,1.2612476158449666,0.807
QTUMUSDT,avoid_low,1.0,1.0,300,har,always,bps,2.969198672448904,-1.7149636089910325,10.178272234603355,0.277
QTUMUSDT,avoid_low,1.0,1.0,300,har,always,usd,3.122201679628288,-1.6136188935323426,10.34660366424111,0.239
QTUMUSDT,avoid_low,1.0,1.0,300,har,seasonal,bps,4.107406215546738,-1.5157724666377477,13.0408517254935,0.213
QTUMUSDT,avoid_low,1.0,1.0,300,har,seasonal,usd,3.3527128127885235,-1.240123974838239,10.63249444999796,0.208
QTUMUSDT,avoid_low,1.0,1.0,300,trailing,always,bps,4.719896204288531,-0.7378121401366442,11.904768297757483,0.066
QTUMUSDT,avoid_low,1.0,1.0,300,trailing,always,usd,4.041831701620273,-0.5327594112190651,11.187526985161778,0.076
QTUMUSDT,avoid_low,1.0,1.5,10,har,trailing,bps,-2.989670242331332,-6.739528667183305,0.1849727250168588,0.96
QTUMUSDT,avoid_low,1.0,1.5,10,har,trailing,usd,-1.617788061001177,-3.5444837598336685,-0.0069938594597309,0.976
QTUMUSDT,avoid_low,1.0,1.5,10,har,always,bps,-4.451423960286109,-11.610476053442582,0.149091859674901,0.961
QTUMUSDT,avoid_low,1.0,1.5,10,har,always,usd,-4.0654492133366045,-10.877234716531216,0.6632249591935491,0.884
QTUMUSDT,avoid_low,1.0,1.5,10,har,seasonal,bps,-4.886817428487404,-13.318736690782194,0.3416716642444906,0.911
QTUMUSDT,avoid_low,1.0,1.5,10,har,seasonal,usd,-3.725795862971697,-10.553012675333362,0.4896519907257723,0.85
QTUMUSDT,avoid_low,1.0,1.5,10,trailing,always,bps,-1.4617537179547777,-9.166929192883908,4.0161177124441485,0.599
QTUMUSDT,avoid_low,1.0,1.5,10,trailing,always,usd,-2.447661152335427,-9.72590036293309,1.778958507861255,0.627
QTUMUSDT,avoid_low,1.0,1.5,60,har,trailing,bps,-2.079950929031217,-5.893382829260008,1.5129395881896868,0.852
QTUMUSDT,avoid_low,1.0,1.5,60,har,trailing,usd,-1.516928594670615,-3.408185008561646,0.3048632891137259,0.943
QTUMUSDT,avoid_low,1.0,1.5,60,har,always,bps,-1.9776098821042096,-5.313636004378733,0.6872599431625852,0.889
QTUMUSDT,avoid_low,1.0,1.5,60,har,always,usd,-0.6361955555651361,-3.731029925432564,2.0620380966411718,0.587
QTUMUSDT,avoid_low,1.0,1.5,60,har,seasonal,bps,-2.0819652799317048,-5.929504541862209,0.8283658688787446,0.822
QTUMUSDT,avoid_low,1.0,1.5,60,har,seasonal,usd,-1.050186326803369,-4.031849004291795,1.2442890905175004,0.707
QTUMUSDT,avoid_low,1.0,1.5,60,trailing,always,bps,0.1023410469270074,-3.705050302334854,3.6840188227243447,0.433
QTUMUSDT,avoid_low,1.0,1.5,60,trailing,always,usd,0.880733039105479,-2.282622174906908,3.093862842169815,0.246
QTUMUSDT,avoid_low,1.0,1.5,300,har,trailing,bps,-1.145684720179246,-5.426121150360814,3.190900479428724,0.689
QTUMUSDT,avoid_low,1.0,1.5,300,har,trailing,usd,-1.2742210518011765,-3.385894168948362,0.999348870486297,0.868
QTUMUSDT,avoid_low,1.0,1.5,300,har,always,bps,7.205473290283533,-1.6569317008443527,21.881012441920337,0.221
QTUMUSDT,avoid_low,1.0,1.5,300,har,always,usd,9.100254640015,0.1269364976268727,24.10103885878748,0.02
QTUMUSDT,avoid_low,1.0,1.5,300,har,seasonal,bps,9.321957263592951,-1.4090382994243715,27.61633464845493,0.153
QTUMUSDT,avoid_low,1.0,1.5,300,har,seasonal,usd,8.315156449583325,-0.4418200079471078,23.24393308278677,0.066
QTUMUSDT,avoid_low,1.0,1.5,300,trailing,always,bps,8.351158010462779,-1.005320096343841,22.6978021787908,0.085
QTUMUSDT,avoid_low,1.0,1.5,300,trailing,always,usd,10.374475691816178,1.7188386108504787,25.011487986892643,0.0
ETHBTC,avoid_high,-0.5,1.0,10,har,trailing,bps,-0.008734987478520626,-0.04364723048687005,0.03196598713028596,0.712
ETHBTC,avoid_high,-0.5,1.0,10,har,trailing,usd,0.0021235818566818563,-0.03158375478858855,0.03668464832062356,0.49
ETHBTC,avoid_high,-0.5,1.0,10,har,always,bps,-0.0440251284272715,-0.08399178456876392,-0.005406138974470382,0.987
ETHBTC,avoid_high,-0.5,1.0,10,har,always,usd,-0.22876203591522679,-0.2748041409804485,-0.188774103080678,1.0
ETHBTC,avoid_high,-0.5,1.0,10,har,seasonal,bps,-0.06474400233334802,-0.09659280233523342,-0.036723182970000254,1.0
ETHBTC,avoid_high,-0.5,1.0,10,har,seasonal,usd,-0.018754766617012777,-0.047091040203875195,0.007433114944875853,0.911
ETHBTC,avoid_high,-0.5,1.0,10,trailing,always,bps,-0.035290140948750874,-0.08532484187225811,0.012379313047232948,0.922
ETHBTC,avoid_high,-0.5,1.0,10,trailing,always,usd,-0.23088561777190866,-0.28821557784027496,-0.18021747889728912,1.0
ETHBTC,avoid_high,-0.5,1.0,60,har,trailing,bps,-0.02243355109239674,-0.07012829452110042,0.02268978302965076,0.832
ETHBTC,avoid_high,-0.5,1.0,60,har,trailing,usd,-0.011072896408049092,-0.05109258719696123,0.027231405305859276,0.73
ETHBTC,avoid_high,-0.5,1.0,60,har,always,bps,-0.06802215570786828,-0.10984742195110961,-0.03182715666785667,1.0
ETHBTC,avoid_high,-0.5,1.0,60,har,always,usd,-0.2065509321523305,-0.24856633719547272,-0.170621561266656,1.0
ETHBTC,avoid_high,-0.5,1.0,60,har,seasonal,bps,-0.08726291632819223,-0.1360811740744516,-0.040774527251154255,1.0
ETHBTC,avoid_high,-0.5,1.0,60,har,seasonal,usd,-0.04403184302356081,-0.08114636534521295,-0.007258777241141933,0.996
ETHBTC,avoid_high,-0.5,1.0,60,trailing,always,bps,-0.04558860461547154,-0.09818122635127915,0.006869661994840218,0.956
ETHBTC,avoid_high,-0.5,1.0,60,trailing,always,usd,-0.19547803574428144,-0.2512666292452872,-0.14515050622809342,1.0
ETHBTC,avoid_high,-0.5,1.0,300,har,trailing,bps,0.008171937563102336,-0.038646394374194766,0.05964011938812687,0.392
ETHBTC,avoid_high,-0.5,1.0,300,har,trailing,usd,0.01217702948472498,-0.028066801956429098,0.05542696801134912,0.315
ETHBTC,avoid_high,-0.5,1.0,300,har,always,bps,-0.08537312220449306,-0.13373478247478382,-0.04045774518525624,1.0
ETHBTC,avoid_high,-0.5,1.0,300,har,always,usd,-0.2002232109700523,-0.2411105179413062,-0.15893388713060724,1.0
ETHBTC,avoid_high,-0.5,1.0,300,har,seasonal,bps,-0.10143014085192602,-0.1596446847515189,-0.04697218668076436,1.0
ETHBTC,avoid_high,-0.5,1.0,300,har,seasonal,usd,-0.05918725653620904,-0.10599632665282308,-0.015474860732137007,0.996
ETHBTC,avoid_high,-0.5,1.0,300,trailing,always,bps,-0.0935450597675954,-0.14937691592978303,-0.03924384192892537,1.0
ETHBTC,avoid_high,-0.5,1.0,300,trailing,always,usd,-0.2124002404547773,-0.26799583622760437,-0.1599865455180536,1.0
ETHBTC,avoid_high,-0.5,1.5,10,har,trailing,bps,-0.0030679343873491745,-0.042446535264587165,0.03928398664273745,0.599
ETHBTC,avoid_high,-0.5,1.5,10,har,trailing,usd,-0.001201689355796991,-0.033223752034102834,0.033550592060027966,0.569
ETHBTC,avoid_high,-0.5,1.5,10,har,always,bps,-0.03450342779263318,-0.07899889987001006,0.008552536407601286,0.948
ETHBTC,avoid_high,-0.5,1.5,10,har,always,usd,-0.059802021846987276,-0.10123976947574485,-0.02198562929573103,1.0
ETHBTC,avoid_high,-0.5,1.5,10,har,seasonal,bps,-0.07936150651381159,-0.1197373037941359,-0.04325683773525196,1.0
ETHBTC,avoid_high,-0.5,1.5,10,har,seasonal,usd,-0.05713912155826824,-0.08748732337769548,-0.030295706177699496,1.0
ETHBTC,avoid_high,-0.5,1.5,10,trailing,always,bps,-0.03143549340528401,-0.08694316723448141,0.021739892600860483,0.871
ETHBTC,avoid_high,-0.5,1.5,10,trailing,always,usd,-0.05860033249119029,-0.11113014895747046,-0.01180317089380972,0.994
ETHBTC,avoid_high,-0.5,1.5,60,har,trailing,bps,-0.02362736768517349,-0.08947234663241459,0.03086447087728595,0.779
ETHBTC,avoid_high,-0.5,1.5,60,har,trailing,usd,-0.02100425228408778,-0.07339183754092024,0.023648494496551372,0.807
ETHBTC,avoid_high,-0.5,1.5,60,har,always,bps,-0.07051036284041222,-0.12070598857882409,-0.025340339440322757,0.999
ETHBTC,avoid_high,-0.5,1.5,60,har,always,usd,-0.026525105382302745,-0.07260777193852981,0.01880520676628975,0.888
ETHBTC,avoid_high,-0.5,1.5,60,har,seasonal,bps,-0.1131036002325644,-0.18132256772860145,-0.05050183270109189,1.0
ETHBTC,avoid_high,-0.5,1.5,60,har,seasonal,usd,-0.09502184139029078,-0.14935706398221474,-0.042696112951924006,1.0
ETHBTC,avoid_high,-0.5,1.5,60,trailing,always,bps,-0.046882995155238735,-0.11050962911117501,0.021310183320095665,0.916
ETHBTC,avoid_high,-0.5,1.5,60,trailing,always,usd,-0.0055208530982149675,-0.061566905642274114,0.05690864440396464,0.559
ETHBTC,avoid_high,-0.5,1.5,300,har,trailing,bps,0.02196350687080067,-0.04436751031980478,0.08927338868606663,0.273
ETHBTC,avoid_high,-0.5,1.5,300,har,trailing,usd,0.01362164400475811,-0.03999200275782317,0.06923523331031615,0.331
ETHBTC,avoid_high,-0.5,1.5,300,har,always,bps,-0.09669126561284874,-0.1601116900834259,-0.034054225045888724,0.998
ETHBTC,avoid_high,-0.5,1.5,300,har,always,usd,-0.017573413877549408,-0.06957831055536903,0.03713685938825703,0.753
ETHBTC,avoid_high,-0.5,1.5,300,har,seasonal,bps,-0.13473407697556214,-0.21962384358400414,-0.05676319903143491,1.0
ETHBTC,avoid_high,-0.5,1.5,300,har,seasonal,usd,-0.11772167142168519,-0.18450995366863607,-0.05625140678651169,1.0
ETHBTC,avoid_high,-0.5,1.5,300,trailing,always,bps,-0.11865477248364942,-0.18649785452865655,-0.04783244993876946,1.0
ETHBTC,avoid_high,-0.5,1.5,300,trailing,always,usd,-0.031195057882307517,-0.08365977361822893,0.027373801229750222,0.852
ETHBTC,avoid_high,0.0,1.0,10,har,trailing,bps,-0.008734987478520966,-0.04364723048687017,0.031965987130286026,0.712
ETHBTC,avoid_high,0.0,1.0,10,har,trailing,usd,-0.0026267463156914297,-0.03317272054987505,0.03016469931691556,0.591
ETHBTC,avoid_high,0.0,1.0,10,har,always,bps,-0.04402512842727184,-0.08399178456876372,-0.005406138974470322,0.987
ETHBTC,avoid_high,0.0,1.0,10,har,always,usd,-0.13220771651159655,-0.17242389161717075,-0.0978844345024083,1.0
ETHBTC,avoid_high,0.0,1.0,10,har,seasonal,bps,-0.0647440023333485,-0.09659280233523322,-0.036723182970000184,1.0
ETHBTC,avoid_high,0.0,1.0,10,har,seasonal,usd,-0.03514740725489623,-0.060177846788839036,-0.013347216061665355,0.999
ETHBTC,avoid_high,0.0,1.0,10,trailing,always,bps,-0.035290140948750874,-0.08532484187225785,0.012379313047232814,0.922
ETHBTC,avoid_high,0.0,1.0,10,trailing,always,usd,-0.12958097019590514,-0.18110633805885698,-0.08434469824014326,1.0
ETHBTC,avoid_high,0.0,1.0,60,har,trailing,bps,-0.02243355109239674,-0.07012829452110045,0.02268978302965079,0.832
ETHBTC,avoid_high,0.0,1.0,60,har,trailing,usd,-0.015823224580422252,-0.054798506081553455,0.021311200304939527,0.808
ETHBTC,avoid_high,0.0,1.0,60,har,always,bps,-0.06802215570786842,-0.10984742195110955,-0.03182715666785656,1.0
ETHBTC,avoid_high,0.0,1.0,60,har,always,usd,-0.10999661274870022,-0.14863627959961823,-0.07558958663357161,1.0
ETHBTC,avoid_high,0.0,1.0,60,har,seasonal,bps,-0.08726291632819226,-0.13608117407445167,-0.04077452725115435,1.0
ETHBTC,avoid_high,0.0,1.0,60,har,seasonal,usd,-0.06042448366144409,-0.09734038981699118,-0.02411569981113479,1.0
ETHBTC,avoid_high,0.0,1.0,60,trailing,always,bps,-0.04558860461547167,-0.09818122635127942,0.006869661994840286,0.956
ETHBTC,avoid_high,0.0,1.0,60,trailing,always,usd,-0.09417338816827797,-0.1434119411366745,-0.04619429132018854,0.999
ETHBTC,avoid_high,0.0,1.0,300,har,trailing,bps,0.008171937563102387,-0.0386463943741947,0.059640119388126946,0.392
ETHBTC,avoid_high,0.0,1.0,300,har,trailing,usd,0.007426850169403874,-0.031223529609952255,0.04843586669110931,0.378
ETHBTC,avoid_high,0.0,1.0,300,har,always,bps,-0.08537312220449295,-0.13373478247478382,-0.04045774518525612,1.0
ETHBTC,avoid_high,0.0,1.0,300,har,always,usd,-0.10380931364055608,-0.14263555101218658,-0.06405676650771827,1.0
ETHBTC,avoid_high,0.0,1.0,300,har,seasonal,bps,-0.10143014085192613,-0.159644684751519,-0.04697218668076439,1.0
ETHBTC,avoid_high,0.0,1.0,300,har,seasonal,usd,-0.07545916478424196,-0.1214713009345297,-0.033064677720801114,1.0
ETHBTC,avoid_high,0.0,1.0,300,trailing,always,bps,-0.09354505976759533,-0.14937691592978297,-0.03924384192892546,1.0
ETHBTC,avoid_high,0.0,1.0,300,trailing,always,usd,-0.11123616380995995,-0.16039356057780546,-0.06448575648505718,1.0
ETHBTC,avoid_high,0.0,1.5,10,har,trailing,bps,-0.0030679343873492083,-0.04244653526458707,0.03928398664273744,0.599
ETHBTC,avoid_high,0.0,1.5,10,har,trailing,usd,-0.005952017528170152,-0.03744507014783557,0.027679403816428284,0.679
ETHBTC,avoid_high,0.0,1.5,10,har,always,bps,-0.034503427792633164,-0.07899889987000999,0.008552536407601122,0.948
ETHBTC,avoid_high,0.0,1.5,10,har,always,usd,0.036752297556643145,-0.00445354579629664,0.07446904258175226,0.045
ETHBTC,avoid_high,0.0,1.5,10,har,seasonal,bps,-0.07936150651381157,-0.11973730379413576,-0.04325683773525199,1.0
ETHBTC,avoid_high,0.0,1.5,10,har,seasonal,usd,-0.07353176219615143,-0.10573095367861121,-0.04320871111221938,1.0
ETHBTC,avoid_high,0.0,1.5,10,trailing,always,bps,-0.031435493405283954,-0.08694316723448141,0.021739892600860497,0.871
ETHBTC,avoid_high,0.0,1.5,10,trailing,always,usd,0.042704315084813295,-0.006277350551909098,0.08913335338807582,0.049
ETHBTC,avoid_high,0.0,1.5,60,har,trailing,bps,-0.02362736768517359,-0.08947234663241445,0.03086447087728582,0.779
ETHBTC,avoid_high,0.0,1.5,60,har,trailing,usd,-0.025754580456461024,-0.07983515561930996,0.020235990803923333,0.856
ETHBTC,avoid_high,0.0,1.5,60,har,always,bps,-0.07051036284041226,-0.1207059885788242,-0.02534033944032289,0.999
ETHBTC,avoid_high,0.0,1.5,60,har,always,usd,0.07002921402132758,0.02331843576336293,0.1156633112174833,0.003
ETHBTC,avoid_high,0.0,1.5,60,har,seasonal,bps,-0.11310360023256458,-0.18132256772860134,-0.0505018327010918,1.0
ETHBTC,avoid_high,0.0,1.5,60,har,seasonal,usd,-0.11141448202817415,-0.16915525144160154,-0.05449587646842241,1.0
ETHBTC,avoid_high,0.0,1.5,60,trailing,always,bps,-0.046882995155238666,-0.11050962911117486,0.021310183320095467,0.916
ETHBTC,avoid_high,0.0,1.5,60,trailing,always,usd,0.0957837944777886,0.03823104925822179,0.16224138189293968,0.001
ETHBTC,avoid_high,0.0,1.5,300,har,trailing,bps,0.0219635068708006,-0.04436751031980465,0.08927338868606649,0.273
ETHBTC,avoid_high,0.0,1.5,300,har,trailing,usd,0.00887146468943691,-0.0449475814602488,0.06677390899088363,0.387
ETHBTC,avoid_high,0.0,1.5,300,har,always,bps,-0.09669126561284867,-0.1601116900834258,-0.03405422504588862,0.998
ETHBTC,avoid_high,0.0,1.5,300,har,always,usd,0.07884048345194677,0.024092296975250206,0.13605875864626876,0.004
ETHBTC,avoid_high,0.0,1.5,300,har,seasonal,bps,-0.13473407697556228,-0.21962384358400425,-0.05676319903143505,1.0
ETHBTC,avoid_high,0.0,1.5,300,har,seasonal,usd,-0.13399357966971812,-0.20432721763248424,-0.06773602395687134,1.0
ETHBTC,avoid_high,0.0,1.5,300,trailing,always,bps,-0.11865477248364928,-0.18649785452865641,-0.04783244993876929,1.0
ETHBTC,avoid_high,0.0,1.5,300,trailing,always,usd,0.06996901876250987,0.01801513280280914,0.13125733303144757,0.002
ETHBTC,avoid_high,1.0,1.0,10,har,trailing,bps,-0.008734987478521304,-0.0436472304868701,0.031965987130286026,0.712
ETHBTC,avoid_high,1.0,1.0,10,har,trailing,usd,-0.012127402660437919,-0.039682661627670895,0.021563206052729857,0.807
ETHBTC,avoid_high,1.0,1.0,10,har,always,bps,-0.04402512842727198,-0.08399178456876372,-0.005406138974470256,0.987
ETHBTC,avoid_high,1.0,1.0,10,har,always,usd,0.06090092229566424,0.022930364558594436,0.09225994630441317,0.0
ETHBTC,avoid_high,1.0,1.0,10,har,seasonal,bps,-0.06474400233334864,-0.09659280233523317,-0.03672318297000018,1.0
ETHBTC,avoid_high,1.0,1.0,10,har,seasonal,usd,-0.06793268853066275,-0.0957586102300381,-0.04315681855930014,1.0
ETHBTC,avoid_high,1.0,1.0,10,trailing,always,bps,-0.03529014094875067,-0.08532484187225799,0.012379313047232943,0.922
ETHBTC,avoid_high,1.0,1.0,10,trailing,always,usd,0.07302832495610216,0.026176852431683783,0.11621261050549178,0.001
ETHBTC,avoid_high,1.0,1.0,60,har,trailing,bps,-0.02243355109239701,-0.07012829452110042,0.022689783029650756,0.832
ETHBTC,avoid_high,1.0,1.0,60,har,trailing,usd,-0.02532388092516862,-0.0657038676084062,0.011697953428507669,0.918
ETHBTC,avoid_high,1.0,1.0,60,har,always,bps,-0.06802215570786868,-0.10984742195110934,-0.03182715666785639,1.0
ETHBTC,avoid_high,1.0,1.0,60,har,always,usd,0.08311202605856052,0.0461802942660874,0.1176276769172066,0.0
ETHBTC,avoid_high,1.0,1.0,60,har,seasonal,bps,-0.08726291632819264,-0.1360811740744516,-0.040774527251154255,1.0
ETHBTC,avoid_high,1.0,1.0,60,har,seasonal,usd,-0.0932097649372107,-0.13551152877954167,-0.05138271243254579,1.0
ETHBTC,avoid_high,1.0,1.0,60,trailing,always,bps,-0.04558860461547167,-0.09818122635127942,0.006869661994840344,0.956
ETHBTC,avoid_high,1.0,1.0,60,trailing,always,usd,0.10843590698372914,0.05980575101556181,0.16195580431672182,0.0
ETHBTC,avoid_high,1.0,1.0,300,har,trailing,bps,0.008171937563102201,-0.03864639437419463,0.05964011938812699,0.392
ETHBTC,avoid_high,1.0,1.0,300,har,trailing,usd,-0.0020735084612384927,-0.04018395684453524,0.04247290710373896,0.558
ETHBTC,avoid_high,1.0,1.0,300,har,always,bps,-0.08537312220449286,-0.1337347824747839,-0.040457745185255974,1.0
ETHBTC,avoid_high,1.0,1.0,300,har,always,usd,0.08901848101843621,0.04842926291480278,0.12950233565642008,0.0
ETHBTC,avoid_high,1.0,1.0,300,har,seasonal,bps,-0.10143014085192635,-0.15964468475151902,-0.04697218668076436,1.0
ETHBTC,avoid_high,1.0,1.0,300,har,seasonal,usd,-0.10800298128030779,-0.15834345117838,-0.06008813037386175,1.0
ETHBTC,avoid_high,1.0,1.0,300,trailing,always,bps,-0.09354505976759506,-0.14937691592978294,-0.03924384192892562,1.0
ETHBTC,avoid_high,1.0,1.0,300,trailing,always,usd,0.0910919894796747,0.04727790817555096,0.13781282109024504,0.0
ETHBTC,avoid_high,1.0,1.5,10,har,trailing,bps,-0.003067934387349276,-0.04244653526458703,0.039283986642737106,0.599
ETHBTC,avoid_high,1.0,1.5,10,har,trailing,usd,-0.015452673872916474,-0.05163396925402807,0.022423563935542387,0.805
ETHBTC,avoid_high,1.0,1.5,10,har,always,bps,-0.034503427792633094,-0.07899889987000985,0.008552536407601391,0.948
ETHBTC,avoid_high,1.0,1.5,10,har,always,usd,0.22986093636390392,0.18299002313169194,0.2754236124218807,0.0
ETHBTC,avoid_high,1.0,1.5,10,har,seasonal,bps,-0.07936150651381181,-0.11973730379413554,-0.0432568377352523,1.0
ETHBTC,avoid_high,1.0,1.5,10,har,seasonal,usd,-0.106317043471918,-0.15433882413839842,-0.06082421063980069,1.0
ETHBTC,avoid_high,1.0,1.5,10,trailing,always,bps,-0.03143549340528382,-0.08694316723448127,0.021739892600860563,0.871
ETHBTC,avoid_high,1.0,1.5,10,trailing,always,usd,0.24531361023682044,0.18769966096154916,0.30681889748538277,0.0
ETHBTC,avoid_high,1.0,1.5,60,har,trailing,bps,-0.023627367685173727,-0.08947234663241417,0.030864470877286332,0.779
ETHBTC,avoid_high,1.0,1.5,60,har,trailing,usd,-0.03525523680120743,-0.09365079109874525,0.01668569843684439,0.909
ETHBTC,avoid_high,1.0,1.5,60,har,always,bps,-0.07051036284041226,-0.12070598857882367,-0.025340339440323014,0.999
ETHBTC,avoid_high,1.0,1.5,60,har,always,usd,0.2631378528285884,0.20446089019338884,0.3176553791825058,0.0
ETHBTC,avoid_high,1.0,1.5,60,har,seasonal,bps,-0.11310360023256458,-0.18132256772860142,-0.05050183270109194,1.0
ETHBTC,avoid_high,1.0,1.5,60,har,seasonal,usd,-0.14419976330394063,-0.2124616051572345,-0.07738308836676083,1.0
ETHBTC,avoid_high,1.0,1.5,60,trailing,always,bps,-0.046882995155238534,-0.11050962911117498,0.021310183320095464,0.916
ETHBTC,avoid_high,1.0,1.5,60,trailing,always,usd,0.2983930896297959,0.22943356783031055,0.37710980785632126,0.0
ETHBTC,avoid_high,1.0,1.5,300,har,trailing,bps,0.0219635068708006,-0.044367510319804765,0.08927338868606634,0.273
ETHBTC,avoid_high,1.0,1.5,300,har,trailing,usd,-0.0006288939412053212,-0.05767424748099231,0.06235803675867689,0.505
ETHBTC,avoid_high,1.0,1.5,300,har,always,bps,-0.09669126561284881,-0.16011169008342604,-0.034054225045888876,0.998
ETHBTC,avoid_high,1.0,1.5,300,har,always,usd,0.2716682781109388,0.20626861804981125,0.3356027292399605,0.0
ETHBTC,avoid_high,1.0,1.5,300,har,seasonal,bps,-0.13473407697556256,-0.21962384358400452,-0.05676319903143478,1.0
ETHBTC,avoid_high,1.0,1.5,300,har,seasonal,usd,-0.16653739616578403,-0.2472544358410858,-0.09226781160592205,1.0
ETHBTC,avoid_high,1.0,1.5,300,trailing,always,bps,-0.11865477248364942,-0.18649785452865628,-0.04783244993876956,1.0
ETHBTC,avoid_high,1.0,1.5,300,trailing,always,usd,0.2722971720521441,0.21144402491925904,0.33774936116624016,0.0
ETHBTC,avoid_low,-0.5,1.0,10,har,trailing,bps,0.02611474341767151,-0.019935202436647675,0.06347567174213001,0.118
ETHBTC,avoid_low,-0.5,1.0,10,har,trailing,usd,0.02522099359488396,-0.01258122443322739,0.057184774334476926,0.095
ETHBTC,avoid_low,-0.5,1.0,10,har,always,bps,0.05126198331020787,-0.0015108411831331254,0.10893561258352917,0.03
ETHBTC,avoid_low,-0.5,1.0,10,har,always,usd,-0.23602475132824471,-0.2852560570996015,-0.1928948493100273,1.0
ETHBTC,avoid_low,-0.5,1.0,10,har,seasonal,bps,0.11313756140989345,0.021745428542398536,0.24390474500579637,0.003
ETHBTC,avoid_low,-0.5,1.0,10,har,seasonal,usd,0.08687875347711815,0.017602866928006663,0.18581025950710559,0.007
ETHBTC,avoid_low,-0.5,1.0,10,trailing,always,bps,0.02514723989253636,-0.02428936607278313,0.08004342201825142,0.155
ETHBTC,avoid_low,-0.5,1.0,10,trailing,always,usd,-0.2612457449231287,-0.31354470206605545,-0.21233165952544109,1.0
ETHBTC,avoid_low,-0.5,1.0,60,har,trailing,bps,0.02452243060754178,-0.018263905854079613,0.06379014676601898,0.119
ETHBTC,avoid_low,-0.5,1.0,60,har,trailing,usd,0.02286219842766479,-0.012902613419052182,0.0532518383821627,0.085
ETHBTC,avoid_low,-0.5,1.0,60,har,always,bps,0.06740888107308377,0.01254499420802833,0.12597528801457422,0.009
ETHBTC,avoid_low,-0.5,1.0,60,har,always,usd,-0.16549160232789648,-0.21558455719322087,-0.11550708275479417,1.0
ETHBTC,avoid_low,-0.5,1.0,60,har,seasonal,bps,0.1210821602195644,0.04161779028794919,0.2300677269156908,0.0
ETHBTC,avoid_low,-0.5,1.0,60,har,seasonal,usd,0.09163026082831184,0.032512018566892564,0.17201723921576131,0.0
ETHBTC,avoid_low,-0.5,1.0,60,trailing,always,bps,0.04288645046554199,-0.010625608841326996,0.10090916170577302,0.057
ETHBTC,avoid_low,-0.5,1.0,60,trailing,always,usd,-0.18835380075556124,-0.23758070398504647,-0.1389556363577001,1.0
ETHBTC,avoid_low,-0.5,1.0,300,har,trailing,bps,0.036686833381675915,-0.025617496506600133,0.09688332647701714,0.106
ETHBTC,avoid_low,-0.5,1.0,300,har,trailing,usd,0.030995508512946593,-0.014318600206299083,0.07552564288410601,0.084
ETHBTC,avoid_low,-0.5,1.0,300,har,always,bps,0.09686764769588127,0.01240742852775636,0.18910023943332913,0.013
ETHBTC,avoid_low,-0.5,1.0,300,har,always,usd,-0.11589204002911942,-0.18853864432720993,-0.03444467410177316,0.998
ETHBTC,avoid_low,-0.5,1.0,300,har,seasonal,bps,0.16730804728951795,0.06181509004359957,0.2877689110512692,0.001
ETHBTC,avoid_low,-0.5,1.0,300,har,seasonal,usd,0.12463919577906564,0.048109025514558014,0.212644333251144,0.001
ETHBTC,avoid_low,-0.5,1.0,300,trailing,always,bps,0.06018081431420535,-0.02878866717929315,0.15483472801533169,0.086
ETHBTC,avoid_low,-0.5,1.0,300,trailing,always,usd,-0.146887548542066,-0.22045692611429743,-0.06472325644589905,1.0
ETHBTC,avoid_low,-0.5,1.5,10,har,trailing,bps,0.0025303692460735615,-0.04158331342838495,0.04167576409211087,0.435
ETHBTC,avoid_low,-0.5,1.5,10,har,trailing,usd,0.0030295996681418504,-0.030071326997351898,0.030935715545224576,0.41
ETHBTC,avoid_low,-0.5,1.5,10,har,always,bps,0.032749680648381095,-0.02357012382486999,0.09613465527345695,0.136
ETHBTC,avoid_low,-0.5,1.5,10,har,always,usd,-0.021395806384227525,-0.06834218197603627,0.0246683336173186,0.804
ETHBTC,avoid_low,-0.5,1.5,10,har,seasonal,bps,0.1260395994244015,0.02583036530709552,0.27225250502644693,0.003
ETHBTC,avoid_low,-0.5,1.5,10,har,seasonal,usd,0.09197468564396982,0.019082365249611603,0.19619177744804378,0.004
ETHBTC,avoid_low,-0.5,1.5,10,trailing,always,bps,0.030219311402307533,-0.027808700258934557,0.09207338420097465,0.153
ETHBTC,avoid_low,-0.5,1.5,10,trailing,always,usd,-0.024425406052369373,-0.06964404346880389,0.021725940824955565,0.852
ETHBTC,avoid_low,-0.5,1.5,60,har,trailing,bps,0.0001582853697243288,-0.05094607202193437,0.05132744889828052,0.481
ETHBTC,avoid_low,-0.5,1.5,60,har,trailing,usd,-0.0004960169001590266,-0.03795399175629901,0.035932379842347366,0.493
ETHBTC,avoid_low,-0.5,1.5,60,har,always,bps,0.056937708457012924,-0.011239901314877222,0.13487059256769499,0.052
ETHBTC,avoid_low,-0.5,1.5,60,har,always,usd,0.08433722599503712,0.02581230773047557,0.15189089510645365,0.003
ETHBTC,avoid_low,-0.5,1.5,60,har,seasonal,bps,0.1378506956137327,0.04276341490561619,0.24873744996939176,0.001
ETHBTC,avoid_low,-0.5,1.5,60,har,seasonal,usd,0.09902618435559735,0.03229135245500292,0.17900786792369416,0.001
ETHBTC,avoid_low,-0.5,1.5,60,trailing,always,bps,0.05677942308728859,-0.013384636460326827,0.13508379531501274,0.051
ETHBTC,avoid_low,-0.5,1.5,60,trailing,always,usd,0.08483324289519614,0.024568537582101164,0.1502088534580366,0.002
ETHBTC,avoid_low,-0.5,1.5,300,har,trailing,bps,0.018346042983160005,-0.07731028547028931,0.10852244806589026,0.333
ETHBTC,avoid_low,-0.5,1.5,300,har,trailing,usd,0.011974947612015027,-0.05813074940521741,0.07877350998218872,0.342
ETHBTC,avoid_low,-0.5,1.5,300,har,always,bps,0.10107141770699851,-0.016451065193446142,0.23234492964458406,0.034
ETHBTC,avoid_low,-0.5,1.5,300,har,always,usd,0.15920604658515333,0.06004475822997361,0.28181767038055755,0.001
ETHBTC,avoid_low,-0.5,1.5,300,har,seasonal,bps,0.2072224498140101,0.06910842448995573,0.35715231332983655,0.002
ETHBTC,avoid_low,-0.5,1.5,300,har,seasonal,usd,0.14841543337096194,0.04933860443179223,0.25589053857447547,0.002
ETHBTC,avoid_low,-0.5,1.5,300,trailing,always,bps,0.08272537472383851,-0.03864356205888264,0.2248728079539411,0.095
ETHBTC,avoid_low,-0.5,1.5,300,trailing,always,usd,0.1472310989731383,0.03875954442528373,0.27952042244517494,0.001
ETHBTC,avoid_low,0.0,1.0,10,har,trailing,bps,0.02611474341767158,-0.019935202436647675,0.06347567174213029,0.118
ETHBTC,avoid_low,0.0,1.0,10,har,trailing,usd,0.022180367125990405,-0.011947166135293166,0.051363115311491,0.1
ETHBTC,avoid_low,0.0,1.0,10,har,always,bps,0.05126198331020794,-0.001510841183133,0.10893561258352917,0.03
ETHBTC,avoid_low,0.0,1.0,10,har,always,usd,-0.09947314633561156,-0.14522044838844778,-0.06066929193387535,1.0
ETHBTC,avoid_low,0.0,1.0,10,har,seasonal,bps,0.11313756140989359,0.021745428542398467,0.24390474500579618,0.003
ETHBTC,avoid_low,0.0,1.0,10,har,seasonal,usd,0.08440781315169436,0.018872369833498825,0.17800182179895918,0.005
ETHBTC,avoid_low,0.0,1.0,10,trailing,always,bps,0.02514723989253636,-0.0242893660727832,0.08004342201825142,0.155
ETHBTC,avoid_low,0.0,1.0,10,trailing,always,usd,-0.12165351346160198,-0.16526746251743415,-0.07992780936619547,1.0
ETHBTC,avoid_low,0.0,1.0,60,har,trailing,bps,0.02452243060754171,-0.01826390585407961,0.06379014676601905,0.119
ETHBTC,avoid_low,0.0,1.0,60,har,trailing,usd,0.019821571958771197,-0.011625923097398488,0.048899801705631886,0.106
ETHBTC,avoid_low,0.0,1.0,60,har,always,bps,0.06740888107308357,0.012544994208028364,0.12597528801457447,0.009
ETHBTC,avoid_low,0.0,1.0,60,har,always,usd,-0.028939997335263454,-0.07580054586775406,0.019847446524879197,0.876
ETHBTC,avoid_low,0.0,1.0,60,har,seasonal,bps,0.12108216021956433,0.04161779028794896,0.230067726915691,0.0
ETHBTC,avoid_low,0.0,1.0,60,har,seasonal,usd,0.08915932050288801,0.03125429615712329,0.1672162647295775,0.0
ETHBTC,avoid_low,0.0,1.0,60,trailing,always,bps,0.042886450465541855,-0.010625608841326895,0.10090916170577281,0.057
ETHBTC,avoid_low,0.0,1.0,60,trailing,always,usd,-0.048761569294034655,-0.09277901682923559,-0.0006104715490262717,0.977
ETHBTC,avoid_low,0.0,1.0,300,har,trailing,bps,0.03668683338167578,-0.025617496506600168,0.09688332647701711,0.106
ETHBTC,avoid_low,0.0,1.0,300,har,trailing,usd,0.028065416716830428,-0.01648049404842648,0.07283730293514487,0.094
ETHBTC,avoid_low,0.0,1.0,300,har,always,bps,0.09686764769588123,0.012407428527756559,0.18910023943332918,0.013
ETHBTC,avoid_low,0.0,1.0,300,har,always,usd,0.02086927778501436,-0.05111482878534421,0.10095935558341222,0.279
ETHBTC,avoid_low,0.0,1.0,300,har,seasonal,bps,0.16730804728951787,0.061815090043599544,0.28776891105126906,0.001
ETHBTC,avoid_low,0.0,1.0,300,har,seasonal,usd,0.12210563966883296,0.047592997243796495,0.2068784106025008,0.001
ETHBTC,avoid_low,0.0,1.0,300,trailing,always,bps,0.06018081431420545,-0.028788667179293185,0.15483472801533169,0.086
ETHBTC,avoid_low,0.0,1.0,300,trailing,always,usd,-0.0071961389318160665,-0.07876946783035023,0.07455282056201497,0.575
ETHBTC,avoid_low,0.0,1.5,10,har,trailing,bps,0.0025303692460736968,-0.041583313428384804,0.04167576409211089,0.435
ETHBTC,avoid_low,0.0,1.5,10,har,trailing,usd,-1.1026800751617583e-05,-0.03180728593821345,0.028843424799805534,0.473
ETHBTC,avoid_low,0.0,1.5,10,har,always,bps,0.032749680648381164,-0.023570123824869907,0.096134655273457,0.136
ETHBTC,avoid_low,0.0,1.5,10,har,always,usd,0.11515579860840565,0.06642474571710964,0.1647617996959496,0.0
ETHBTC,avoid_low,0.0,1.5,10,har,seasonal,bps,0.12603959942440165,0.025830365307095537,0.2722525050264468,0.003
ETHBTC,avoid_low,0.0,1.5,10,har,seasonal,usd,0.08950374531854614,0.017487855693237304,0.19273554634267917,0.004
ETHBTC,avoid_low,0.0,1.5,10,trailing,always,bps,0.030219311402307467,-0.027808700258934428,0.09207338420097459,0.153
ETHBTC,avoid_low,0.0,1.5,10,trailing,always,usd,0.11516682540915725,0.07050667853561289,0.16343851003013096,0.0
ETHBTC,avoid_low,0.0,1.5,60,har,trailing,bps,0.0001582853697244135,-0.05094607202193447,0.051327448898280455,0.481
ETHBTC,avoid_low,0.0,1.5,60,har,trailing,usd,-0.0035366433690525367,-0.04131888647678755,0.03340373103241398,0.552
ETHBTC,avoid_low,0.0,1.5,60,har,always,bps,0.05693770845701297,-0.011239901314877138,0.13487059256769496,0.052
ETHBTC,avoid_low,0.0,1.5,60,har,always,usd,0.22088883098767026,0.15884140928806853,0.2922605315048871,0.0
ETHBTC,avoid_low,0.0,1.5,60,har,seasonal,bps,0.13785069561373275,0.042763414905616165,0.2487374499693917,0.001
ETHBTC,avoid_low,0.0,1.5,60,har,seasonal,usd,0.09655524403017358,0.02691782362636221,0.1783148570925904,0.005
ETHBTC,avoid_low,0.0,1.5,60,trailing,always,bps,0.05677942308728856,-0.013384636460326775,0.1350837953150129,0.051
ETHBTC,avoid_low,0.0,1.5,60,trailing,always,usd,0.2244254743567228,0.16108377522192924,0.2954632976746317,0.0
ETHBTC,avoid_low,0.0,1.5,300,har,trailing,bps,0.01834604298315987,-0.07731028547028948,0.10852244806589026,0.333
ETHBTC,avoid_low,0.0,1.5,300,har,trailing,usd,0.009044855815898927,-0.0637764570279812,0.08015998391792692,0.363
ETHBTC,avoid_low,0.0,1.5,300,har,always,bps,0.10107141770699851,-0.01645106519344614,0.232344929644584,0.034
ETHBTC,avoid_low,0.0,1.5,300,har,always,usd,0.29596736439928717,0.19365315824123294,0.41899272955986583,0.0
ETHBTC,avoid_low,0.0,1.5,300,har,seasonal,bps,0.20722244981401006,0.06910842448995579,0.35715231332983655,0.002
ETHBTC,avoid_low,0.0,1.5,300,har,seasonal,usd,0.14588187726072926,0.04420677359899462,0.2546856613257729,0.004
ETHBTC,avoid_low,0.0,1.5,300,trailing,always,bps,0.08272537472383865,-0.03864356205888257,0.2248728079539411,0.095
ETHBTC,avoid_low,0.0,1.5,300,trailing,always,usd,0.2869225085833882,0.17618033685581377,0.42229213211532773,0.0
ETHBTC,avoid_low,1.0,1.0,10,har,trailing,bps,0.02611474341767185,-0.01993520243664774,0.06347567174213052,0.118
ETHBTC,avoid_low,1.0,1.0,10,har,trailing,usd,0.01609911418820347,-0.015947864414882103,0.04287324413553818,0.156
ETHBTC,avoid_low,1.0,1.0,10,har,always,bps,0.05126198331020801,-0.0015108411831330018,0.10893561258352927,0.03
ETHBTC,avoid_low,1.0,1.0,10,har,always,usd,0.17363006364965478,0.1302341375675308,0.2153991261052151,0.0
ETHBTC,avoid_low,1.0,1.0,10,har,seasonal,bps,0.11313756140989373,0.02174542854239866,0.2439047450057959,0.003
ETHBTC,avoid_low,1.0,1.0,10,har,seasonal,usd,0.07946593250084691,0.012338061150739684,0.17421158003042878,0.007
ETHBTC,avoid_low,1.0,1.0,10,trailing,always,bps,0.025147239892536154,-0.024289366072783394,0.08004342201825121,0.155
ETHBTC,avoid_low,1.0,1.0,10,trailing,always,usd,0.15753094946145133,0.11636359248492939,0.19851912735837038,0.0
ETHBTC,avoid_low,1.0,1.0,60,har,trailing,bps,0.024522430607541914,-0.01826390585407961,0.06379014676601936,0.119
ETHBTC,avoid_low,1.0,1.0,60,har,trailing,usd,0.013740319020984219,-0.01735141104708072,0.04251337210835187,0.181
ETHBTC,avoid_low,1.0,1.0,60,har,always,bps,0.06740888107308364,0.012544994208028465,0.12597528801457436,0.009
ETHBTC,avoid_low,1.0,1.0,60,har,always,usd,0.24416321265000288,0.19245159301942255,0.3017186815598493,0.0
ETHBTC,avoid_low,1.0,1.0,60,har,seasonal,bps,0.1210821602195644,0.0416177902879488,0.23006772691569086,0.0
ETHBTC,avoid_low,1.0,1.0,60,har,seasonal,usd,0.08421743985204047,0.02075246045428781,0.16100512328995972,0.003
ETHBTC,avoid_low,1.0,1.0,60,trailing,always,bps,0.04288645046554172,-0.010625608841326859,0.10090916170577288,0.057
ETHBTC,avoid_low,1.0,1.0,60,trailing,always,usd,0.23042289362901863,0.18020954168339068,0.28522667102350324,0.0
ETHBTC,avoid_low,1.0,1.0,300,har,trailing,bps,0.03668683338167551,-0.025617496506600394,0.09688332647701701,0.106
ETHBTC,avoid_low,1.0,1.0,300,har,trailing,usd,0.02220523312459812,-0.026048320935902036,0.07119659657737216,0.143
ETHBTC,avoid_low,1.0,1.0,300,har,always,bps,0.09686764769588113,0.012407428527756758,0.18910023943332913,0.013
ETHBTC,avoid_low,1.0,1.0,300,har,always,usd,0.2943919134132818,0.22036861740068012,0.3807603751174881,0.0
ETHBTC,avoid_low,1.0,1.0,300,har,seasonal,bps,0.16730804728951768,0.06181509004359957,0.2877689110512692,0.001
ETHBTC,avoid_low,1.0,1.0,300,har,seasonal,usd,0.11703852744836757,0.04036723997809947,0.20761484072340305,0.003
ETHBTC,avoid_low,1.0,1.0,300,trailing,always,bps,0.06018081431420562,-0.028788667179293546,0.15483472801533193,0.086
ETHBTC,avoid_low,1.0,1.0,300,trailing,always,usd,0.2721866802886837,0.1969619955917369,0.36222078993700346,0.0
ETHBTC,avoid_low,1.0,1.5,10,har,trailing,bps,0.0025303692460738663,-0.04158331342838455,0.0416757640921109,0.435
ETHBTC,avoid_low,1.0,1.5,10,har,trailing,usd,-0.006092279738538554,-0.04300253684369792,0.02946752807297735,0.608
ETHBTC,avoid_low,1.0,1.5,10,har,always,bps,0.0327496806483814,-0.023570123824869643,0.09613465527345708,0.136
ETHBTC,avoid_low,1.0,1.5,10,har,always,usd,0.3882590085936721,0.3311156389748687,0.44893138598632293,0.0
ETHBTC,avoid_low,1.0,1.5,10,har,seasonal,bps,0.12603959942440182,0.025830365307095475,0.2722525050264468,0.003
ETHBTC,avoid_low,1.0,1.5,10,har,seasonal,usd,0.08456186466769862,0.0009033091142821666,0.19003493331546178,0.023
ETHBTC,avoid_low,1.0,1.5,10,trailing,always,bps,0.030219311402307533,-0.027808700258934234,0.09207338420097448,0.153
ETHBTC,avoid_low,1.0,1.5,10,trailing,always,usd,0.3943512883322106,0.33653712310647177,0.4558540913994236,0.0
ETHBTC,avoid_low,1.0,1.5,60,har,trailing,bps,0.00015828536972448126,-0.05094607202193447,0.05132744889828071,0.481
ETHBTC,avoid_low,1.0,1.5,60,har,trailing,usd,-0.009617896306839556,-0.055835497408666224,0.0336213109817393,0.641
ETHBTC,avoid_low,1.0,1.5,60,har,always,bps,0.0569377084570129,-0.011239901314876883,0.13487059256769482,0.052
ETHBTC,avoid_low,1.0,1.5,60,har,always,usd,0.49399204097293653,0.4203065523422959,0.5772600809383196,0.0
ETHBTC,avoid_low,1.0,1.5,60,har,seasonal,bps,0.1378506956137331,0.04276341490561643,0.2487374499693919,0.001
ETHBTC,avoid_low,1.0,1.5,60,har,seasonal,usd,0.0916133633793262,0.007541317738715888,0.18115487104146472,0.017
ETHBTC,avoid_low,1.0,1.5,60,trailing,always,bps,0.05677942308728842,-0.013384636460327025,0.13508379531501283,0.051
ETHBTC,avoid_low,1.0,1.5,60,trailing,always,usd,0.5036099372797761,0.42485330926392967,0.5912462217553877,0.0
ETHBTC,avoid_low,1.0,1.5,300,har,trailing,bps,0.01834604298315987,-0.07731028547028962,0.10852244806588986,0.333
ETHBTC,avoid_low,1.0,1.5,300,har,trailing,usd,0.003184672223666643,-0.07428908086369822,0.08400834416497255,0.441
ETHBTC,avoid_low,1.0,1.5,300,har,always,bps,0.10107141770699837,-0.016451065193446007,0.23234492964458386,0.034
ETHBTC,avoid_low,1.0,1.5,300,har,always,usd,0.5694900000275543,0.46110665188808686,0.7040679544767159,0.0
ETHBTC,avoid_low,1.0,1.5,300,har,seasonal,bps,0.20722244981401006,0.06910842448995592,0.3571523133298361,0.002
ETHBTC,avoid_low,1.0,1.5,300,har,seasonal,usd,0.14081476504026388,0.028861266993620897,0.2582206957618105,0.01
ETHBTC,avoid_low,1.0,1.5,300,trailing,always,bps,0.08272537472383851,-0.038643562058883106,0.22487280795394118,0.095
ETHBTC,avoid_low,1.0,1.5,300,trailing,always,usd,0.5663053278038878,0.44464174238019244,0.714296177716938,0.0
LTCBTC,avoid_high,-0.5,1.0,10,har,trailing,bps,-0.031606479212172106,-0.06696499172926426,0.00031336883455621673,0.972
LTCBTC,avoid_high,-0.5,1.0,10,har,trailing,usd,0.0016307763743133436,-0.024796329470963458,0.02992514248587578,0.467
LTCBTC,avoid_high,-0.5,1.0,10,har,always,bps,-0.07083493382515087,-0.11178230201323364,-0.025495864280717522,0.999
LTCBTC,avoid_high,-0.5,1.0,10,har,always,usd,-0.17049518014891152,-0.21308883087212308,-0.13068248753637404,1.0
LTCBTC,avoid_high,-0.5,1.0,10,har,seasonal,bps,-0.051148391122223254,-0.0964543258927498,-0.007663314933759259,0.992
LTCBTC,avoid_high,-0.5,1.0,10,har,seasonal,usd,0.003936474762869848,-0.029820395320823315,0.0353387692158999,0.418
LTCBTC,avoid_high,-0.5,1.0,10,trailing,always,bps,-0.039228454612978754,-0.09632454011535792,0.01910899563886033,0.892
LTCBTC,avoid_high,-0.5,1.0,10,trailing,always,usd,-0.17212595652322485,-0.22738994203871638,-0.12255254029776373,1.0
LTCBTC,avoid_high,-0.5,1.0,60,har,trailing,bps,-0.04343817851984245,-0.08256311400865464,-0.0026630603764477086,0.982
LTCBTC,avoid_high,-0.5,1.0,60,har,trailing,usd,-0.007585239519722493,-0.039037343915848025,0.023038414527539103,0.699
LTCBTC,avoid_high,-0.5,1.0,60,har,always,bps,-0.07664660409772245,-0.13479698260257464,-0.0033464073603272746,0.977
LTCBTC,avoid_high,-0.5,1.0,60,har,always,usd,-0.1763375436052502,-0.23532284089979466,-0.11244042197157375,1.0
LTCBTC,avoid_high,-0.5,1.0,60,har,seasonal,bps,-0.09883046333623102,-0.18346841549190518,-0.018107402232432145,0.995
LTCBTC,avoid_high,-0.5,1.0,60,har,seasonal,usd,-0.031880408544408476,-0.0929696907189044,0.02799803352355038,0.85
LTCBTC,avoid_high,-0.5,1.0,60,trailing,always,bps,-0.033208425577879994,-0.10592371074959375,0.053414845429486595,0.786
LTCBTC,avoid_high,-0.5,1.0,60,trailing,always,usd,-0.16875230408552772,-0.24142598048316274,-0.10111316091627934,1.0
LTCBTC,avoid_high,-0.5,1.0,300,har,trailing,bps,-0.06546973423904201,-0.14003138094645556,0.0037826508922928362,0.968
LTCBTC,avoid_high,-0.5,1.0,300,har,trailing,usd,-0.02059825973329585,-0.07638567937702351,0.03474912048869376,0.764
LTCBTC,avoid_high,-0.5,1.0,300,har,always,bps,-0.11637096318331157,-0.19968093783892557,-0.039450448643712985,0.998
LTCBTC,avoid_high,-0.5,1.0,300,har,always,usd,-0.23163893571157212,-0.3206959833023817,-0.16190881477594973,1.0
LTCBTC,avoid_high,-0.5,1.0,300,har,seasonal,bps,-0.019925793911466226,-0.10696093785018901,0.07110002854037216,0.674
LTCBTC,avoid_high,-0.5,1.0,300,har,seasonal,usd,0.0340106893465013,-0.033535989612467516,0.10200895630844264,0.163
LTCBTC,avoid_high,-0.5,1.0,300,trailing,always,bps,-0.05090122894426955,-0.175131800306747,0.05710944199504916,0.809
LTCBTC,avoid_high,-0.5,1.0,300,trailing,always,usd,-0.21104067597827628,-0.33548393284288397,-0.11754364018825718,1.0
LTCBTC,avoid_high,-0.5,1.5,10,har,trailing,bps,-0.05457447914894193,-0.10446356591978596,-0.007184046717649804,0.985
LTCBTC,avoid_high,-0.5,1.5,10,har,trailing,usd,-0.08828990322429238,-0.134278488657568,-0.04037789391739011,1.0
LTCBTC,avoid_high,-0.5,1.5,10,har,always,bps,-0.11044216646130897,-0.1645410413775592,-0.049659124592317645,0.999
LTCBTC,avoid_high,-0.5,1.5,10,har,always,usd,0.06308318138578166,0.00762769383162216,0.13098241703807784,0.008
LTCBTC,avoid_high,-0.5,1.5,10,har,seasonal,bps,-0.08080965512825782,-0.14387952717895686,-0.02162636800474073,0.999
LTCBTC,avoid_high,-0.5,1.5,10,har,seasonal,usd,-0.13449840980373187,-0.20388051089233494,-0.07422082173995323,1.0
LTCBTC,avoid_high,-0.5,1.5,10,trailing,always,bps,-0.05586768731236704,-0.12772118030143953,0.024781323565200044,0.902
LTCBTC,avoid_high,-0.5,1.5,10,trailing,always,usd,0.15137308461007404,0.06832210115849266,0.2409465596688332,0.0
LTCBTC,avoid_high,-0.5,1.5,60,har,trailing,bps,-0.07236148988549752,-0.13247472902483007,-0.011525972180800858,0.991
LTCBTC,avoid_high,-0.5,1.5,60,har,trailing,usd,-0.10213958652047724,-0.158178557122232,-0.04636054895636775,1.0
LTCBTC,avoid_high,-0.5,1.5,60,har,always,bps,-0.11921303034494006,-0.19857888191786668,-0.012455849551455506,0.984
LTCBTC,avoid_high,-0.5,1.5,60,har,always,usd,0.05424691080276211,-0.02996932251218551,0.17136653975039942,0.137
LTCBTC,avoid_high,-0.5,1.5,60,har,seasonal,bps,-0.15241700286996426,-0.27277110031725915,-0.032408668933527535,0.998
LTCBTC,avoid_high,-0.5,1.5,60,har,seasonal,usd,-0.18827880117661594,-0.30112139998182413,-0.08110020895075307,1.0
LTCBTC,avoid_high,-0.5,1.5,60,trailing,always,bps,-0.046851540459442544,-0.14822371370337076,0.07347054714671455,0.781
LTCBTC,avoid_high,-0.5,1.5,60,trailing,always,usd,0.15638649732323934,0.04701245337566569,0.2874297451351427,0.001
LTCBTC,avoid_high,-0.5,1.5,300,har,trailing,bps,-0.10566504054949967,-0.21320156288066783,-0.003707725512130568,0.976
LTCBTC,avoid_high,-0.5,1.5,300,har,trailing,usd,-0.122000879090857,-0.2076566905219245,-0.037463395864114964,0.997
LTCBTC,avoid_high,-0.5,1.5,300,har,always,bps,-0.17891139786717056,-0.2950571898770389,-0.06777860479521002,0.999
LTCBTC,avoid_high,-0.5,1.5,300,har,always,usd,-0.028940287326520934,-0.1415392512523099,0.07516380194338132,0.717
LTCBTC,avoid_high,-0.5,1.5,300,har,seasonal,bps,-0.034454372052609865,-0.16300376138385028,0.10035222050069117,0.702
LTCBTC,avoid_high,-0.5,1.5,300,har,seasonal,usd,-0.0896347178440069,-0.20870925579727337,0.013801579126079478,0.949
LTCBTC,avoid_high,-0.5,1.5,300,trailing,always,bps,-0.07324635731767087,-0.2456303399047834,0.08372668803120303,0.81
LTCBTC,avoid_high,-0.5,1.5,300,trailing,always,usd,0.09306059176433606,-0.059312014260276096,0.22574789007361126,0.098
LTCBTC,avoid_high,0.0,1.0,10,har,trailing,bps,-0.03160647921217205,-0.06696499172926426,0.00031336883455627506,0.972
LTCBTC,avoid_high,0.0,1.0,10,har,trailing,usd,-0.02135780267588197,-0.047212364664830954,0.0055051836106461815,0.939
LTCBTC,avoid_high,0.0,1.0,10,har,always,bps,-0.07083493382515092,-0.11178230201323369,-0.02549586428071767,0.999
LTCBTC,avoid_high,0.0,1.0,10,har,always,usd,-0.08328858356472883,-0.12264805377668435,-0.043800677091613796,1.0
LTCBTC,avoid_high,0.0,1.0,10,har,seasonal,bps,-0.051148391122223275,-0.0964543258927498,-0.0076633149337592375,0.992
LTCBTC,avoid_high,0.0,1.0,10,har,seasonal,usd,-0.033139903109489936,-0.06953204749210316,0.0011361342972654137,0.968
LTCBTC,avoid_high,0.0,1.0,10,trailing,always,bps,-0.03922845461297887,-0.09632454011535772,0.019108995638860395,0.892
LTCBTC,avoid_high,0.0,1.0,10,trailing,always,usd,-0.06193078088884687,-0.1143178289310967,-0.010963932166332709,0.993
LTCBTC,avoid_high,0.0,1.0,60,har,trailing,bps,-0.043438178519842524,-0.08256311400865458,-0.0026630603764476114,0.982
LTCBTC,avoid_high,0.0,1.0,60,har,trailing,usd,-0.030573818569917883,-0.06188591573557073,0.001459609053051257,0.968
LTCBTC,avoid_high,0.0,1.0,60,har,always,bps,-0.0766466040977224,-0.1347969826025747,-0.003346407360327537,0.977
LTCBTC,avoid_high,0.0,1.0,60,har,always,usd,-0.08913094702106743,-0.14571367683605588,-0.020177619579948437,0.996
LTCBTC,avoid_high,0.0,1.0,60,har,seasonal,bps,-0.09883046333623116,-0.18346841549190512,-0.018107402232432155,0.995
LTCBTC,avoid_high,0.0,1.0,60,har,seasonal,usd,-0.06895678641676836,-0.1350356708703749,-0.006001035863801487,0.981
LTCBTC,avoid_high,0.0,1.0,60,trailing,always,bps,-0.033208425577879876,-0.105923710749594,0.05341484542948656,0.786
LTCBTC,avoid_high,0.0,1.0,60,trailing,always,usd,-0.05855712845114954,-0.1270675523446297,0.015360763088905402,0.946
LTCBTC,avoid_high,0.0,1.0,300,har,trailing,bps,-0.06546973423904215,-0.14003138094645529,0.003782650892292761,0.968
LTCBTC,avoid_high,0.0,1.0,300,har,trailing,usd,-0.04361543933472692,-0.10144778104716531,0.011857663278862673,0.939
LTCBTC,avoid_high,0.0,1.0,300,har,always,bps,-0.11637096318331146,-0.19968093783892554,-0.039450448643712915,0.998
LTCBTC,avoid_high,0.0,1.0,300,har,always,usd,-0.14450187993722016,-0.23191917661654407,-0.0735125560682251,1.0
LTCBTC,avoid_high,0.0,1.0,300,har,seasonal,bps,-0.019925793911466226,-0.10696093785018916,0.07110002854037216,0.674
LTCBTC,avoid_high,0.0,1.0,300,har,seasonal,usd,-0.0030219804568406283,-0.07373089004281451,0.06594872761640726,0.532
LTCBTC,avoid_high,0.0,1.0,300,trailing,always,bps,-0.050901228944269315,-0.17513180030674716,0.05710944199504939,0.809
LTCBTC,avoid_high,0.0,1.0,300,trailing,always,usd,-0.10088644060249324,-0.21673360145344717,-0.010754731811830408,0.99
LTCBTC,avoid_high,0.0,1.5,10,har,trailing,bps,-0.05457447914894166,-0.1044635659197861,-0.007184046717649797,0.985
LTCBTC,avoid_high,0.0,1.5,10,har,trailing,usd,-0.11127848227448767,-0.16395249698261277,-0.05912862811314878,1.0
LTCBTC,avoid_high,0.0,1.5,10,har,always,bps,-0.1104421664613087,-0.16454104137755907,-0.049659124592317645,0.999
LTCBTC,avoid_high,0.0,1.5,10,har,always,usd,0.1502897779699644,0.08987562130069418,0.22681858778338615,0.0
LTCBTC,avoid_high,0.0,1.5,10,har,seasonal,bps,-0.08080965512825768,-0.14387952717895713,-0.021626368004740985,0.999
LTCBTC,avoid_high,0.0,1.5,10,har,seasonal,usd,-0.17157478767609163,-0.2498735159806716,-0.10224398612388194,1.0
LTCBTC,avoid_high,0.0,1.5,10,trailing,always,bps,-0.05586768731236704,-0.12772118030143967,0.024781323565200443,0.902
LTCBTC,avoid_high,0.0,1.5,10,trailing,always,usd,0.26156826024445207,0.16538388563682763,0.36566195019327835,0.0
LTCBTC,avoid_high,0.0,1.5,60,har,trailing,bps,-0.07236148988549779,-0.13247472902482996,-0.011525972180800861,0.991
LTCBTC,avoid_high,0.0,1.5,60,har,trailing,usd,-0.12512816557067277,-0.1873231590418236,-0.06451832438803201,1.0
LTCBTC,avoid_high,0.0,1.5,60,har,always,bps,-0.11921303034494034,-0.1985788819178672,-0.012455849551455516,0.984
LTCBTC,avoid_high,0.0,1.5,60,har,always,usd,0.1414535073869446,0.051325128969318234,0.2649431448944356,0.0
LTCBTC,avoid_high,0.0,1.5,60,har,seasonal,bps,-0.15241700286996454,-0.27277110031725943,-0.03240866893352728,0.998
LTCBTC,avoid_high,0.0,1.5,60,har,seasonal,usd,-0.225355179048976,-0.3496774675851348,-0.11219699048526957,1.0
LTCBTC,avoid_high,0.0,1.5,60,trailing,always,bps,-0.046851540459442544,-0.14822371370337062,0.0734705471467147,0.781
LTCBTC,avoid_high,0.0,1.5,60,trailing,always,usd,0.26658167295761737,0.14509184746722073,0.41035971474391847,0.0
LTCBTC,avoid_high,0.0,1.5,300,har,trailing,bps,-0.10566504054949953,-0.21320156288066786,-0.0037077255121303037,0.976
LTCBTC,avoid_high,0.0,1.5,300,har,trailing,usd,-0.14501805869228782,-0.2347450433739044,-0.05700899990174794,1.0
LTCBTC,avoid_high,0.0,1.5,300,har,always,bps,-0.17891139786717056,-0.2950571898770391,-0.06777860479521015,0.999
LTCBTC,avoid_high,0.0,1.5,300,har,always,usd,0.05819676844783102,-0.05683328686098504,0.1704996322336553,0.159
LTCBTC,avoid_high,0.0,1.5,300,har,seasonal,bps,-0.034454372052609594,-0.1630037613838499,0.1003522205006913,0.702
LTCBTC,avoid_high,0.0,1.5,300,har,seasonal,usd,-0.12666738764734853,-0.25080184317604387,-0.015462924504821686,0.991
LTCBTC,avoid_high,0.0,1.5,300,trailing,always,bps,-0.07324635731767101,-0.24563033990478353,0.08372668803120278,0.81
LTCBTC,avoid_high,0.0,1.5,300,trailing,always,usd,0.20321482714011885,0.051383591660030294,0.3426175584141122,0.004
LTCBTC,avoid_high,1.0,1.0,10,har,trailing,bps,-0.031606479212171974,-0.06696499172926432,0.0003133688345563506,0.972
LTCBTC,avoid_high,1.0,1.0,10,har,trailing,usd,-0.06733496077627256,-0.10229606222589668,-0.03272652060559785,1.0
LTCBTC,avoid_high,1.0,1.0,10,har,always,bps,-0.07083493382515073,-0.11178230201323375,-0.025495864280717654,0.999
LTCBTC,avoid_high,1.0,1.0,10,har,always,usd,0.09112460960363675,0.0487819679447418,0.14390456422930642,0.0
LTCBTC,avoid_high,1.0,1.0,10,har,seasonal,bps,-0.051148391122223386,-0.09645432589274973,-0.007663314933759533,0.992
LTCBTC,avoid_high,1.0,1.0,10,har,seasonal,usd,-0.10729265885420963,-0.16067796199809523,-0.059288339479849336,1.0
LTCBTC,avoid_high,1.0,1.0,10,trailing,always,bps,-0.039228454612978754,-0.09632454011535765,0.019108995638860198,0.892
LTCBTC,avoid_high,1.0,1.0,10,trailing,always,usd,0.1584595703799093,0.09419281394055291,0.2265757513818975,0.0
LTCBTC,avoid_high,1.0,1.0,60,har,trailing,bps,-0.04343817851984225,-0.08256311400865464,-0.002663060376447583,0.982
LTCBTC,avoid_high,1.0,1.0,60,har,trailing,usd,-0.0765509766703084,-0.11618428998520604,-0.0379894775157107,1.0
LTCBTC,avoid_high,1.0,1.0,60,har,always,bps,-0.07664660409772224,-0.1347969826025747,-0.0033464073603275317,0.977
LTCBTC,avoid_high,1.0,1.0,60,har,always,usd,0.08528224614729812,0.022383576460468416,0.170280153289944,0.002
LTCBTC,avoid_high,1.0,1.0,60,har,seasonal,bps,-0.09883046333623109,-0.18346841549190496,-0.018107402232431943,0.995
LTCBTC,avoid_high,1.0,1.0,60,har,seasonal,usd,-0.1431095421614879,-0.22565183576850664,-0.0672887056828242,1.0
LTCBTC,avoid_high,1.0,1.0,60,trailing,always,bps,-0.033208425577879994,-0.10592371074959442,0.05341484542948685,0.786
LTCBTC,avoid_high,1.0,1.0,60,trailing,always,usd,0.1618332228176065,0.07963976862056264,0.257329888131803,0.0
LTCBTC,avoid_high,1.0,1.0,300,har,trailing,bps,-0.06546973423904201,-0.14003138094645515,0.003782650892292572,0.968
LTCBTC,avoid_high,1.0,1.0,300,har,trailing,usd,-0.08964979853758898,-0.15023916894047687,-0.030413078675569652,0.997
LTCBTC,avoid_high,1.0,1.0,300,har,always,bps,-0.11637096318331129,-0.19968093783892557,-0.039450448643712846,0.998
LTCBTC,avoid_high,1.0,1.0,300,har,always,usd,0.02977223161148361,-0.05439250477968744,0.1086331130512297,0.233
LTCBTC,avoid_high,1.0,1.0,300,har,seasonal,bps,-0.019925793911466226,-0.10696093785018927,0.07110002854037216,0.674
LTCBTC,avoid_high,1.0,1.0,300,har,seasonal,usd,-0.07708732006352466,-0.16116931706551657,-0.0028422456383154636,0.98
LTCBTC,avoid_high,1.0,1.0,300,trailing,always,bps,-0.05090122894426928,-0.17513180030674722,0.05710944199504916,0.809
LTCBTC,avoid_high,1.0,1.0,300,trailing,always,usd,0.11942203014907257,0.0069338851674515655,0.21748070474603942,0.015
LTCBTC,avoid_high,1.0,1.5,10,har,trailing,bps,-0.0545744791489422,-0.10446356591978637,-0.007184046717649817,0.985
LTCBTC,avoid_high,1.0,1.5,10,har,trailing,usd,-0.1572556403748785,-0.22996902483518655,-0.0905655623059319,1.0
LTCBTC,avoid_high,1.0,1.5,10,har,always,bps,-0.11044216646130897,-0.1645410413775591,-0.049659124592317375,0.999
LTCBTC,avoid_high,1.0,1.5,10,har,always,usd,0.3247029711383299,0.2505085700565152,0.42142188666403685,0.0
LTCBTC,avoid_high,1.0,1.5,10,har,seasonal,bps,-0.08080965512825795,-0.1438795271789574,-0.021626368004740465,0.999
LTCBTC,avoid_high,1.0,1.5,10,har,seasonal,usd,-0.2457275434208112,-0.34778132572228754,-0.15453077632240247,1.0
LTCBTC,avoid_high,1.0,1.5,10,trailing,always,bps,-0.05586768731236677,-0.12772118030143967,0.024781323565200575,0.902
LTCBTC,avoid_high,1.0,1.5,10,trailing,always,usd,0.48195861151320846,0.36385127287904145,0.6138618348100611,0.0
LTCBTC,avoid_high,1.0,1.5,60,har,trailing,bps,-0.07236148988549725,-0.13247472902482996,-0.011525972180800854,0.991
LTCBTC,avoid_high,1.0,1.5,60,har,trailing,usd,-0.17110532367106296,-0.2476784864110222,-0.09748268887960516,1.0
LTCBTC,avoid_high,1.0,1.5,60,har,always,bps,-0.11921303034493978,-0.19857888191786668,-0.01245584955145526,0.984
LTCBTC,avoid_high,1.0,1.5,60,har,always,usd,0.31586670055531035,0.21062399697922643,0.45800348074350744,0.0
LTCBTC,avoid_high,1.0,1.5,60,har,seasonal,bps,-0.15241700286996426,-0.27277110031725943,-0.03240866893352701,0.998
LTCBTC,avoid_high,1.0,1.5,60,har,seasonal,usd,-0.2995079347936954,-0.44624087850613203,-0.16921202474859917,1.0
LTCBTC,avoid_high,1.0,1.5,60,trailing,always,bps,-0.046851540459442544,-0.1482237137033709,0.0734705471467147,0.781
LTCBTC,avoid_high,1.0,1.5,60,trailing,always,usd,0.4869720242263733,0.3448237554375119,0.6493836613448456,0.0
LTCBTC,avoid_high,1.0,1.5,300,har,trailing,bps,-0.10566504054949927,-0.21320156288066797,-0.0037077255121305474,0.976
LTCBTC,avoid_high,1.0,1.5,300,har,trailing,usd,-0.19105241789514987,-0.2937809800691155,-0.09163392302199301,1.0
LTCBTC,avoid_high,1.0,1.5,300,har,always,bps,-0.17891139786717028,-0.2950571898770386,-0.06777860479521015,0.999
LTCBTC,avoid_high,1.0,1.5,300,har,always,usd,0.2324708799965349,0.11255676854054039,0.36379509542592914,0.0
LTCBTC,avoid_high,1.0,1.5,300,har,seasonal,bps,-0.03445437205260905,-0.16300376138385017,0.10035222050069093,0.702
LTCBTC,avoid_high,1.0,1.5,300,har,seasonal,usd,-0.2007327272540323,-0.34387442777566274,-0.08074738302796554,0.999
LTCBTC,avoid_high,1.0,1.5,300,trailing,always,bps,-0.07324635731767101,-0.24563033990478353,0.08372668803120237,0.81
LTCBTC,avoid_high,1.0,1.5,300,trailing,always,usd,0.4235232978916848,0.26864868408723697,0.5761265233893476,0.0
LTCBTC,avoid_low,-0.5,1.0,10,har,trailing,bps,0.021528848598878655,-0.0397265481605991,0.0775446670031264,0.218
LTCBTC,avoid_low,-0.5,1.0,10,har,trailing,usd,0.025237398532039906,-0.012462504554393074,0.06126626142764115,0.091
LTCBTC,avoid_low,-0.5,1.0,10,har,always,bps,0.09817584038377954,0.03562644047166295,0.16529699420345845,0.002
LTCBTC,avoid_low,-0.5,1.0,10,har,always,usd,-0.1325551651652786,-0.19484261645792594,-0.06980931528405922,1.0
LTCBTC,avoid_low,-0.5,1.0,10,har,seasonal,bps,0.059962717435092204,-0.013634376093504812,0.14050061865137767,0.065
LTCBTC,avoid_low,-0.5,1.0,10,har,seasonal,usd,0.021382911017450597,-0.03756598840510432,0.0751010054295117,0.226
LTCBTC,avoid_low,-0.5,1.0,10,trailing,always,bps,0.07664699178490088,-0.008014934246443495,0.16173064045805732,0.037
LTCBTC,avoid_low,-0.5,1.0,10,trailing,always,usd,-0.1577925636973185,-0.22873304847753276,-0.09272310498822442,1.0
LTCBTC,avoid_low,-0.5,1.0,60,har,trailing,bps,0.08868823236508325,-0.0019863176936735123,0.17229475012436377,0.027
LTCBTC,avoid_low,-0.5,1.0,60,har,trailing,usd,0.07146037103751568,0.01336979545062257,0.12831866529734803,0.01
LTCBTC,avoid_low,-0.5,1.0,60,har,always,bps,0.1588015929295791,0.06619195178468346,0.25279941031841263,0.0
LTCBTC,avoid_low,-0.5,1.0,60,har,always,usd,-0.0926877709425318,-0.17640888842618624,0.0010754470573777252,0.973
LTCBTC,avoid_low,-0.5,1.0,60,har,seasonal,bps,0.13174372608579374,0.02205339340793374,0.24363857020544005,0.006
LTCBTC,avoid_low,-0.5,1.0,60,har,seasonal,usd,0.07094629179524106,-0.008421773780157392,0.14449464340510512,0.036
LTCBTC,avoid_low,-0.5,1.0,60,trailing,always,bps,0.07011336056449587,-0.040193914914215895,0.1890374044575524,0.109
LTCBTC,avoid_low,-0.5,1.0,60,trailing,always,usd,-0.1641481419800475,-0.255758601641636,-0.06859776747686584,1.0
LTCBTC,avoid_low,-0.5,1.0,300,har,trailing,bps,0.20361835700250433,0.014930493683900712,0.40279385653863176,0.017
LTCBTC,avoid_low,-0.5,1.0,300,har,trailing,usd,0.15353330798500187,0.02718257073131688,0.2814368192107379,0.009
LTCBTC,avoid_low,-0.5,1.0,300,har,always,bps,0.34326211722027006,0.18630919590645317,0.5008818415377839,0.0
LTCBTC,avoid_low,-0.5,1.0,300,har,always,usd,-0.006086761779092349,-0.15507417150349675,0.1434206470206618,0.53
LTCBTC,avoid_low,-0.5,1.0,300,har,seasonal,bps,0.2984705614862988,0.14096971851240542,0.462828332423591,0.0
LTCBTC,avoid_low,-0.5,1.0,300,har,seasonal,usd,0.18170843683349794,0.06787677631957549,0.2924125375889678,0.0
LTCBTC,avoid_low,-0.5,1.0,300,trailing,always,bps,0.13964376021776573,-0.0021366425676135037,0.2981642645835867,0.027
LTCBTC,avoid_low,-0.5,1.0,300,trailing,always,usd,-0.15962006976409424,-0.2794629647621796,-0.032115705682730276,0.994
LTCBTC,avoid_low,-0.5,1.5,10,har,trailing,bps,0.017561267122507197,-0.06425835363252672,0.09106153649988775,0.328
LTCBTC,avoid_low,-0.5,1.5,10,har,trailing,usd,0.0011733364000046044,-0.06619181068564238,0.06660466247788088,0.486
LTCBTC,avoid_low,-0.5,1.5,10,har,always,bps,0.1487812642918627,0.06832632450898568,0.23550587024192482,0.0
LTCBTC,avoid_low,-0.5,1.5,10,har,always,usd,0.3780389670653105,0.287854707649316,0.47804402939719115,0.0
LTCBTC,avoid_low,-0.5,1.5,10,har,seasonal,bps,0.12077641612957682,0.02908787898256768,0.21582643350727593,0.0
LTCBTC,avoid_low,-0.5,1.5,10,har,seasonal,usd,0.10817944985007515,0.030144110812457072,0.19795902314441383,0.003
LTCBTC,avoid_low,-0.5,1.5,10,trailing,always,bps,0.13121999716935548,0.025259731102366664,0.24369750005270824,0.007
LTCBTC,avoid_low,-0.5,1.5,10,trailing,always,usd,0.3768656306653059,0.2612170835785445,0.5053393890840084,0.0
LTCBTC,avoid_low,-0.5,1.5,60,har,trailing,bps,0.11825414746295565,-0.004386113987216311,0.23572265368814466,0.028
LTCBTC,avoid_low,-0.5,1.5,60,har,trailing,usd,0.07047901164505654,-0.020237547048805406,0.16079531001540662,0.061
LTCBTC,avoid_low,-0.5,1.5,60,har,always,bps,0.2397174407082529,0.10877583527447432,0.3790818762228345,0.001
LTCBTC,avoid_low,-0.5,1.5,60,har,always,usd,0.43778713950953185,0.29787065291225784,0.5864986326899072,0.0
LTCBTC,avoid_low,-0.5,1.5,60,har,seasonal,bps,0.22840689272710446,0.08725678095034028,0.3743258364404891,0.001
LTCBTC,avoid_low,-0.5,1.5,60,har,seasonal,usd,0.18249033807704465,0.07345811935580972,0.3042930214983145,0.0
LTCBTC,avoid_low,-0.5,1.5,60,trailing,always,bps,0.12146329324529725,-0.027334306516613702,0.28626699978554887,0.054
LTCBTC,avoid_low,-0.5,1.5,60,trailing,always,usd,0.3673081278644753,0.21716406910283428,0.5437788582634123,0.0
LTCBTC,avoid_low,-0.5,1.5,300,har,trailing,bps,0.29069776242803685,0.018330488565287448,0.5781113747174647,0.019
LTCBTC,avoid_low,-0.5,1.5,300,har,trailing,usd,0.1934668614214703,0.011596806567856275,0.39340783665604656,0.021
LTCBTC,avoid_low,-0.5,1.5,300,har,always,bps,0.5165037844140112,0.2858321737863285,0.7582507220799061,0.0
LTCBTC,avoid_low,-0.5,1.5,300,har,always,usd,0.5679632836402865,0.33418637901129733,0.8300384693485129,0.0
LTCBTC,avoid_low,-0.5,1.5,300,har,seasonal,bps,0.47874848105369294,0.2464162510209918,0.7156865919812757,0.0
LTCBTC,avoid_low,-0.5,1.5,300,har,seasonal,usd,0.3481490179477945,0.18292772735653948,0.5210644798711037,0.0
LTCBTC,avoid_low,-0.5,1.5,300,trailing,always,bps,0.22580602198597444,0.027615058389516976,0.45257679014690194,0.011
LTCBTC,avoid_low,-0.5,1.5,300,trailing,always,usd,0.3744964222188161,0.18729011249399086,0.5819261075399171,0.0
LTCBTC,avoid_low,0.0,1.0,10,har,trailing,bps,0.021528848598878585,-0.039726548160599166,0.07754466700312637,0.218
LTCBTC,avoid_low,0.0,1.0,10,har,trailing,usd,0.017991829042853,-0.02122336823731296,0.05431608599535712,0.163
LTCBTC,avoid_low,0.0,1.0,10,har,always,bps,0.09817584038377945,0.03562644047166305,0.16529699420345842,0.002
LTCBTC,avoid_low,0.0,1.0,10,har,always,usd,0.02325701026830736,-0.03818040317269151,0.08730774950914162,0.248
LTCBTC,avoid_low,0.0,1.0,10,har,seasonal,bps,0.0599627174350921,-0.013634376093504612,0.14050061865137792,0.065
LTCBTC,avoid_low,0.0,1.0,10,har,seasonal,usd,0.03600112581371076,-0.017213533546041285,0.09153644929401529,0.092
LTCBTC,avoid_low,0.0,1.0,10,trailing,always,bps,0.07664699178490086,-0.008014934246443556,0.16173064045805724,0.037
LTCBTC,avoid_low,0.0,1.0,10,trailing,always,usd,0.005265181225454361,-0.06821265897595218,0.07800162943793487,0.463
LTCBTC,avoid_low,0.0,1.0,60,har,trailing,bps,0.08868823236508318,-0.0019863176936735106,0.17229475012436368,0.027
LTCBTC,avoid_low,0.0,1.0,60,har,trailing,usd,0.06421480154832872,0.002123647777011798,0.12092139699922405,0.022
LTCBTC,avoid_low,0.0,1.0,60,har,always,bps,0.15880159292957924,0.06619195178468344,0.2527994103184126,0.0
LTCBTC,avoid_low,0.0,1.0,60,har,always,usd,0.06312440449105426,-0.021834399957698675,0.16034151200080807,0.072
LTCBTC,avoid_low,0.0,1.0,60,har,seasonal,bps,0.1317437260857936,0.02205339340793387,0.24363857020544016,0.006
LTCBTC,avoid_low,0.0,1.0,60,har,seasonal,usd,0.08556450659150114,0.008407624339081375,0.1640610642110226,0.011
LTCBTC,avoid_low,0.0,1.0,60,trailing,always,bps,0.07011336056449607,-0.040193914914215895,0.1890374044575524,0.109
LTCBTC,avoid_low,0.0,1.0,60,trailing,always,usd,-0.0010903970572744607,-0.09629326389186882,0.10674004048748706,0.521
LTCBTC,avoid_low,0.0,1.0,300,har,trailing,bps,0.20361835700250427,0.014930493683900316,0.40279385653863153,0.017
LTCBTC,avoid_low,0.0,1.0,300,har,trailing,usd,0.1462478749244318,0.02494772984770015,0.2772785147922916,0.011
LTCBTC,avoid_low,0.0,1.0,300,har,always,bps,0.34326211722027006,0.18630919590645337,0.5008818415377838,0.0
LTCBTC,avoid_low,0.0,1.0,300,har,always,usd,0.14972638339537508,-0.0004533342313329702,0.3062559861728353,0.026
LTCBTC,avoid_low,0.0,1.0,300,har,seasonal,bps,0.2984705614862985,0.14096971851240542,0.4628283324235909,0.0
LTCBTC,avoid_low,0.0,1.0,300,har,seasonal,usd,0.19614523693305472,0.0847562020144108,0.30939864827291846,0.0
LTCBTC,avoid_low,0.0,1.0,300,trailing,always,bps,0.1396437602177658,-0.0021366425676134387,0.2981642645835869,0.027
LTCBTC,avoid_low,0.0,1.0,300,trailing,always,usd,0.0034785084709433012,-0.11646735624222357,0.13552611298743014,0.493
LTCBTC,avoid_low,0.0,1.5,10,har,trailing,bps,0.017561267122507468,-0.06425835363252672,0.09106153649988791,0.328
LTCBTC,avoid_low,0.0,1.5,10,har,trailing,usd,-0.006072233089182237,-0.08421040868542502,0.067271508500555,0.546
LTCBTC,avoid_low,0.0,1.5,10,har,always,bps,0.14878126429186309,0.06832632450898557,0.2355058702419251,0.0
LTCBTC,avoid_low,0.0,1.5,10,har,always,usd,0.5338511424988966,0.43698854040659385,0.6452016387314118,0.0
LTCBTC,avoid_low,0.0,1.5,10,har,seasonal,bps,0.1207764161295771,0.029087878982567553,0.21582643350727576,0.0
LTCBTC,avoid_low,0.0,1.5,10,har,seasonal,usd,0.12279766464633543,0.031224230222647538,0.22577343107420283,0.007
LTCBTC,avoid_low,0.0,1.5,10,trailing,always,bps,0.13121999716935562,0.025259731102366786,0.24369750005270796,0.007
LTCBTC,avoid_low,0.0,1.5,10,trailing,always,usd,0.5399233755880788,0.40628818441133063,0.6913451721265382,0.0
LTCBTC,avoid_low,0.0,1.5,60,har,trailing,bps,0.11825414746295565,-0.004386113987216314,0.23572265368814466,0.028
LTCBTC,avoid_low,0.0,1.5,60,har,trailing,usd,0.06323344215586957,-0.036013276848766124,0.16142323548851456,0.104
LTCBTC,avoid_low,0.0,1.5,60,har,always,bps,0.23971744070825277,0.10877583527447444,0.37908187622283424,0.001
LTCBTC,avoid_low,0.0,1.5,60,har,always,usd,0.5935993149431177,0.4415847193761282,0.7546353010610212,0.0
LTCBTC,avoid_low,0.0,1.5,60,har,seasonal,bps,0.22840689272710446,0.08725678095034041,0.37432583644048906,0.001
LTCBTC,avoid_low,0.0,1.5,60,har,seasonal,usd,0.19710855287330495,0.08024390815063091,0.33083333254236724,0.0
LTCBTC,avoid_low,0.0,1.5,60,trailing,always,bps,0.12146329324529712,-0.02733430651661397,0.286266999785549,0.054
LTCBTC,avoid_low,0.0,1.5,60,trailing,always,usd,0.5303658727872481,0.37179705663721563,0.7129547877021869,0.0
LTCBTC,avoid_low,0.0,1.5,300,har,trailing,bps,0.2906977624280372,0.018330488565287618,0.5781113747174649,0.019
LTCBTC,avoid_low,0.0,1.5,300,har,trailing,usd,0.18618142836090057,-0.0012618538867087959,0.3920630926618673,0.026
LTCBTC,avoid_low,0.0,1.5,300,har,always,bps,0.5165037844140111,0.2858321737863285,0.758250722079906,0.0
LTCBTC,avoid_low,0.0,1.5,300,har,always,usd,0.7237764288147538,0.48586534895188493,0.9914679812132663,0.0
LTCBTC,avoid_low,0.0,1.5,300,har,seasonal,bps,0.47874848105369294,0.24641625102099202,0.7156865919812757,0.0
LTCBTC,avoid_low,0.0,1.5,300,har,seasonal,usd,0.36258581804735157,0.19329925677842913,0.5485549715464616,0.0
LTCBTC,avoid_low,0.0,1.5,300,trailing,always,bps,0.22580602198597388,0.027615058389516875,0.4525767901469017,0.011
LTCBTC,avoid_low,0.0,1.5,300,trailing,always,usd,0.5375950004538531,0.3394397079775824,0.7508691691567652,0.0
LTCBTC,avoid_low,1.0,1.0,10,har,trailing,bps,0.021528848598878655,-0.03972654816059917,0.07754466700312614,0.218
LTCBTC,avoid_low,1.0,1.0,10,har,trailing,usd,0.003500690064479253,-0.04949181193446875,0.052601074053925174,0.429
LTCBTC,avoid_low,1.0,1.0,10,har,always,bps,0.09817584038377968,0.03562644047166295,0.1652969942034583,0.002
LTCBTC,avoid_low,1.0,1.0,10,har,always,usd,0.3348813611354795,0.2631711248532439,0.4156788586649283,0.0
LTCBTC,avoid_low,1.0,1.0,10,har,seasonal,bps,0.059962717435092065,-0.013634376093504546,0.14050061865137817,0.065
LTCBTC,avoid_low,1.0,1.0,10,har,seasonal,usd,0.06523755540623116,-0.0008017225059053041,0.1429068930678785,0.027
LTCBTC,avoid_low,1.0,1.0,10,trailing,always,bps,0.07664699178490102,-0.008014934246443487,0.16173064045805746,0.037
LTCBTC,avoid_low,1.0,1.0,10,trailing,always,usd,0.3313806710710003,0.23857056206878674,0.4384828198111921,0.0
LTCBTC,avoid_low,1.0,1.0,60,har,trailing,bps,0.08868823236508325,-0.0019863176936735123,0.17229475012436368,0.027
LTCBTC,avoid_low,1.0,1.0,60,har,trailing,usd,0.04972366256995491,-0.016039185345141396,0.11938601504438962,0.075
LTCBTC,avoid_low,1.0,1.0,60,har,always,bps,0.15880159292957924,0.06619195178468314,0.25279941031841263,0.0
LTCBTC,avoid_low,1.0,1.0,60,har,always,usd,0.3747487553582262,0.27528397924755293,0.48512735249470895,0.0
LTCBTC,avoid_low,1.0,1.0,60,har,seasonal,bps,0.1317437260857936,0.02205339340793387,0.2436385702054402,0.006
LTCBTC,avoid_low,1.0,1.0,60,har,seasonal,usd,0.11480093618402155,0.03097998596137993,0.21232438257604871,0.003
LTCBTC,avoid_low,1.0,1.0,60,trailing,always,bps,0.07011336056449599,-0.04019391491421602,0.1890374044575524,0.109
LTCBTC,avoid_low,1.0,1.0,60,trailing,always,usd,0.3250250927882713,0.21120279917168078,0.4514025969873094,0.0
LTCBTC,avoid_low,1.0,1.0,300,har,trailing,bps,0.20361835700250447,0.014930493683900382,0.40279385653863153,0.017
LTCBTC,avoid_low,1.0,1.0,300,har,trailing,usd,0.13167700880329175,-0.0017810969114775716,0.2725183817244477,0.026
LTCBTC,avoid_low,1.0,1.0,300,har,always,bps,0.3432621172202703,0.1863091959064533,0.5008818415377838,0.0
LTCBTC,avoid_low,1.0,1.0,300,har,always,usd,0.46135267374431,0.30591994853081017,0.6310826877412782,0.0
LTCBTC,avoid_low,1.0,1.0,300,har,seasonal,bps,0.29847056148629864,0.14096971851240536,0.4628283324235907,0.0
LTCBTC,avoid_low,1.0,1.0,300,har,seasonal,usd,0.22501883713216866,0.10632007837513922,0.35152977990896117,0.0
LTCBTC,avoid_low,1.0,1.0,300,trailing,always,bps,0.13964376021776578,-0.0021366425676133715,0.2981642645835869,0.027
LTCBTC,avoid_low,1.0,1.0,300,trailing,always,usd,0.32967566494101824,0.2012637092567304,0.4770434241483548,0.0
LTCBTC,avoid_low,1.0,1.5,10,har,trailing,bps,0.017561267122507468,-0.06425835363252672,0.09106153649988791,0.328
LTCBTC,avoid_low,1.0,1.5,10,har,trailing,usd,-0.02056337206755592,-0.11821055366375524,0.07765604638170523,0.648
LTCBTC,avoid_low,1.0,1.5,10,har,always,bps,0.14878126429186309,0.0683263245089858,0.23550587024192485,0.0
LTCBTC,avoid_low,1.0,1.5,10,har,always,usd,0.8454754933660688,0.7227673541217347,0.9863256718591646,0.0
LTCBTC,avoid_low,1.0,1.5,10,har,seasonal,bps,0.1207764161295771,0.029087878982567424,0.21582643350727526,0.0
LTCBTC,avoid_low,1.0,1.5,10,har,seasonal,usd,0.15203409423885603,0.024577467996541556,0.28681421016597763,0.011
LTCBTC,avoid_low,1.0,1.5,10,trailing,always,bps,0.13121999716935562,0.025259731102367067,0.24369750005270768,0.007
LTCBTC,avoid_low,1.0,1.5,10,trailing,always,usd,0.8660388654336246,0.6909409887475626,1.0607723905366062,0.0
LTCBTC,avoid_low,1.0,1.5,60,har,trailing,bps,0.11825414746295579,-0.004386113987216562,0.2357226536881444,0.028
LTCBTC,avoid_low,1.0,1.5,60,har,trailing,usd,0.04874230317749589,-0.06932712136407504,0.16608328794196442,0.213
LTCBTC,avoid_low,1.0,1.5,60,har,always,bps,0.23971744070825318,0.10877583527447446,0.37908187622283535,0.001
LTCBTC,avoid_low,1.0,1.5,60,har,always,usd,0.9052236658102898,0.7322654060964904,1.086701457275131,0.0
LTCBTC,avoid_low,1.0,1.5,60,har,seasonal,bps,0.22840689272710432,0.08725678095034015,0.3743258364404892,0.001
LTCBTC,avoid_low,1.0,1.5,60,har,seasonal,usd,0.22634498246582527,0.07683036595910456,0.3936010238849374,0.0
LTCBTC,avoid_low,1.0,1.5,60,trailing,always,bps,0.1214632932452974,-0.02733430651661423,0.286266999785549,0.054
LTCBTC,avoid_low,1.0,1.5,60,trailing,always,usd,0.856481362632794,0.6649641838697827,1.074172782896769,0.0
LTCBTC,avoid_low,1.0,1.5,300,har,trailing,bps,0.29069776242803735,0.018330488565287347,0.5781113747174649,0.019
LTCBTC,avoid_low,1.0,1.5,300,har,trailing,usd,0.17161056223976048,-0.03165028066721095,0.3962031274108146,0.045
LTCBTC,avoid_low,1.0,1.5,300,har,always,bps,0.5165037844140113,0.2858321737863282,0.7582507220799057,0.0
LTCBTC,avoid_low,1.0,1.5,300,har,always,usd,1.0354027191636888,0.7760862161262126,1.322096356422895,0.0
LTCBTC,avoid_low,1.0,1.5,300,har,seasonal,bps,0.4787484810536932,0.24641625102099252,0.7156865919812757,0.0
LTCBTC,avoid_low,1.0,1.5,300,har,seasonal,usd,0.3914594182464657,0.2041583633955523,0.6055394786270374,0.0
LTCBTC,avoid_low,1.0,1.5,300,trailing,always,bps,0.22580602198597402,0.027615058389516757,0.4525767901469018,0.011
LTCBTC,avoid_low,1.0,1.5,300,trailing,always,usd,0.8637921569239283,0.6423717872435708,1.1040292186546514,0.0
