symbol,estimator,bar_sec,window_sec,split,group,n_windows,median_lambda,iqr_lambda,frac_negative,split_half_r,reliability_sb,reliability_spearman_sb,reliability_noise,rel_noise
BTCUSDT,kyle_usd,1,60,all,all,846148,47.280845684827554,110.96934727263553,0.20286758344875838,0.16531995500925079,0.2837331572305194,0.25937750832010653,-0.06470589913871638,3.295295862749927
BTCUSDT,kyle_usd,1,60,vol_regime,high_vol,281999,56.30239092571886,122.62587907925159,0.16946159383543913,0.17753228374765984,0.3015327667834953,0.2760830888521647,-0.0437782049128963,2.918617482906734
BTCUSDT,kyle_usd,1,60,vol_regime,low_vol,282856,40.86798276744553,110.95017321899935,0.24821817461888734,0.14687771347722106,0.25613491613138456,0.23998607051659568,-0.13080228781930003,3.9938036648391506
BTCUSDT,kyle_usd,1,60,vol_regime,mid_vol,281293,45.08815200361981,99.83492972197155,0.19075483570511886,0.1598886141507978,0.2756964974052424,0.24167953990534047,-0.05340523861965174,3.094257699180954
BTCUSDT,kyle_usd,1,60,session,asia,280573,48.05456993291269,115.93231224897438,0.21285369582960584,0.16971340336192603,0.29017946254893734,0.25935065802930535,-0.07268482101161111,3.441207785677553
BTCUSDT,kyle_usd,1,60,session,europe,176179,44.57798060937057,101.35305404364286,0.19404696359952095,0.16193206194157816,0.27872896745957954,0.25686538007213205,-0.05163907113424049,3.0609263162269778
BTCUSDT,kyle_usd,1,60,session,us,389396,48.024411805166146,111.9375228396005,0.19966306793084676,0.1638540742111975,0.28157150942183135,0.26020600207947664,-0.06868491085626505,3.286716436556587
BTCUSDT,kyle_usd,1,60,period,2018,385839,57.10032825687628,148.35773298898658,0.21316403992338773,0.18420686782074194,0.3111058934487214,0.3006510632178627,-0.12230952384849503,3.637514963712546
BTCUSDT,kyle_usd,1,60,period,2019,460309,41.93242221920445,88.18726577580905,0.19423691476812316,0.09563317407384841,0.17457151962323203,0.19838547330396483,-0.09964309902411683,2.7574849490335995
BTCUSDT,sqrt_usd,1,60,all,all,846148,0.004087511850182135,0.007786411718601944,0.20067056826938076,0.29044501514402454,0.4501470604876697,0.39083901515527475,0.38656943003222743,1.6465208467440633
BTCUSDT,sqrt_usd,1,60,vol_regime,high_vol,281999,0.005552540931666392,0.00981020030386906,0.16625945482076177,0.29256337660637133,0.4526870897030941,0.3976008102237441,0.388477247506392,1.475681257447486
BTCUSDT,sqrt_usd,1,60,vol_regime,low_vol,282856,0.0030263584287588624,0.006733981078767559,0.24933181548208275,0.24862045576945593,0.39823223241404426,0.3646936892364457,0.32927292413887144,1.9088952752839934
BTCUSDT,sqrt_usd,1,60,vol_regime,mid_vol,281293,0.004008591451570956,0.006975599253205552,0.18623641541026617,0.27272098685635243,0.4285636674067566,0.3618826204277638,0.3653407261174699,1.5089527763524384
BTCUSDT,sqrt_usd,1,60,session,asia,280573,0.004050290393783819,0.007980941098867161,0.20863376019788077,0.2967653593273156,0.45770093593687566,0.39386264885159905,0.3870074609899893,1.713403636254413
BTCUSDT,sqrt_usd,1,60,session,europe,176179,0.003942633778775224,0.007365224339068887,0.19297986706701706,0.28924570437671965,0.4487053218712166,0.3878570267626453,0.3933200054128604,1.5878613989248866
BTCUSDT,sqrt_usd,1,60,session,us,389396,0.004182921119446117,0.007836557052444178,0.19841241307049892,0.28666411046643975,0.4455927668061226,0.3895811276397399,0.38308101658908356,1.623890987749587
BTCUSDT,sqrt_usd,1,60,period,2018,385839,0.005607718079295428,0.01150946472276014,0.20264669978929034,0.2993643780011307,0.4607858781870811,0.4319156230235141,0.3820281946183748,1.6051714774543584
BTCUSDT,sqrt_usd,1,60,period,2019,460309,0.0033872791921895308,0.005773874596154861,0.19901414050127197,0.16940620970839457,0.28973030637598207,0.30553426852167653,0.2402457717525186,1.3609807180999485
BTCUSDT,count,1,60,all,all,846145,0.09756640048317497,0.2248490817721946,0.24842786992773105,0.4010594495318197,0.5725088248979561,0.4871409748025815,0.5494719919140931,1.7038464441700398
BTCUSDT,count,1,60,vol_regime,high_vol,281997,0.1259640950074838,0.3000382150224824,0.24433593265176579,0.377074548698602,0.5476458032790666,0.4664261152012813,0.523960300728185,1.752100495995978
BTCUSDT,count,1,60,vol_regime,low_vol,282856,0.0733673821794634,0.1815792890435419,0.27305413355205477,0.4402515776453785,0.6113537169181675,0.5304435802381031,0.5894868356939122,1.6298123846583883
BTCUSDT,count,1,60,vol_regime,mid_vol,281292,0.1034061674343629,0.21101475870199946,0.22776687570211737,0.3795742937369912,0.550277423202487,0.4653898539924737,0.5270773526712562,1.4343440752792977
BTCUSDT,count,1,60,session,asia,280572,0.09936000021250609,0.22919494689857378,0.24753360991118145,0.40739575889515095,0.5789356068757365,0.49073258157473193,0.555110605108569,1.7176291732070066
BTCUSDT,count,1,60,session,europe,176179,0.09514060824200746,0.2155517744381566,0.24434807780723014,0.3941511221179804,0.5654352901415594,0.48300391230328543,0.5452793522360742,1.6733088730107553
BTCUSDT,count,1,60,session,us,389394,0.09744422772415587,0.2260195023103924,0.2509180932423201,0.39903756862862383,0.570445823009273,0.4863634895303681,0.546458395014607,1.705880956900667
BTCUSDT,count,1,60,period,2018,385836,0.1443065050786964,0.3563984011000828,0.2561943416373796,0.41372728766758793,0.5852999956592312,0.5453865415349249,0.56049509532285,1.5814643598671185
BTCUSDT,count,1,60,period,2019,460309,0.0783077590155409,0.1612110626304953,0.24191792904331655,0.23491338333429274,0.380453214783407,0.380602600541648,0.3646453346779357,1.332298993141844
BTCUSDT,kyle_usd,1,300,all,all,169234,44.224218851672276,58.669762449799904,0.05354125057612537,0.2703171246564343,0.4255899875860421,0.4009512119791844,0.3531241915089416,1.046034748698534
BTCUSDT,kyle_usd,1,300,vol_regime,high_vol,56401,51.5556797963007,64.56200066446743,0.037871668942040033,0.28972972439451683,0.44928750406296925,0.42383234521184243,0.3830196933588492,0.9393531301781932
BTCUSDT,kyle_usd,1,300,vol_regime,low_vol,56575,40.52170102613074,59.22887571407009,0.07662395050817498,0.23344247992481348,0.37852187471124454,0.36176995625857233,0.2893666309235984,1.2081280177120381
BTCUSDT,kyle_usd,1,300,vol_regime,mid_vol,56258,40.9954554169004,51.95785777413195,0.0460378968324505,0.2700929723111484,0.42531212785103234,0.3899665298939377,0.3641128883543109,1.0035102041956923
BTCUSDT,kyle_usd,1,300,session,asia,56116,45.27465734809056,61.12229179742573,0.0592166227101005,0.2684521029877849,0.42327511201322837,0.3994695484391246,0.34585412841684493,1.0654187326678997
BTCUSDT,kyle_usd,1,300,session,europe,35238,41.70246123751784,53.69211472870337,0.04923661955843124,0.2780056297668835,0.43506166685289727,0.4075664158237924,0.366342531539146,0.9863109736744177
BTCUSDT,kyle_usd,1,300,session,us,77880,44.652811031354695,59.256478746380786,0.051399589111453516,0.2672623841323886,0.42179486660193993,0.3980337273905829,0.35008157462082634,1.0559454799795327
BTCUSDT,kyle_usd,1,300,period,2018,77171,52.33184098881652,72.57777681292639,0.06340464682328854,0.26890582784256223,0.4238389042625256,0.4131527214822504,0.33975238252845974,1.056359372310792
BTCUSDT,kyle_usd,1,300,period,2019,92063,39.26314411747255,48.16952073309588,0.04527334542650142,0.23537835588477377,0.3810627809100583,0.3669718490959408,0.3289370579661207,0.9686905252915234
BTCUSDT,sqrt_usd,1,300,all,all,169234,0.004370437717439607,0.0046287669108340075,0.057512083860217215,0.4289275802885364,0.6003489416894383,0.5603633106589095,0.5911490528780213,0.6375624568471654
BTCUSDT,sqrt_usd,1,300,vol_regime,high_vol,56401,0.005920363730347426,0.005880312424749613,0.03726884275101505,0.41818201738865374,0.5897437878371443,0.5596257172152698,0.5788993983346695,0.5690613779295249
BTCUSDT,sqrt_usd,1,300,vol_regime,low_vol,56575,0.003407766564944893,0.003775921320166924,0.08800707026071586,0.35577315485870536,0.5248269647229931,0.49655635378441554,0.5216472403163477,0.7147635757622466
BTCUSDT,sqrt_usd,1,300,vol_regime,mid_vol,56258,0.004210562735512069,0.003922992714113975,0.047139962316470545,0.38767110861625503,0.5587362973966206,0.5126046978791764,0.556861630910973,0.586320101114399
BTCUSDT,sqrt_usd,1,300,session,asia,56116,0.004342492147694903,0.0047499546226278215,0.06254900563119253,0.43531881194520367,0.6065813508780555,0.5658196252603681,0.5953514433281146,0.6564037087120566
BTCUSDT,sqrt_usd,1,300,session,europe,35238,0.0042026330359316855,0.0043515885244502835,0.05201770815596799,0.4320242735690487,0.603375629230516,0.5570740623114722,0.5998337646326639,0.621114813517263
BTCUSDT,sqrt_usd,1,300,session,us,77880,0.004474239966090216,0.004672572327803893,0.056368772470467385,0.4224406409707198,0.5939659326415654,0.5569438821058836,0.584473162658323,0.6295176923135269
BTCUSDT,sqrt_usd,1,300,period,2018,77171,0.005952431862671098,0.006408396065016267,0.05940055202083684,0.41121000589614193,0.582776488514219,0.5641151338313363,0.5723955813737751,0.5995732718023349
BTCUSDT,sqrt_usd,1,300,period,2019,92063,0.003626711800388658,0.003286185274581803,0.05592909203480226,0.30204441670322796,0.4639540907029937,0.4713948888805671,0.46705176021076844,0.5513851920202649
BTCUSDT,count,1,300,all,all,169234,0.10339195380003328,0.13459235697859187,0.10237895458359432,0.5234115604111809,0.6871571333880491,0.6286154508578511,0.6837315833199082,0.7085347407941139
BTCUSDT,count,1,300,vol_regime,high_vol,56401,0.13144408903123947,0.1797568087856816,0.09985638552507935,0.4864473056487322,0.6545099900953856,0.6044998481281595,0.6495127085429744,0.7332134548253192
BTCUSDT,count,1,300,vol_regime,low_vol,56575,0.08066347619412956,0.10375367087757308,0.12268669907202828,0.5566806634181408,0.7152149782548054,0.6398916775476505,0.7128444389953306,0.6702894557966822
BTCUSDT,count,1,300,vol_regime,mid_vol,56258,0.10874572017848852,0.12476249696903124,0.08448576202495645,0.5043330375467387,0.6705071615912968,0.6151931290077449,0.6676723837900869,0.5996756604321196
BTCUSDT,count,1,300,session,asia,56116,0.10531669161034765,0.13706780172059374,0.10009622923943261,0.5323335200288067,0.6948011161679728,0.63180332179706,0.6909683395126698,0.715192095331589
BTCUSDT,count,1,300,session,europe,35238,0.10025958915460427,0.12882420547895185,0.09699755945286338,0.5049417937578469,0.6710449478541024,0.6127268397560225,0.6672398101550057,0.7036785172530793
BTCUSDT,count,1,300,session,us,77880,0.1035436185578287,0.13565828722624781,0.10645865434001027,0.5240494482590698,0.6877066211436833,0.6330328205426774,0.6850310296834832,0.7044438650616727
BTCUSDT,count,1,300,period,2018,77171,0.15138329945804774,0.20205878674487657,0.1108965803216234,0.5123940552127038,0.6775933209293664,0.6502169502534099,0.6726898938165196,0.6448259846497374
BTCUSDT,count,1,300,period,2019,92063,0.08328677273459029,0.09260635033948739,0.09523912972638301,0.37239616277795723,0.5426948469808683,0.5351299664127662,0.5460988596699623,0.5812123782640061
BTCUSDT,kyle_usd,1,900,all,all,56406,40.562070805166556,41.97910312093855,0.012693685068964294,0.3790144214503651,0.5496888437928595,0.5359036927806339,0.5333779863282033,0.614725010001562
BTCUSDT,kyle_usd,1,900,vol_regime,high_vol,18798,47.77618507634915,44.889354194014274,0.00744760080859666,0.378824006689235,0.5494885566996309,0.5351939654563509,0.5315913291727388,0.5556171561134893
BTCUSDT,kyle_usd,1,900,vol_regime,low_vol,18856,37.11213445686042,42.207240699595836,0.02078913873568095,0.3498420686370342,0.5183451853597623,0.5085590127778307,0.49865566886540114,0.7015015516869199
BTCUSDT,kyle_usd,1,900,vol_regime,mid_vol,18752,37.22246707012906,37.13867419929307,0.009812286689419795,0.3798170357453655,0.5505324632264619,0.5234639214160554,0.5355773012697004,0.5916911889154064
BTCUSDT,kyle_usd,1,900,session,asia,18702,41.36562052363405,43.89006956450821,0.015185541653299113,0.35820512100289786,0.5274683705188793,0.5279135657215633,0.5050137179245368,0.6332365882576552
BTCUSDT,kyle_usd,1,900,session,europe,11746,38.024535001539945,39.38991670272906,0.012089221862761792,0.38693932891497573,0.5579758549606989,0.5425660167012516,0.5438991739137797,0.5896171501353323
BTCUSDT,kyle_usd,1,900,session,us,25958,41.20564983627992,41.79747465896011,0.011171893058016797,0.3892887420431796,0.560414448433039,0.5369935387256607,0.5443529189496961,0.610574296910892
BTCUSDT,kyle_usd,1,900,period,2018,25721,47.66523322558395,47.018484895387765,0.015784767310757748,0.3385776698182911,0.5058767637506641,0.4869057310529603,0.4815596040072532,0.6080380904806787
BTCUSDT,kyle_usd,1,900,period,2019,30685,35.54442914804599,36.12707001208758,0.010102656020857097,0.3946697508903734,0.5659687544501653,0.5511253785766111,0.5564811596313493,0.5950593968053407
BTCUSDT,sqrt_usd,1,900,all,all,56406,0.00443350235200211,0.0035409773855455415,0.015069318866787222,0.5428954875571551,0.703735919814911,0.6794822537197132,0.7040445936404925,0.3762321230812518
BTCUSDT,sqrt_usd,1,900,vol_regime,high_vol,18798,0.006070330159177446,0.004386736953302411,0.007128417916799659,0.5192196634460334,0.6835346802559042,0.6705584957280258,0.6824296431163703,0.33005949630684206
BTCUSDT,sqrt_usd,1,900,vol_regime,low_vol,18856,0.003484533829063592,0.0026980941181626926,0.027047093763258378,0.4252012058479309,0.5966893714420558,0.5831386826288428,0.6024085880618407,0.42372727676611444
BTCUSDT,sqrt_usd,1,900,vol_regime,mid_vol,18752,0.004215896233069895,0.002861982970271029,0.010985494880546075,0.47555737976915335,0.6445799889443173,0.6169970159417646,0.649421737858883,0.34703555876820136
BTCUSDT,sqrt_usd,1,900,session,asia,18702,0.0044002674642907875,0.003658074768023442,0.01668270773179339,0.5452285964363849,0.7056931222911538,0.6853933780677338,0.7037222281000679,0.39034215371941877
BTCUSDT,sqrt_usd,1,900,session,europe,11746,0.004233897226349696,0.0033256729584211883,0.012600034054146092,0.5539532360020293,0.7129599825374743,0.6829757475699171,0.7146336008602812,0.3694626421652409
BTCUSDT,sqrt_usd,1,900,session,us,25958,0.0045512228690991535,0.0035509319633916852,0.015024269974574312,0.5354506212132117,0.6974507858678438,0.6722219084915176,0.6976233975917148,0.36937150806509433
BTCUSDT,sqrt_usd,1,900,period,2018,25721,0.005985337310817401,0.004419346864324785,0.015240464989697135,0.4909989102159837,0.6586173965007907,0.6429461691185763,0.6559963931672629,0.35181806426670176
BTCUSDT,sqrt_usd,1,900,period,2019,30685,0.0036443391583621,0.002433484704848613,0.014925859540492097,0.41802866455561843,0.5895912755566478,0.5951038412086622,0.5991562527820846,0.3367585204194347
BTCUSDT,count,1,900,all,all,56406,0.1049090674430512,0.10293087653009908,0.034677162004042125,0.6211122487954894,0.766279138606207,0.7302615566290197,0.7664876712554917,0.42477637890578346
BTCUSDT,count,1,900,vol_regime,high_vol,18798,0.13295122684900146,0.13525360146342402,0.03505692094903713,0.5837077504548558,0.7371407386081295,0.711745567154066,0.7366045718890598,0.44085183575907777
BTCUSDT,count,1,900,vol_regime,low_vol,18856,0.08260719454273757,0.07367598943539633,0.04311624946966483,0.6241267816885208,0.7685690411922749,0.7054400032062447,0.7683575347555227,0.40223366965327867
BTCUSDT,count,1,900,vol_regime,mid_vol,18752,0.1102061652559114,0.09485872464617984,0.025810580204778156,0.6041310585094641,0.7532190780855701,0.7244185631343242,0.7528191961531062,0.3612770887492532
BTCUSDT,count,1,900,session,asia,18702,0.10697320890840127,0.10522030872569714,0.03315153459523046,0.6305257311648774,0.7734017551681546,0.7400869827088608,0.7720049126035996,0.42578388699414377
BTCUSDT,count,1,900,session,europe,11746,0.10073976402587549,0.09747056434223964,0.031159543674442364,0.6018071598285462,0.7514102507732108,0.7158454764255111,0.7515298127465097,0.42842959642388617
BTCUSDT,count,1,900,session,us,25958,0.10533838234536791,0.10434721090748877,0.03736805609060791,0.621205497841889,0.7663501001801725,0.7290398345743834,0.7672332913708754,0.42267717016421996
BTCUSDT,count,1,900,period,2018,25721,0.15269420129994668,0.14097127640050405,0.039228645853582676,0.5813890765594486,0.7352891014327082,0.718030538724247,0.7345319129586634,0.38551535453654207
BTCUSDT,count,1,900,period,2019,30685,0.08455764692838821,0.0669004071335656,0.030861984683069905,0.49334221298407943,0.6607222493205434,0.6498035948171181,0.6653209927314438,0.3528022652449751
BTCUSDT,kyle_usd,1,3600,all,all,14098,36.70342985459449,30.70925128203088,0.0024116896013618955,0.5294991245111977,0.692382383259509,0.6987183367223394,0.6930041610299468,0.37268902087338157
BTCUSDT,kyle_usd,1,3600,vol_regime,high_vol,4698,43.83724285145508,31.681834617264368,0.001277139208173691,0.5012088095416021,0.6677402988257809,0.6642541146569658,0.6662622402705005,0.34189487911988664
BTCUSDT,kyle_usd,1,3600,vol_regime,low_vol,4713,32.88495803606898,30.650502061824763,0.0038192234245703373,0.5050590660596253,0.6711484983535079,0.6782322494765285,0.6720175787202048,0.4324835164628758
BTCUSDT,kyle_usd,1,3600,vol_regime,mid_vol,4687,33.33705284221651,26.267609443499346,0.002133560913164071,0.5408273268805766,0.7019960218066589,0.7022751361196782,0.7052584348010087,0.3517012444782735
BTCUSDT,kyle_usd,1,3600,session,asia,4674,37.16901103960894,32.021999649476335,0.0036371416345742404,0.5229056405259809,0.6867209978227933,0.6980473321160089,0.6877967783748424,0.3827579770614282
BTCUSDT,kyle_usd,1,3600,session,europe,2936,34.680652197780816,28.73513150824282,0.0023841961852861036,0.5222986783424355,0.6861973747637273,0.6978311233362577,0.6890945356943163,0.36320089950491413
BTCUSDT,kyle_usd,1,3600,session,us,6488,37.177127329434796,30.74226121201059,0.0015413070283600493,0.5331377283652549,0.695485759043613,0.6980087680506982,0.6957858628721667,0.37085289636968294
BTCUSDT,kyle_usd,1,3600,period,2018,6428,42.8545673703353,30.903277011148987,0.0020224019912881146,0.4428815725669091,0.6138848551222618,0.5854796831254215,0.6133240269605917,0.3609735722575949
BTCUSDT,kyle_usd,1,3600,period,2019,7670,31.37567446850852,28.34754534227897,0.0027379400260756194,0.5784477519970874,0.7329324030715902,0.7474972208252327,0.7374431967718829,0.38196901290967056
BTCUSDT,sqrt_usd,1,3600,all,all,14098,0.004473116568888958,0.002768938634981821,0.001773301177471982,0.6976428592980873,0.8218959075839272,0.80877543039145,0.8238617139851527,0.21163398179914594
BTCUSDT,sqrt_usd,1,3600,vol_regime,high_vol,4698,0.006230883641998068,0.0033850896378527506,0.0008514261387824606,0.6552297785257981,0.7917085434620047,0.7957998851197855,0.7944673346543605,0.18578683202815185
BTCUSDT,sqrt_usd,1,3600,vol_regime,low_vol,4713,0.00359285145618155,0.001859965878242613,0.002758328028856355,0.522048285676903,0.6859812406604849,0.6829434940648138,0.6974094614896746,0.23063531239604748
BTCUSDT,sqrt_usd,1,3600,vol_regime,mid_vol,4687,0.004299551805157519,0.002008398861716552,0.0017068487305312568,0.5986148717299518,0.7489169309205246,0.7378036325446693,0.7530085342137867,0.1902026675481169
BTCUSDT,sqrt_usd,1,3600,session,asia,4674,0.00442123534941764,0.0027906446891868865,0.002139495079161318,0.6912700533868257,0.8174567414618782,0.8118040964054355,0.8188367826978762,0.22358800003100815
BTCUSDT,sqrt_usd,1,3600,session,europe,2936,0.004313368876976207,0.0026193309339261326,0.0010217983651226157,0.7133975764810366,0.8327285929121101,0.8162640661041004,0.8338749441511722,0.20382530659579276
BTCUSDT,sqrt_usd,1,3600,session,us,6488,0.0045905022226657745,0.00274605529435525,0.0018495684340320592,0.6936716511755879,0.819133567824798,0.801735237340006,0.8223546717716959,0.20640061392486872
BTCUSDT,sqrt_usd,1,3600,period,2018,6428,0.005910427732985477,0.0030987355229988734,0.0012445550715619166,0.607975878507475,0.7562002473218677,0.7473194923743307,0.7582144711764073,0.19846920165644688
BTCUSDT,sqrt_usd,1,3600,period,2019,7670,0.0036836682742328363,0.0017747731489968065,0.002216427640156454,0.58054986634919,0.7346175893711783,0.7359914719534164,0.7447656992426754,0.19193903061017062
BTCUSDT,count,1,3600,all,all,14098,0.10592406552181893,0.08061941555707805,0.005603631720811463,0.7452481808613436,0.8540311790997387,0.836699249938125,0.8560122805558914,0.2400454763265594
BTCUSDT,count,1,3600,vol_regime,high_vol,4698,0.1336415447882976,0.10784343678336769,0.010855683269476373,0.7179823559069236,0.8358436900568754,0.8320826583949352,0.8374047578283199,0.25432102749571084
BTCUSDT,count,1,3600,vol_regime,low_vol,4713,0.0859712418707841,0.048053495343348226,0.002758328028856355,0.7095879088414607,0.8301274303259765,0.772305678597274,0.829527829254793,0.21296569434481066
BTCUSDT,count,1,3600,vol_regime,mid_vol,4687,0.1135250377310868,0.07467477927488084,0.0032003413697461063,0.7280719408965186,0.8426407763079552,0.837488531726316,0.8440414680878974,0.20071078512304802
BTCUSDT,count,1,3600,session,asia,4674,0.10758381243338769,0.08140258563567249,0.004920838682071031,0.7439521482577428,0.8531795427999237,0.8412787768337933,0.8538043880291885,0.2450886010513999
BTCUSDT,count,1,3600,session,europe,2936,0.10126284133636332,0.07575243377198579,0.006811989100817439,0.7415036193807357,0.8515671298396821,0.8302749446889666,0.8556538799823212,0.23760397166755456
BTCUSDT,count,1,3600,session,us,6488,0.10694699818705215,0.0814738562263056,0.005548705302096177,0.7470268640175131,0.8551979129841526,0.8358923011031442,0.8574673814110132,0.23711768258656452
BTCUSDT,count,1,3600,period,2018,6428,0.15225184849379653,0.09679661370142661,0.007778469197261979,0.6908005271077365,0.817128355512654,0.8075329617809356,0.8175271756693532,0.21709577738163047
BTCUSDT,count,1,3600,period,2019,7670,0.0867460986668884,0.045099891978819834,0.0037809647979139506,0.6158349745323424,0.762249838923778,0.7498572056931248,0.7689836862798106,0.19688094265968925
BTCUSDT,kyle_usd,1,14400,all,all,3516,33.46019025826537,24.98369892143485,0.0002844141069397042,0.6764007489450541,0.8069678439009381,0.8185183614432774,0.8087386913207426,0.2514198225672741
BTCUSDT,kyle_usd,1,14400,vol_regime,high_vol,1177,40.743724533082656,25.98336588713763,0.0008496176720475786,0.6508452822294315,0.7884994302439763,0.7834369245356135,0.7874603501869168,0.2304143162689769
BTCUSDT,kyle_usd,1,14400,vol_regime,low_vol,1166,29.378997275577593,23.921129303620365,0.0,0.6655485024552777,0.7991943812793871,0.8107095712116907,0.8011010496848393,0.28182990708950567
BTCUSDT,kyle_usd,1,14400,vol_regime,mid_vol,1173,30.36861133158478,21.053241069704193,0.0,0.6621334190343575,0.7967271597475422,0.8068187394471196,0.7956948929182204,0.24745145139556227
BTCUSDT,kyle_usd,1,14400,session,asia,1165,32.89397200739598,25.722536832027256,0.0008583690987124463,0.636329217886699,0.7777520696092087,0.7990494895525112,0.7775764640379463,0.2825736883595689
BTCUSDT,kyle_usd,1,14400,session,europe,1172,31.636248800881475,22.652649345588657,0.0,0.6994003099219559,0.8231142548798,0.8311310491647039,0.82152256620595,0.23051917263657273
BTCUSDT,kyle_usd,1,14400,session,us,1179,36.105041367272875,26.302977305283207,0.0,0.6875563822152907,0.8148544125236526,0.8199015792163052,0.8172401720447047,0.23709636149538066
BTCUSDT,kyle_usd,1,14400,period,2018,1604,38.82134851238948,22.81321459171933,0.0006234413965087282,0.5843880542968599,0.7376829845592431,0.7013235783597074,0.7401370761411259,0.24236522340729613
BTCUSDT,kyle_usd,1,14400,period,2019,1912,27.79497598095301,24.372913630312777,0.0,0.7217181094837165,0.838369655878377,0.8572576694087229,0.8417358327940021,0.26709420240909143
BTCUSDT,sqrt_usd,1,14400,all,all,3516,0.004394154296650752,0.0023768149935061824,0.0,0.8296682932792562,0.9069056903120599,0.9030368969624024,0.908086488619427,0.13229018816948493
BTCUSDT,sqrt_usd,1,14400,vol_regime,high_vol,1177,0.0060972326117705485,0.002894607749255421,0.0,0.7761915427615156,0.8739953142156501,0.8796996150201906,0.8747177078066118,0.12218858350712655
BTCUSDT,sqrt_usd,1,14400,vol_regime,low_vol,1166,0.003536981725797926,0.0015251087169975666,0.0,0.7080682854843812,0.8290866255192886,0.828241762573328,0.8320036434525366,0.1351704152294944
BTCUSDT,sqrt_usd,1,14400,vol_regime,mid_vol,1173,0.004289882563557145,0.001741675812477262,0.0,0.7526495190146221,0.8588705395449263,0.8581748088303395,0.8630204712229531,0.114533295898963
BTCUSDT,sqrt_usd,1,14400,session,asia,1165,0.00434554787281497,0.002453075881669526,0.0,0.8209477114608813,0.901670823707798,0.9001380209941319,0.9027227096517995,0.14189145819136126
BTCUSDT,sqrt_usd,1,14400,session,europe,1172,0.0042243717347553306,0.0023040147792039636,0.0,0.8308618927299768,0.9076183146628153,0.9067127468358471,0.9073306354398057,0.12838433092731885
BTCUSDT,sqrt_usd,1,14400,session,us,1179,0.0046221595754029855,0.0023420067363469944,0.0,0.8309724671919596,0.9076842848067144,0.8994824158750545,0.9096548837982792,0.12764000805466405
BTCUSDT,sqrt_usd,1,14400,period,2018,1604,0.0057249147333436785,0.0025596298478273802,0.0,0.7534394016566874,0.8593845911581793,0.8509121647731598,0.8609386067035292,0.12297661531338001
BTCUSDT,sqrt_usd,1,14400,period,2019,1912,0.0035931118948919517,0.0015188178221181656,0.0,0.738594986791048,0.8496458259715615,0.8536257581425534,0.8541738975104847,0.12124265388058522
BTCUSDT,count,1,14400,all,all,3516,0.10349339434440569,0.069929805501001,0.001422070534698521,0.8259467160755475,0.9046777858345506,0.9066240544345567,0.9054131719998179,0.16494869594820227
BTCUSDT,count,1,14400,vol_regime,high_vol,1177,0.12448253404429084,0.08822508651577092,0.002548853016142736,0.7869626608313601,0.8807824338816754,0.8913418100691144,0.8819176680752815,0.19218961579292448
BTCUSDT,count,1,14400,vol_regime,low_vol,1166,0.08474430668480964,0.04002793925815856,0.0,0.8399404291798196,0.9130082864196156,0.880165881720082,0.9120776873677384,0.12638825077976673
BTCUSDT,count,1,14400,vol_regime,mid_vol,1173,0.11239271660471652,0.06827814912738768,0.0017050298380221654,0.8255156670040182,0.9044191533659417,0.9088571122131182,0.9060665633655248,0.13525070938677178
BTCUSDT,count,1,14400,session,asia,1165,0.10716426825238005,0.07222074114312314,0.0017167381974248926,0.8204875025347698,0.9013931723149515,0.9084923307303583,0.8995593262777806,0.16997005323259917
BTCUSDT,count,1,14400,session,europe,1172,0.09671009112183554,0.06448934449248533,0.0017064846416382253,0.8243700664762198,0.9037311909732162,0.8990756506659886,0.9067758541907434,0.15965478086930512
BTCUSDT,count,1,14400,session,us,1179,0.10785998291330312,0.07259289839649294,0.0008481764206955047,0.8278697150570572,0.9058301127673261,0.9093182640186618,0.9061916765052803,0.16293450108546417
BTCUSDT,count,1,14400,period,2018,1604,0.14156771307432722,0.07573378192887115,0.0024937655860349127,0.7976267079747411,0.8874219596718951,0.8844981491548551,0.8883050915947691,0.1498254858761538
BTCUSDT,count,1,14400,period,2019,1912,0.08498279002402279,0.037790053548702365,0.0005230125523012552,0.737124621035692,0.8486721241636775,0.8517847175998842,0.8564851355952598,0.134601807557633
BTCUSDT,kyle_usd,1,86400,all,all,584,31.207231856618733,21.279274915287342,0.0,0.8700473017596587,0.93050833627681,0.936570274435503,0.9318453188530561,0.1364037062438188
BTCUSDT,kyle_usd,1,86400,period,2018,266,35.137779549169224,18.318640694517057,0.0,0.8222846200339275,0.902476606556245,0.8710055683147021,0.9009725891217107,0.13446393458111372
BTCUSDT,kyle_usd,1,86400,period,2019,318,25.603254743150966,22.760304685803987,0.0,0.879041968311688,0.9356278179369286,0.949995523349796,0.9375593379844885,0.15455467778196622
BTCUSDT,sqrt_usd,1,86400,all,all,584,0.004344124747847752,0.0021439586059228415,0.0,0.9095109131334713,0.952611380095211,0.9555003576077842,0.9536419110966553,0.08356990820788858
BTCUSDT,sqrt_usd,1,86400,period,2018,266,0.0055927325042512185,0.0022152439890719237,0.0,0.8743943783522796,0.9329886905880841,0.9351242644769838,0.9334263622901492,0.07052807686279958
BTCUSDT,sqrt_usd,1,86400,period,2019,318,0.003554257104383807,0.0012602666790111133,0.0,0.8160836035145435,0.898729113500317,0.9220108007115997,0.9040408842765916,0.08464994501151189
BTCUSDT,count,1,86400,all,all,584,0.10146020034182507,0.058388948057624596,0.0,0.868998104134571,0.9299079567948043,0.9442454132520872,0.9300860796689894,0.11363163110245242
BTCUSDT,count,1,86400,period,2018,266,0.13337308430364303,0.052756097524419926,0.0,0.8703151374249317,0.9306614912214101,0.9188551185889681,0.9308644761888606,0.09518055950623933
BTCUSDT,count,1,86400,period,2019,318,0.08336703749339996,0.030839868405097087,0.0,0.7683067383318422,0.8689745072810563,0.8996460933091869,0.8770857086288792,0.1020940614596615
BTCUSDT,kyle_usd,5,60,all,all,846147,48.566585613466685,119.97929155922276,0.2322941521981405,0.03506218048207034,0.06774893555813326,0.09158729514956278,-0.6600685421043069,4.177212210677443
BTCUSDT,kyle_usd,5,60,vol_regime,high_vol,281982,55.378341043328184,119.45939563307167,0.19561532296387713,0.041160675897673575,0.07906690456242106,0.11295939094651726,-0.6230189995818605,3.519862750042687
BTCUSDT,kyle_usd,5,60,vol_regime,low_vol,282793,42.99527541561225,127.30496107997526,0.2740626536017511,0.0289913485972804,0.056349061897947667,0.06626314098301003,-0.7099456587644937,5.185503367191786
BTCUSDT,kyle_usd,5,60,vol_regime,mid_vol,281372,46.69439390124606,113.50697895389379,0.2270730563097963,0.03377372551926288,0.06534065373406234,0.08704371805433718,-0.6555228879186485,4.071522952505702
BTCUSDT,kyle_usd,5,60,session,asia,280575,49.79322998106924,125.62055858098525,0.23903056223826072,0.03737710274940798,0.07206078223694302,0.09393595897971305,-0.6649000976350354,4.322114085767311
BTCUSDT,kyle_usd,5,60,session,europe,176177,44.479504515825845,108.08603173060204,0.23043303041827254,0.033067660840075695,0.06401838348745821,0.08441050445454756,-0.6548247681814061,3.9859186054720084
BTCUSDT,kyle_usd,5,60,session,us,389395,49.723875753545336,121.43347404412113,0.22828233541776347,0.03392788046042631,0.06562910450836788,0.09199943107503697,-0.6624805553764457,4.130797828775427
BTCUSDT,kyle_usd,5,60,period,2018,385840,45.890009851430015,142.90038121282882,0.26937849885963094,0.038136394662073435,0.0734708750375471,0.08432255054023449,-0.8242215236032817,5.755087330204219
BTCUSDT,kyle_usd,5,60,period,2019,460307,50.2664076099129,104.83729304018388,0.20120919299510978,0.028244277861902714,0.054936902582395954,0.09450586158095806,-0.5461792241174481,3.0980302980706345
BTCUSDT,sqrt_usd,5,60,all,all,846147,0.0037832648898812942,0.008003710591644656,0.23506317460204906,0.05309810908476401,0.10084171384736602,0.11150794697398568,-0.19625997929805128,2.3275675977089754
BTCUSDT,sqrt_usd,5,60,vol_regime,high_vol,281982,0.004940179205134581,0.008925246280026259,0.19866870935024222,0.05025636275374156,0.09570303886942583,0.11146675500679858,-0.21205608963728761,2.008920241085603
BTCUSDT,sqrt_usd,5,60,vol_regime,low_vol,282793,0.0027564998148220015,0.007177710973546296,0.28161941773664834,0.04095766700025299,0.07869228172992175,0.08318819394076193,-0.22043837996464033,2.870626462667161
BTCUSDT,sqrt_usd,5,60,vol_regime,mid_vol,281372,0.0038286753619900457,0.007699859403933561,0.22474517720313322,0.04600549991646872,0.08796416447168318,0.09292826222904023,-0.21241263434408197,2.222597294953009
BTCUSDT,sqrt_usd,5,60,session,asia,280575,0.0037704728614674525,0.008180477210902908,0.24054530874097835,0.0528021150699682,0.1003077678400352,0.11093311709078013,-0.2030490241517573,2.417803068249649
BTCUSDT,sqrt_usd,5,60,session,europe,176177,0.0035638370582090806,0.007414769513278745,0.23250481050307362,0.04787767055071625,0.091380266793077,0.09793152368113402,-0.207774300814088,2.291822492068381
BTCUSDT,sqrt_usd,5,60,session,us,389395,0.0039001065871121492,0.008166493795241786,0.2322705735820953,0.055016244316001835,0.10429459188407186,0.11684798911102104,-0.18907445543128243,2.2741555017538557
BTCUSDT,sqrt_usd,5,60,period,2018,385840,0.003893790910995589,0.01025131580623105,0.2674839311631764,0.05183943442456843,0.0985691023324835,0.0843139240535802,-0.23670692239213786,2.972612156538928
BTCUSDT,sqrt_usd,5,60,period,2019,460307,0.0037222950756121546,0.006700935913950142,0.2078873447503514,0.05375466533451548,0.10202501038028809,0.1438489081986741,-0.15904921171280217,1.7027076398314174
BTCUSDT,count,5,60,all,all,846037,0.06526565776265765,0.21230294928640905,0.3175310299667745,0.049481092495582024,0.09429630099942049,0.06440074645703021,-0.1227382262657335,3.4380939312735443
BTCUSDT,count,5,60,vol_regime,high_vol,281966,0.08309272217298483,0.26133295529643824,0.3144563528936113,0.03373565227401698,0.06526939880578776,0.043797482957804404,-0.1658597937892321,3.342794021311591
BTCUSDT,count,5,60,vol_regime,low_vol,282729,0.04727245770764264,0.1706965860831131,0.3363149871431654,0.07352479421566735,0.13697828799452297,0.08667751727356318,-0.07171702028464466,3.603474731311051
BTCUSDT,count,5,60,vol_regime,mid_vol,281342,0.07256767161723407,0.21366133837799758,0.3017359654797364,0.04229629564092307,0.08115983107263078,0.05342770385694475,-0.14305436177197883,3.014495160909852
BTCUSDT,count,5,60,session,asia,280534,0.06713516018792984,0.21555230636287484,0.3147212102632836,0.05338503802761376,0.10135902087155772,0.06355658477228296,-0.11528757687623026,3.433071569732077
BTCUSDT,count,5,60,session,europe,176156,0.06116548768798637,0.20035452471421775,0.318331478916415,0.04020214820244764,0.07729679903453412,0.05096865253634392,-0.14236583862283592,3.483322622488491
BTCUSDT,count,5,60,session,us,389347,0.06588070225174601,0.2155104193933859,0.3191934187241715,0.050401556013462516,0.0959662630446761,0.07056120530798977,-0.12087775787826649,3.417033607079902
BTCUSDT,count,5,60,period,2018,385743,0.07095849407286202,0.2812083148915979,0.3418312192314572,0.054151792965827526,0.10274002914413857,0.06450087719868612,-0.12190730558829421,4.207239589371584
BTCUSDT,count,5,60,period,2019,460294,0.06222873309650229,0.17438397816609208,0.2971665935250079,0.03240746078798408,0.06278036922214629,0.06550621987078231,-0.13071914104457782,2.500514171008433
BTCUSDT,kyle_usd,5,300,all,all,169234,44.50067699802223,59.05170315345681,0.07258588699670279,0.17589621638718436,0.29916962727817376,0.30701488897054413,0.192732411564839,1.1170476626161603
BTCUSDT,kyle_usd,5,300,vol_regime,high_vol,56399,49.817893625362224,61.04975565719466,0.0503377719463111,0.23231889507438247,0.3770434682174694,0.3647734172652305,0.29283914535722144,0.9720260699156554
BTCUSDT,kyle_usd,5,300,vol_regime,low_vol,56561,41.80574253294653,61.11445742607545,0.09952087127172433,0.1162613365444353,0.20830487044250903,0.22858284893520714,0.06828454142476792,1.3156789892880498
BTCUSDT,kyle_usd,5,300,vol_regime,mid_vol,56274,42.1019085847407,55.05123393071035,0.0678110672779614,0.1758297224044211,0.2990734441460994,0.31200736903391674,0.1901837424619508,1.0786907514826918
BTCUSDT,kyle_usd,5,300,session,asia,56116,45.92176483251896,62.36804928079551,0.07766056026801625,0.1697927443077839,0.29029543076582764,0.30513060514370877,0.18423831775903943,1.1337407040186278
BTCUSDT,kyle_usd,5,300,session,europe,35238,40.870800794584724,53.043208216701174,0.07026505477041829,0.1631399496048222,0.28051645833375277,0.2938574034434896,0.17047754974096008,1.079200626202905
BTCUSDT,kyle_usd,5,300,session,us,77880,45.38112003608349,60.019430312795166,0.06997945557267592,0.18224888058772817,0.3083088232608472,0.31145586776439493,0.20279862886455635,1.1115791347737591
BTCUSDT,kyle_usd,5,300,period,2018,77171,43.59025107120153,67.68724301923324,0.09609827525884075,0.186922507622583,0.31497002781923905,0.3011402058616988,0.19069080468832256,1.3204156302148176
BTCUSDT,kyle_usd,5,300,period,2019,92063,45.12182997606062,53.39531198240556,0.05287683434170079,0.1574978098363257,0.2721349595617748,0.30894627448857526,0.18276502136781325,0.9447125405003642
BTCUSDT,sqrt_usd,5,300,all,all,169234,0.003973753729922059,0.004369053856471836,0.07710034626611674,0.2133864322465298,0.3517204850419409,0.35696370846887665,0.3410816953796074,0.7501489451471732
BTCUSDT,sqrt_usd,5,300,vol_regime,high_vol,56399,0.005044069057762454,0.004933540286810098,0.055426514654515154,0.2042191221369948,0.33917269437573727,0.35336708463194033,0.3312705968242585,0.6686723699338681
BTCUSDT,sqrt_usd,5,300,vol_regime,low_vol,56561,0.0031053088823063055,0.0037960289592275957,0.10996976715404608,0.1608427276278634,0.27711372746683643,0.28384343241972565,0.27143491594949054,0.8752871142292169
BTCUSDT,sqrt_usd,5,300,vol_regime,mid_vol,56274,0.003961249833451889,0.004081457494625568,0.06578526495361979,0.1806191339023342,0.3059735840555601,0.31786253249450175,0.28905415130613055,0.71350916558738
BTCUSDT,sqrt_usd,5,300,session,asia,56116,0.003967619235666774,0.004496957715111688,0.08097512295958371,0.2107260172668041,0.34809860242784724,0.3544269598250717,0.3381757660542061,0.7685584486491432
BTCUSDT,sqrt_usd,5,300,session,europe,35238,0.0037129546911192435,0.004002057931822823,0.07429479539133889,0.19216653568423991,0.32238203293291834,0.3347297419725513,0.317997480003705,0.7476705351582392
BTCUSDT,sqrt_usd,5,300,session,us,77880,0.004112501256046919,0.004460091171144521,0.07557781201848998,0.2211045981972748,0.36213867104209263,0.3656464234854901,0.34983056152317404,0.7343961262490121
BTCUSDT,sqrt_usd,5,300,period,2018,77171,0.004193848234980082,0.005341660708106802,0.09280688341475425,0.1851863671254309,0.31250168287808566,0.2931262099722258,0.2986373170350116,0.8872676386738351
BTCUSDT,sqrt_usd,5,300,period,2019,92063,0.0038438903339970245,0.0037612186603294176,0.06393447964980503,0.25351420910519495,0.40448557705008037,0.4269630547276004,0.3981372906905477,0.5926591348075286
BTCUSDT,count,5,300,all,all,169234,0.06623934147233342,0.11561838427465831,0.18466147464457497,0.18590114181033238,0.31351878374372044,0.29637580803004665,0.31448146116852604,1.2283958176718917
BTCUSDT,count,5,300,vol_regime,high_vol,56399,0.07783210549037593,0.14159020371822764,0.20223762832674338,0.16520876806807583,0.28356938704124773,0.2856061716348505,0.28419611340286055,1.2875970630457938
BTCUSDT,count,5,300,vol_regime,low_vol,56561,0.0527003998151263,0.0906354108837772,0.19112109050405757,0.19899768444903967,0.33194006465572545,0.2860150413552604,0.33779470187744964,1.1883013347174172
BTCUSDT,count,5,300,vol_regime,mid_vol,56274,0.07428626838125373,0.11723946004285193,0.1605537193019867,0.17369478966305846,0.29597948494416054,0.28629166515791443,0.2971604309318371,1.062355285438295
BTCUSDT,count,5,300,session,asia,56116,0.06812666822117616,0.1167408341061108,0.17707962078551573,0.17850343710285793,0.30293239965710583,0.2826640942732537,0.30224593933545774,1.2264477492450443
BTCUSDT,count,5,300,session,europe,35238,0.062120763389179254,0.10743397338573404,0.18485725637096317,0.1546347738653231,0.2678505400416075,0.26334470081248734,0.2735102575151622,1.2392546422657829
BTCUSDT,count,5,300,session,us,77880,0.06688120883213175,0.1189172127731145,0.19003595274781715,0.20223313176484914,0.33642914410115415,0.31901512594264325,0.33828827816301577,1.2216600847765966
BTCUSDT,count,5,300,period,2018,77171,0.07214205893534671,0.1439987777528248,0.21282606160345208,0.15763950210606928,0.27234644605557956,0.2524847901501183,0.2673586417608672,1.4260793666778948
BTCUSDT,count,5,300,period,2019,92063,0.06291584174178808,0.09749011999110306,0.16105275735094446,0.22501254749664878,0.36736366163182393,0.3442292613017568,0.3770434075153971,0.9726523889286383
BTCUSDT,kyle_usd,5,900,all,all,56406,39.72171600534851,40.69686323085422,0.021433890011700884,0.33020504924208033,0.4964724039052828,0.4713467675708735,0.4731720920371082,0.6466621145365677
BTCUSDT,kyle_usd,5,900,vol_regime,high_vol,18798,44.28564897672736,43.059467109894605,0.01234173848281732,0.4065394324985076,0.5780704374229323,0.5317032856699793,0.5597983855360782,0.5862595332728169
BTCUSDT,kyle_usd,5,900,vol_regime,low_vol,18851,38.279338267822425,41.596428044964526,0.03172245504217283,0.23538721346492547,0.38107438849836933,0.386930477345147,0.3539389188287868,0.7265157733250638
BTCUSDT,kyle_usd,5,900,vol_regime,mid_vol,18757,36.59813285967697,37.12228606734447,0.020205789838460306,0.32555022914922216,0.4911925960861854,0.4735211228230625,0.4721339192538838,0.6315374916296912
BTCUSDT,kyle_usd,5,900,session,asia,18702,40.669915640061205,42.7455376830088,0.023526895519195807,0.3222135740756799,0.48738506455120884,0.47575690282994704,0.4613914872506121,0.6577340686136713
BTCUSDT,kyle_usd,5,900,session,europe,11746,36.173748603982936,35.95153414171895,0.020177081559679892,0.3069165174312381,0.4696803710683627,0.44224582495055154,0.45480677976702444,0.6307677622290638
BTCUSDT,kyle_usd,5,900,session,us,25958,40.6356579761045,41.0647844122972,0.020494645196085987,0.3399073520507114,0.5073594850128815,0.4759830322391954,0.4822275369161264,0.6445051805683427
BTCUSDT,kyle_usd,5,900,period,2018,25721,39.19278380149877,44.4788381356102,0.029081295439524125,0.35076297443002963,0.5193553289066696,0.46448194164752943,0.4833483714987338,0.7381954091491856
BTCUSDT,kyle_usd,5,900,period,2019,30685,40.067179635999224,37.91451227667227,0.015023627179403618,0.3068713138462338,0.46962743859314704,0.47641537509775855,0.4631399606482076,0.5691220966909641
BTCUSDT,sqrt_usd,5,900,all,all,56406,0.003870470764511796,0.003233024772178509,0.025617842073538274,0.3658288358796037,0.5356876736959609,0.5280592859652291,0.540506042743482,0.4527145085904065
BTCUSDT,sqrt_usd,5,900,vol_regime,high_vol,18798,0.004896466862162019,0.003661273434100963,0.01829981912969465,0.3591803423739891,0.5285249222286911,0.5197742242413504,0.5332454787176344,0.41088090092329094
BTCUSDT,sqrt_usd,5,900,vol_regime,low_vol,18851,0.003103076710077051,0.0026741134507430736,0.03930825950877938,0.28081116688278407,0.43848956683633145,0.4378303511614611,0.4576423271027005,0.5122992010549918
BTCUSDT,sqrt_usd,5,900,vol_regime,mid_vol,18757,0.003829641748452662,0.002912897312652741,0.019192834675054646,0.31212123623509536,0.4757506053795352,0.4887409050217216,0.4783811699740803,0.42788268938793556
BTCUSDT,sqrt_usd,5,900,session,asia,18702,0.0038745392342070116,0.003307510603455463,0.027644102235055073,0.366687850394624,0.5366080488514546,0.5319647105510914,0.5381782345257138,0.46050849989401976
BTCUSDT,sqrt_usd,5,900,session,europe,11746,0.0036031711169510205,0.0029379763229801076,0.0247743912821386,0.3337270747236813,0.5004428282942702,0.5050158911728471,0.5110547317287361,0.4529407160232418
BTCUSDT,sqrt_usd,5,900,session,us,25958,0.004006418838542675,0.0032863153077201295,0.024539640958471377,0.3737275603383237,0.5441072467764737,0.5314814955585823,0.5495381670683179,0.4446036964028197
BTCUSDT,sqrt_usd,5,900,period,2018,25721,0.004117956322445652,0.0037312862252057034,0.029547840286147507,0.32151829829658296,0.4865892492158681,0.4555020339146153,0.48879434360220275,0.5212056434888389
BTCUSDT,sqrt_usd,5,900,period,2019,30685,0.0037125123454528424,0.002856691756405627,0.022323610884797132,0.4265563305944985,0.5980224144625775,0.6001066524049866,0.605610556753406,0.3696807567352344
BTCUSDT,count,5,900,all,all,56406,0.06324478788389698,0.08561988224997433,0.11954402013970145,0.3487361147646271,0.5171302391135072,0.5097875442125127,0.5252602637996376,0.7570648134505886
BTCUSDT,count,5,900,vol_regime,high_vol,18798,0.07099277579124352,0.10760830906843981,0.15948505160123416,0.35057590919614334,0.5191502481408905,0.5210377964968332,0.5261785350301786,0.8235175347771845
BTCUSDT,count,5,900,vol_regime,low_vol,18851,0.05247476527476476,0.064823532204505,0.10397326401782399,0.31694758810451407,0.48133667727915813,0.4559477800991364,0.49569937969780054,0.7137448622889078
BTCUSDT,count,5,900,vol_regime,mid_vol,18757,0.07152855755348737,0.0868686679295465,0.09516447193047929,0.3405285655290856,0.5080511885916945,0.5131836297267344,0.5151504013000052,0.6473881165508726
BTCUSDT,count,5,900,session,asia,18702,0.06557788607163602,0.08628538894339548,0.11036252807186397,0.3342170752244668,0.500993551095482,0.49510548867110876,0.5104685616946548,0.7452630541098071
BTCUSDT,count,5,900,session,europe,11746,0.05887789976175256,0.07835574528827423,0.11876383449684999,0.3076967309340568,0.4705934084797724,0.47164786261505803,0.48393367641970875,0.7683739833884182
BTCUSDT,count,5,900,session,us,25958,0.06370569776496478,0.08887326840966854,0.12651205793974882,0.37277274391154236,0.5430946171751247,0.5340781203440896,0.550591775868174,0.75705665967198
BTCUSDT,count,5,900,period,2018,25721,0.06755622678497321,0.10272289561480027,0.14851677617510983,0.2945964506004978,0.45511703738079834,0.4493214597549023,0.45965385739046805,0.8821290976082808
BTCUSDT,count,5,900,period,2019,30685,0.060714812118202115,0.07431700624225974,0.09525826951279126,0.42926359571378114,0.6006779952992574,0.5708194039078958,0.606184340079693,0.6064327564717703
BTCUSDT,kyle_usd,5,3600,all,all,14098,34.537434844342975,28.58002922155449,0.004539651014328273,0.534329881363243,0.6964993484823409,0.656186924462167,0.6971554301130745,0.39081729306272356
BTCUSDT,kyle_usd,5,3600,vol_regime,high_vol,4698,38.68632120990702,30.788014315931413,0.002767134951042997,0.6094986143546548,0.7573769979280655,0.7071651362203758,0.7601041544024523,0.3596831336696322
BTCUSDT,kyle_usd,5,3600,vol_regime,low_vol,4712,33.445589960012455,28.637004347444716,0.008064516129032258,0.4316701113383135,0.6030301365092994,0.5930091984365471,0.599723566339655,0.4317924580334335
BTCUSDT,kyle_usd,5,3600,vol_regime,mid_vol,4688,31.902736351901744,25.069055011976737,0.002773037542662116,0.5190032812635326,0.6833471496280336,0.6454533954899129,0.6839553194296062,0.37454249437768516
BTCUSDT,kyle_usd,5,3600,session,asia,4674,34.60543997986969,30.624076469200563,0.005348737697903295,0.5219884505598974,0.6859295816178793,0.66476813277084,0.6889151488611864,0.4057715000156155
BTCUSDT,kyle_usd,5,3600,session,europe,2936,31.90901244840993,25.679142590657523,0.005108991825613079,0.49911441655328204,0.6658790163606465,0.6376946537657998,0.6658616805083368,0.3846083669675487
BTCUSDT,kyle_usd,5,3600,session,us,6488,35.49664649834328,28.50240407867152,0.0036991368680641184,0.5508084864974666,0.7103501061455745,0.6551420639598922,0.7082409032701102,0.38415454544396316
BTCUSDT,kyle_usd,5,3600,period,2018,6428,34.27197734179654,28.65921550154771,0.004667081518357187,0.5510550529146742,0.7105551177943759,0.6249441924896448,0.7070292407090777,0.4288687206227314
BTCUSDT,kyle_usd,5,3600,period,2019,7670,34.788762439818974,28.494211688034397,0.004432855280312908,0.5196707781580293,0.683925473368534,0.6815444611119819,0.690155612991206,0.3553447386126647
BTCUSDT,sqrt_usd,5,3600,all,all,14098,0.003711041958391622,0.0024123969928596454,0.007235068804085686,0.5725780233857509,0.7282030078901827,0.709972004779176,0.7343063067683924,0.2659291872148605
BTCUSDT,sqrt_usd,5,3600,vol_regime,high_vol,4698,0.004628630854628517,0.002829407337729442,0.006811409110259685,0.5842056050313432,0.7375376064520172,0.7238360270400511,0.746675545182071,0.24351594205568836
BTCUSDT,sqrt_usd,5,3600,vol_regime,low_vol,4712,0.00306489741353672,0.0019035625326618926,0.009974533106960951,0.46070459505932937,0.6307977624190564,0.6233389049647163,0.6444747276286763,0.29227150645513783
BTCUSDT,sqrt_usd,5,3600,vol_regime,mid_vol,4688,0.0036769720820138234,0.002066548906496212,0.004906143344709898,0.4992931860878977,0.6660380914432117,0.6567524960185951,0.6699633629800952,0.25097515420184235
BTCUSDT,sqrt_usd,5,3600,session,asia,4674,0.003691035223190103,0.0025210309018970077,0.008985879332477536,0.5693343273334147,0.7255742991371604,0.7138176050284291,0.7329235022815801,0.2716402656543369
BTCUSDT,sqrt_usd,5,3600,session,europe,2936,0.003475083168955204,0.0021706861010723916,0.006811989100817439,0.535952754109452,0.6978766145970399,0.6904611495204923,0.7027288399007833,0.266031191842167
BTCUSDT,sqrt_usd,5,3600,session,us,6488,0.0038519722663246355,0.0024683209855411656,0.006165228113440197,0.585074010549202,0.7382292645710385,0.712104530424427,0.7441818404602318,0.2601210795496442
BTCUSDT,sqrt_usd,5,3600,period,2018,6428,0.003961691434107734,0.0027063699616938575,0.0070006222775357806,0.5205025087260852,0.6846453797201231,0.6514341798557077,0.6898352803187355,0.29660513171627056
BTCUSDT,sqrt_usd,5,3600,period,2019,7670,0.003525053266517042,0.0022468129307445205,0.0074315514993481095,0.6261212733417675,0.7700794320894091,0.7591793938973614,0.7741472524554885,0.22937548590402532
BTCUSDT,count,5,3600,all,all,14098,0.05919719710650563,0.06606790829519306,0.08086253369272237,0.5846445062543358,0.7378872724410283,0.7364069506291128,0.7405599113610897,0.4429068194761007
BTCUSDT,count,5,3600,vol_regime,high_vol,4698,0.06124028721567219,0.08505137728830857,0.1415495955725841,0.5987849633813764,0.7490500312374296,0.7474461434999811,0.7527284402332188,0.5197717180726183
BTCUSDT,count,5,3600,vol_regime,low_vol,4712,0.05201590882385365,0.04752143527698291,0.03904923599320883,0.5184896893573103,0.6829018240838465,0.6743747353753138,0.6865144131817483,0.39807798709252956
BTCUSDT,count,5,3600,vol_regime,mid_vol,4688,0.06814653709957708,0.06931708811470032,0.062073378839590444,0.5949566411746104,0.7460474169836402,0.7529577597628779,0.7494410029876504,0.3718138588068393
BTCUSDT,count,5,3600,session,asia,4674,0.061233756582122316,0.06552880960935159,0.0658964484381686,0.5683373869687057,0.7247641887402717,0.7251573186610304,0.7282455410621836,0.4327472528375115
BTCUSDT,count,5,3600,session,europe,2936,0.054862568390560834,0.058673246304648485,0.07901907356948229,0.543607153942904,0.7043335508705623,0.7042570543284108,0.7059248591697058,0.4536354361839398
BTCUSDT,count,5,3600,session,us,6488,0.05995716983601665,0.0700999597753874,0.09247842170160296,0.6086193583300533,0.7566977920269166,0.7553997682861682,0.7585952408615918,0.443707101195521
BTCUSDT,count,5,3600,period,2018,6428,0.061597464555565834,0.0765462706625955,0.11512134411947729,0.5239882130017385,0.6876538919807783,0.6889043747174756,0.6921161060421144,0.5191750378429844
BTCUSDT,count,5,3600,period,2019,7670,0.057545838225411844,0.05896854889982138,0.05215123859191656,0.665634136235976,0.7992561172409514,0.7835967732884793,0.799247213337752,0.3571148537456116
BTCUSDT,kyle_usd,5,14400,all,all,3516,31.105953442537775,22.00382242891453,0.0011376564277588168,0.7150835789581014,0.8338760719667184,0.7963933049525977,0.834785992362874,0.25357276406024304
BTCUSDT,kyle_usd,5,14400,vol_regime,high_vol,1179,35.48596359807395,23.769897005906437,0.0016963528413910093,0.7909017363648642,0.8832441448967718,0.8451434021728865,0.8837863515289107,0.22722978698223006
BTCUSDT,kyle_usd,5,14400,vol_regime,low_vol,1169,30.18220798459929,22.290547446198993,0.000855431993156544,0.6147790315913747,0.7614404442513799,0.759910975172439,0.7590698982682901,0.27855693544860105
BTCUSDT,kyle_usd,5,14400,vol_regime,mid_vol,1168,28.160830145705987,18.210486256373677,0.0008561643835616438,0.6771713369581046,0.807515990806633,0.7544751093542515,0.8091791283408794,0.25015146435453717
BTCUSDT,kyle_usd,5,14400,session,asia,1165,30.476687107978297,22.99609643711765,0.002575107296137339,0.695603803561471,0.8204791733781378,0.7857464530496165,0.820000811838788,0.2733336407739433
BTCUSDT,kyle_usd,5,14400,session,europe,1172,28.438907359112672,19.359870555537523,0.0,0.7092489760294526,0.8298954523021242,0.7845889032583753,0.834564801233248,0.24293601827064384
BTCUSDT,kyle_usd,5,14400,session,us,1179,33.897171564782035,22.65473563144986,0.0008481764206955047,0.7256159681409392,0.8409935716145096,0.8038578462515035,0.8402537243140884,0.24387151984506159
BTCUSDT,kyle_usd,5,14400,period,2018,1604,31.6027726104112,20.73480990577415,0.0012468827930174563,0.7466339470602908,0.8549403821183356,0.7578716607495513,0.8551264964474317,0.25740893792397773
BTCUSDT,kyle_usd,5,14400,period,2019,1912,30.503106404436004,23.42385657595908,0.0010460251046025104,0.6921511423374951,0.818072481848607,0.8199007569066472,0.8197334342405034,0.2478211216584902
BTCUSDT,sqrt_usd,5,14400,all,all,3516,0.003526905246330163,0.0018941232379870517,0.004550625711035267,0.7201607352463625,0.837317955805125,0.8195867924704447,0.8398758677487841,0.17292734727276668
BTCUSDT,sqrt_usd,5,14400,vol_regime,high_vol,1179,0.004301087587099051,0.0023085300703400034,0.005937234944868533,0.7317235955389457,0.8450812790492922,0.8370877067882694,0.8494645940682973,0.16577879003604876
BTCUSDT,sqrt_usd,5,14400,vol_regime,low_vol,1169,0.0030130839314009383,0.0014425035635301005,0.0051325919589392645,0.627304640386621,0.7709738236075866,0.7527338745859636,0.7771771453866128,0.17854878690799308
BTCUSDT,sqrt_usd,5,14400,vol_regime,mid_vol,1168,0.0035259278313510074,0.0016317758472550602,0.0025684931506849314,0.6394343313646675,0.7800670257190496,0.7782824709979625,0.7829464409894213,0.1615703915364023
BTCUSDT,sqrt_usd,5,14400,session,asia,1165,0.003497507782608996,0.0020154913897124987,0.004291845493562232,0.7056878810102434,0.8274525355626953,0.8195724675859504,0.8296105418979209,0.18083354508007968
BTCUSDT,sqrt_usd,5,14400,session,europe,1172,0.0032907456278665347,0.0016272682495443087,0.005119453924914676,0.6952641308291834,0.8202428378982071,0.8004418643679422,0.8216159962274747,0.16734851479525695
BTCUSDT,sqrt_usd,5,14400,session,us,1179,0.0038746563491733953,0.002017857280179759,0.004240882103477523,0.7345451879012261,0.8469599904629926,0.8215262897230524,0.8504156473356728,0.16499612700438737
BTCUSDT,sqrt_usd,5,14400,period,2018,1604,0.0038034409443851213,0.0019690408496566445,0.004987531172069825,0.6874923841207825,0.8148094659152846,0.782328872003475,0.8159764583726662,0.1843861715576483
BTCUSDT,sqrt_usd,5,14400,period,2019,1912,0.0032972231351171043,0.0018214307830166196,0.0041841004184100415,0.7414009027019273,0.8514993894301796,0.8432442805798406,0.8560162662646283,0.15924593764689052
BTCUSDT,count,5,14400,all,all,3516,0.053737013572872305,0.05545341059062257,0.07195676905574516,0.7513911252735352,0.8580506255062605,0.8590764565026968,0.8586531078697313,0.29395768537472605
BTCUSDT,count,5,14400,vol_regime,high_vol,1179,0.04803381707176919,0.06986815306122116,0.13570822731128074,0.744988945420136,0.8538609340482293,0.850201584211855,0.8544042708954569,0.4028332979912369
BTCUSDT,count,5,14400,vol_regime,low_vol,1169,0.049774971736356415,0.0400867725771391,0.0213857998289136,0.7092884323316626,0.8299224623712138,0.8335975852285,0.8320637544420567,0.24407055063374802
BTCUSDT,count,5,14400,vol_regime,mid_vol,1168,0.0617004826460896,0.06142603997787395,0.05821917808219178,0.7811039891861485,0.8771009373159212,0.8778771505332758,0.8775326194051613,0.24470692583034181
BTCUSDT,count,5,14400,session,asia,1165,0.05615893976375344,0.05312555870080734,0.061802575107296136,0.7211555223201941,0.8379899584530797,0.840251842097538,0.8385629465150336,0.29251946458903055
BTCUSDT,count,5,14400,session,europe,1172,0.0478081993622783,0.050658640696436025,0.08020477815699659,0.7393572680430016,0.850149973932466,0.8580562896232917,0.8495562432077169,0.3093497626227325
BTCUSDT,count,5,14400,session,us,1179,0.05818559073431263,0.061731021049264624,0.0737913486005089,0.7796146836691713,0.8761612171706501,0.8727279225126499,0.8768313824865785,0.27643998939098674
BTCUSDT,count,5,14400,period,2018,1604,0.052531267026131104,0.06510711097154188,0.10910224438902744,0.7020769128369017,0.8249649678482853,0.8287540563452511,0.8268599115364232,0.36145058524725565
BTCUSDT,count,5,14400,period,2019,1912,0.054672650038910975,0.051050759441794186,0.04079497907949791,0.8056869376815724,0.89238828821129,0.8883691771958788,0.8920281930391698,0.23348043075529715
BTCUSDT,kyle_usd,5,86400,all,all,584,28.266873534183897,17.569585596386247,0.0,0.9034963691402846,0.9493019096730396,0.9197487224226119,0.950253699689695,0.13127394840064213
BTCUSDT,kyle_usd,5,86400,period,2018,266,28.87735248313956,14.69743797123563,0.0,0.9144430835616023,0.9553097623151956,0.8711197403083479,0.9544993893489272,0.13125677546955652
BTCUSDT,kyle_usd,5,86400,period,2019,318,27.378369741614684,19.979001613401486,0.0,0.894026654367043,0.9440486513805838,0.9408440700645759,0.9461216444350835,0.1317385349217737
BTCUSDT,sqrt_usd,5,86400,all,all,584,0.0033647426624384734,0.001386679398553534,0.0,0.8446709055036041,0.915795769297944,0.9058247270371212,0.9156664746005028,0.10066210908491446
BTCUSDT,sqrt_usd,5,86400,period,2018,266,0.00377717319313483,0.0014527069437526227,0.0,0.8107083605375864,0.8954598964759768,0.8818055819942293,0.8941966901607726,0.10437968845535767
BTCUSDT,sqrt_usd,5,86400,period,2019,318,0.003156321521629692,0.0013623043328001017,0.0,0.8641050969355497,0.9270991194177564,0.9222980683403307,0.9288315622722042,0.08957751519482585
BTCUSDT,count,5,86400,all,all,584,0.04520641361772912,0.04582016517495867,0.07191780821917808,0.8553837545623477,0.9220558846211496,0.9303772872962891,0.9213159400690039,0.2088801468017106
BTCUSDT,count,5,86400,period,2018,266,0.04043034716038464,0.052220333893734046,0.12781954887218044,0.7992884824200998,0.8884495068239769,0.9052691128755594,0.8851690362984604,0.29280069111828017
BTCUSDT,count,5,86400,period,2019,318,0.04797826884961934,0.04364964781992453,0.025157232704402517,0.9110170815643257,0.9534368796102888,0.9510723450010696,0.9522433953236796,0.14446423143951892
BTCUSDT,kyle_usd,15,300,all,all,169234,45.08745413890219,67.42447103739589,0.10728931538579718,0.13740237726774507,0.24160733266236262,0.2510611666225641,0.05594623485444428,1.3751591789182849
BTCUSDT,kyle_usd,15,300,vol_regime,high_vol,56424,53.664963409278656,71.0315460865145,0.06658514107471998,0.20742338656834972,0.3435802037226946,0.32280328393831687,0.2254486513048084,1.118816246676725
BTCUSDT,kyle_usd,15,300,vol_regime,low_vol,56351,40.129950056198616,69.33899004593651,0.145924650849142,0.06911305334795961,0.1292904489970074,0.1587337197326542,-0.1305038342982947,1.7271395566430467
BTCUSDT,kyle_usd,15,300,vol_regime,mid_vol,56459,41.01172088851884,61.05423416560923,0.10940682619245824,0.12222329936632648,0.21782349276715424,0.23671920557726456,0.008757236189110285,1.3694284529043215
BTCUSDT,kyle_usd,15,300,session,asia,56116,45.26091406911097,69.58919153790133,0.11376434528476727,0.12674386444915486,0.22497369357519015,0.24008136384740442,0.026729294037804663,1.4229682489114188
BTCUSDT,kyle_usd,15,300,session,europe,35238,40.90436652354373,59.411353646242,0.106731369544242,0.12962590479627856,0.22950235869397104,0.23825607480677852,0.041068633773735375,1.3291852919376097
BTCUSDT,kyle_usd,15,300,session,us,77880,47.06403709414275,69.5607492213078,0.10287621982537237,0.14524304985035638,0.2536458088426463,0.26117700021241624,0.07384046695501845,1.3516684848347356
BTCUSDT,kyle_usd,15,300,period,2018,77171,41.78137526435276,75.03602889036492,0.14121885164116055,0.15505954144048717,0.2684875296508278,0.25707570536810653,0.07935209080912076,1.670894882615714
BTCUSDT,kyle_usd,15,300,period,2019,92063,47.2327397938719,61.68273545638017,0.07884818005061751,0.11558189174970672,0.20721363909631982,0.23191009110528407,0.022958119334277827,1.1685957430135936
BTCUSDT,sqrt_usd,15,300,all,all,169234,0.003661160346570605,0.005017960141141598,0.12475625465332026,0.15174698688695762,0.26350750401720197,0.26959491544774755,0.19867892061745795,1.0241554727441375
BTCUSDT,sqrt_usd,15,300,vol_regime,high_vol,56424,0.004847300719516855,0.005596879157404023,0.08521196653906139,0.17588668608449717,0.29915584242248705,0.30813274716110384,0.24207133559781702,0.8446100076522198
BTCUSDT,sqrt_usd,15,300,vol_regime,low_vol,56351,0.0027994956682834576,0.004419700373785698,0.16381253216446914,0.07620679222741536,0.14162109508655088,0.16126674560336676,0.07196831302292606,1.2580571289969933
BTCUSDT,sqrt_usd,15,300,vol_regime,mid_vol,56459,0.0035081627774867733,0.0046654925342502675,0.12529446146761367,0.11452736595473366,0.20551736898201056,0.22227082992030134,0.1269699162343464,1.0275538800482098
BTCUSDT,sqrt_usd,15,300,session,asia,56116,0.003562812037227562,0.005036928103053961,0.12974909116829425,0.13811189971429785,0.24270355094076132,0.2543817968618969,0.17415568354489086,1.068429667197976
BTCUSDT,sqrt_usd,15,300,session,europe,35238,0.003367487381071966,0.004552939970754671,0.12625574663715308,0.13858223985968854,0.24342947748204208,0.24608601856173987,0.17875647211642842,1.0225680368378989
BTCUSDT,sqrt_usd,15,300,session,us,77880,0.003891174044593399,0.005201466460616337,0.12048022598870056,0.16320133918335444,0.2806072064840172,0.2857595029034231,0.21619572787360541,0.9874382845027307
BTCUSDT,sqrt_usd,15,300,period,2018,77171,0.003566942630210694,0.00586872856819544,0.15448808490235968,0.13570812128222928,0.2389841522468168,0.2198984316011235,0.1704049386527069,1.2632558918602468
BTCUSDT,sqrt_usd,15,300,period,2019,92063,0.0037168330998712073,0.004430501497068332,0.09983380945656778,0.17646690783514277,0.29999468180514416,0.31910709623989403,0.24004096808412467,0.8208663573113336
BTCUSDT,count,15,300,all,all,169234,0.04448540738259728,0.12061509564057292,0.2848777432430835,0.07803420880633415,0.1447713034871842,0.1363078220246105,0.08705590895321125,2.304482515202358
BTCUSDT,count,15,300,vol_regime,high_vol,56424,0.05256508196999089,0.14988393009079368,0.3004749751878633,0.10872207006011386,0.19612141400634164,0.1895896318728401,0.13689108448010157,2.309111166414832
BTCUSDT,count,15,300,vol_regime,low_vol,56351,0.03784111982401538,0.09868505906273532,0.2802612198541286,0.04620547369761649,0.08832963477874367,0.07956371821377477,0.04564077955004886,2.1949575464334266
BTCUSDT,count,15,300,vol_regime,mid_vol,56459,0.0464183605661564,0.11878753681434716,0.273897872792646,0.05172166543916982,0.09835618517485285,0.1120050495540677,0.03670537940891738,2.1656563489342036
BTCUSDT,count,15,300,session,asia,56116,0.044267249730719216,0.11911448479103819,0.28022310927364746,0.0614810321643021,0.1158400956801755,0.1071055904415584,0.06487593967402328,2.317398343626844
BTCUSDT,count,15,300,session,europe,35238,0.04026836200161647,0.11042547904806309,0.2906521368976673,0.05989553019304563,0.11302157332833825,0.11431913332920189,0.05014320535988437,2.376087985780849
BTCUSDT,count,15,300,session,us,77880,0.046856249639108616,0.1266556692771916,0.2856189008731382,0.0951359189297273,0.17374266935323116,0.1642169818344352,0.11594156559553093,2.2505276314940574
BTCUSDT,count,15,300,period,2018,77171,0.04464158092940992,0.14080368999145695,0.30779697036451514,0.05932955062804141,0.11201339676187998,0.08974613052719,0.051846741953853415,2.762272953670941
BTCUSDT,count,15,300,period,2019,92063,0.04439024634329178,0.10727307778684599,0.26566590269706614,0.1068131606539238,0.19301028294751535,0.18504923588703304,0.1430340644750948,1.8729553570492576
BTCUSDT,kyle_usd,15,900,all,all,56406,40.21976458045667,45.71615548012594,0.03636137999503599,0.33566980343729547,0.5026239308150292,0.46559196276951675,0.4655357462216174,0.7363146920285843
BTCUSDT,kyle_usd,15,900,vol_regime,high_vol,18807,47.92840809429934,50.08508420033624,0.018025203381719573,0.4305229981909223,0.6019099290754126,0.5515568091338621,0.577760865010011,0.638141170802193
BTCUSDT,kyle_usd,15,900,vol_regime,low_vol,18781,36.94229466663798,45.773607324068294,0.05340503700548427,0.2141185724150416,0.3527144337955914,0.3621750186503834,0.28490861050523764,0.8681402716437213
BTCUSDT,kyle_usd,15,900,vol_regime,mid_vol,18818,36.30015025463024,40.036446345537456,0.03767669252843023,0.29532897754553644,0.4559906906508688,0.43132030313675984,0.41901742284811383,0.719751527344968
BTCUSDT,kyle_usd,15,900,session,asia,18702,39.9100786989037,46.93821773989539,0.04069083520479093,0.32471196576241496,0.4902378390996606,0.467326566281272,0.4540556722246515,0.7541120033014223
BTCUSDT,kyle_usd,15,900,session,europe,11746,36.45106529599306,39.5456303096047,0.03780010216243828,0.30366020261938514,0.4658579007156229,0.43050258043654455,0.43355108125106534,0.7220092866179323
BTCUSDT,kyle_usd,15,900,session,us,25958,42.31081645531826,47.322626077589916,0.03259110871407658,0.34863866197293997,0.5170230867664912,0.47380490656771435,0.4795789161027929,0.7249064497380804
BTCUSDT,kyle_usd,15,900,period,2018,25721,38.123573643593424,49.350125836574435,0.051475448077446445,0.3794393667015698,0.5501356215588682,0.4839300727871447,0.5073573078109359,0.8511093500179961
BTCUSDT,kyle_usd,15,900,period,2019,30685,41.71610599343658,42.65566661515235,0.023692357829558416,0.2827342418196619,0.4408305829874481,0.43627391175125924,0.41214494643462807,0.6499044930332517
BTCUSDT,sqrt_usd,15,900,all,all,56406,0.0035287610746161345,0.003596650249669099,0.05001241002730206,0.34653576250966595,0.5147071056825027,0.4903719504155345,0.5118126272600934,0.5745722478930292
BTCUSDT,sqrt_usd,15,900,vol_regime,high_vol,18807,0.0046022538081770025,0.004135989826696909,0.031637156377944384,0.3834602793302702,0.5543495321974874,0.5327003485472085,0.5512580913509146,0.4918531223360891
BTCUSDT,sqrt_usd,15,900,vol_regime,low_vol,18781,0.002773516628377406,0.00303024963910716,0.06810074010968532,0.22479710775595785,0.36707648365993517,0.36626876230002275,0.37480212688080794,0.678779256635924
BTCUSDT,sqrt_usd,15,900,vol_regime,mid_vol,18818,0.0033858335417419347,0.0032678701522721653,0.05032415772133064,0.2747670138604901,0.43108585470593364,0.42760358812557847,0.43333205425817056,0.5692412829217076
BTCUSDT,sqrt_usd,15,900,session,asia,18702,0.0034302784472495093,0.00358382169972196,0.05379103839161587,0.33394238299342677,0.5006848680286251,0.48004406643676817,0.4970038659163105,0.5938724094060782
BTCUSDT,sqrt_usd,15,900,session,europe,11746,0.0032029619863636538,0.0032373469857896056,0.05201770815596799,0.31274894327070196,0.47647944395444086,0.46233492606860377,0.4774729103570333,0.5863123771418293
BTCUSDT,sqrt_usd,15,900,session,us,25958,0.0037548268643258324,0.0037578508891219116,0.046382618075352496,0.361537822656299,0.531072757054894,0.5033829682869712,0.5285203892323778,0.5551839939166755
BTCUSDT,sqrt_usd,15,900,period,2018,25721,0.003475053120616239,0.004102643405628414,0.06376112903852883,0.3298207480233675,0.49603790362514627,0.4361857057508213,0.49098954128647043,0.6914338843793627
BTCUSDT,sqrt_usd,15,900,period,2019,30685,0.0035593914921860153,0.003255320013181843,0.038487860518168486,0.37670119579473305,0.5472519337462672,0.5455802372684988,0.5491939792101699,0.4710667130252966
BTCUSDT,count,15,900,all,all,56406,0.0402233237580496,0.08252025034682955,0.22483423749246534,0.2435221597550517,0.3916651711345788,0.36408155805920794,0.39595686931201446,1.3822084796629899
BTCUSDT,count,15,900,vol_regime,high_vol,18807,0.04299622904779038,0.10404790940625276,0.2704312224171851,0.30289188738306105,0.4649532172488051,0.43917546680548647,0.4662462629875954,1.5364331245541323
BTCUSDT,count,15,900,vol_regime,low_vol,18781,0.036562552070078275,0.06624426034357309,0.18928704541824184,0.16817388102209915,0.28792611058030954,0.26566960575385523,0.2993723498282035,1.2363189855239742
BTCUSDT,count,15,900,vol_regime,mid_vol,18818,0.04212686362803898,0.08350877084147611,0.21474120522903603,0.20575550999215164,0.34128894006628413,0.3475387434300004,0.35225132977957396,1.2888250782725432
BTCUSDT,count,15,900,session,asia,18702,0.040434338236405916,0.0801529637638519,0.21585926638862155,0.21964307638263633,0.3601759902316342,0.3331086904995806,0.3638575722983368,1.3693879238471613
BTCUSDT,count,15,900,session,europe,11746,0.03634116264130898,0.07614488098469878,0.2361655031500085,0.21336362564193712,0.3516895036787605,0.3404044740971661,0.3577917661472395,1.4257180676032242
BTCUSDT,count,15,900,session,us,25958,0.04214862628776986,0.08725095149240626,0.22617304877109176,0.2685990945234369,0.42345780583161946,0.39313333803061745,0.4283930698473287,1.361328043113157
BTCUSDT,count,15,900,period,2018,25721,0.038549499690422574,0.09394783066546503,0.26184829516737296,0.22400329293316754,0.3660174678065976,0.3260386572013826,0.36810313824739405,1.7034074614750336
BTCUSDT,count,15,900,period,2019,30685,0.041254827196761774,0.0736483503472528,0.1938080495356037,0.2752820719640931,0.4317195042820988,0.4026372152365595,0.4351361842391004,1.1209390465168028
BTCUSDT,kyle_usd,15,3600,all,all,14098,35.081047832120795,32.31306653524587,0.007944389275074478,0.5684474286665557,0.7248536588183025,0.6770887141765028,0.713582619566993,0.4342409433115775
BTCUSDT,kyle_usd,15,3600,vol_regime,high_vol,4701,41.9917054290953,37.74572763207837,0.0034035311635822164,0.6578461118423709,0.7936154111569547,0.7538951103796556,0.7894027034136689,0.38290753393562377
BTCUSDT,kyle_usd,15,3600,vol_regime,low_vol,4694,32.63301533610179,31.094462327671458,0.014273540690242864,0.44421352209219295,0.6151632224695872,0.6049194574766433,0.6063963681367291,0.48171095826816124
BTCUSDT,kyle_usd,15,3600,vol_regime,mid_vol,4703,31.7229223874776,26.510745606471012,0.006166276844567297,0.4894982126236238,0.6572659281831759,0.6236410899787085,0.64716620093683,0.42908628471831023
BTCUSDT,kyle_usd,15,3600,session,asia,4674,34.515000686210385,33.70530100150965,0.009199828840393666,0.5552284238919735,0.7140152730780334,0.6803626013244449,0.7042126094479897,0.44825273896371487
BTCUSDT,kyle_usd,15,3600,session,europe,2936,32.04188172715261,27.54865701327342,0.008855585831062671,0.5264249742157132,0.689748901004707,0.6478104279505453,0.6778630419658656,0.42831367967372524
BTCUSDT,kyle_usd,15,3600,session,us,6488,36.85750982928821,33.11339142508713,0.006627620221948212,0.586508890861842,0.7393704431662299,0.6824659313468974,0.7302984380921976,0.4264647745910424
BTCUSDT,kyle_usd,15,3600,period,2018,6428,34.03216483704712,33.142804563041864,0.009489732420659614,0.6188965147200401,0.7645905826501423,0.6899325124473559,0.750965450090618,0.4772800632741562
BTCUSDT,kyle_usd,15,3600,period,2019,7670,35.96303534968495,31.597938973369544,0.006649282920469361,0.5089737957704962,0.674595936916995,0.6603510873035547,0.6784100418785777,0.3973998597957613
BTCUSDT,sqrt_usd,15,3600,all,all,14098,0.0033111707316229996,0.002705660233208297,0.015108526032061285,0.573652729015933,0.7290715650773353,0.7014359057587379,0.7311071503885037,0.33791015038297934
BTCUSDT,sqrt_usd,15,3600,vol_regime,high_vol,4701,0.004239335192073151,0.0032281782012076707,0.012975962561157201,0.6199753109798006,0.7654132834960606,0.7424563171823451,0.7698210662294719,0.29605191881001414
BTCUSDT,sqrt_usd,15,3600,vol_regime,low_vol,4694,0.002694387117267686,0.002156264267839842,0.018747337025990626,0.46335153794337297,0.6332744059497523,0.6203398561867277,0.6446007258315463,0.37098975345010576
BTCUSDT,sqrt_usd,15,3600,vol_regime,mid_vol,4703,0.0031796996440651595,0.002438191377937808,0.013608335105251966,0.4626341620846972,0.6326040702143908,0.6319062610588796,0.6386293318078701,0.34420294683202324
BTCUSDT,sqrt_usd,15,3600,session,asia,4674,0.0031784342680626085,0.002714489731518644,0.01690201112537441,0.5611220505064703,0.7188701874070988,0.697302547900742,0.7224958628662368,0.35147706201777346
BTCUSDT,sqrt_usd,15,3600,session,europe,2936,0.0030442681128898374,0.0023471983031483194,0.01430517711171662,0.5321133063028233,0.6946135173081652,0.6700940681736353,0.6991752403702239,0.34231959684195734
BTCUSDT,sqrt_usd,15,3600,session,us,6488,0.0035302034791557164,0.002812228917282775,0.014180024660912454,0.5889707861331756,0.7413236181219665,0.7111259805794042,0.7445731631497029,0.3265618171155343
BTCUSDT,sqrt_usd,15,3600,period,2018,6428,0.003326671677147017,0.0029826900236396944,0.01913503422526447,0.564149626835006,0.7213499490794114,0.6731094203581554,0.7211119947904204,0.3914557084012595
BTCUSDT,sqrt_usd,15,3600,period,2019,7670,0.0032973173650862712,0.0025162880425744433,0.011734028683181226,0.5897464647393815,0.7419377590326176,0.7296413128650195,0.7476330664672779,0.28944745989631887
BTCUSDT,count,15,3600,all,all,14098,0.03496646569093566,0.05996933669252033,0.18761526457653568,0.4772951477314215,0.6461743930647442,0.6324333985650228,0.6514478778281088,0.8495732392696117
BTCUSDT,count,15,3600,vol_regime,high_vol,4701,0.03137321220143224,0.0765765291485084,0.2763241863433312,0.532454732478975,0.694904353380344,0.6751880074314669,0.6974985747213289,1.1350735884679035
BTCUSDT,count,15,3600,vol_regime,low_vol,4694,0.03477384780538754,0.046048864179268456,0.10822326374094589,0.3904552098231408,0.5616221321833226,0.5585985979698198,0.5712960742967557,0.6809181436171284
BTCUSDT,count,15,3600,vol_regime,mid_vol,4703,0.03775450951186088,0.06180997518630477,0.17818413778439293,0.45268917251065677,0.623242991104948,0.6345849405715634,0.6328079135890108,0.7678311806219257
BTCUSDT,count,15,3600,session,asia,4674,0.034901881547692505,0.057416684245220416,0.17629439452289258,0.4534216783172733,0.6239368589055737,0.6096418207465583,0.625565104912261,0.8328208449926632
BTCUSDT,count,15,3600,session,europe,2936,0.03154345295697851,0.05367342182301226,0.19618528610354224,0.43484722329594233,0.6061233784835551,0.5962425789093027,0.6101724437755285,0.8783425658726668
BTCUSDT,count,15,3600,session,us,6488,0.03677519102737814,0.0648987036124958,0.19189272503082613,0.5020852256979593,0.6685176275063358,0.6598224909422068,0.6759359376195166,0.8463093308398684
BTCUSDT,count,15,3600,period,2018,6428,0.02989284922244629,0.06658555199495284,0.24579962663347854,0.45822905714114104,0.628473359376749,0.6045312153573779,0.6337185047069952,1.1516372123799428
BTCUSDT,count,15,3600,period,2019,7670,0.03747838957298773,0.05323661343312558,0.13885267275097785,0.5034299219010637,0.6697085305638781,0.6549199390529613,0.6745401197924443,0.6756455307779351
BTCUSDT,kyle_usd,15,14400,all,all,3516,31.725686481126285,25.548827020453974,0.0017064846416382253,0.7359210933376882,0.8478738995246827,0.8106800043500737,0.846949826230148,0.2812942225840565
BTCUSDT,kyle_usd,15,14400,vol_regime,high_vol,1179,38.48067185253116,32.42410460727507,0.0008481764206955047,0.8149794511135733,0.8980591495000628,0.8746303353434869,0.8965458275350974,0.24162931519962041
BTCUSDT,kyle_usd,15,14400,vol_regime,low_vol,1170,29.882280962528952,24.112399182830817,0.003418803418803419,0.625906857885563,0.7699172370790461,0.7648056759016327,0.7641700337297915,0.30692463492882927
BTCUSDT,kyle_usd,15,14400,vol_regime,mid_vol,1167,28.824566870594005,19.48931251577007,0.000856898029134533,0.6550440108108075,0.791572920758646,0.7484046067326554,0.7922485598688771,0.2848314025987348
BTCUSDT,kyle_usd,15,14400,session,asia,1165,30.548643143518458,26.381585421770662,0.002575107296137339,0.7253999602858199,0.8408484722181798,0.811534159794191,0.8382409507988391,0.3021954082925622
BTCUSDT,kyle_usd,15,14400,session,europe,1172,29.65719746175482,22.397275532901304,0.002559726962457338,0.7016743451847431,0.8246869880483102,0.7906878438727403,0.8248399134302666,0.2794805975263037
BTCUSDT,kyle_usd,15,14400,session,us,1179,36.05879205011717,27.14521884092072,0.0,0.7669249499653195,0.8680900113843232,0.8183828208854023,0.8656826445304994,0.2552222238327591
BTCUSDT,kyle_usd,15,14400,period,2018,1604,31.716971162803702,24.822880465302653,0.0024937655860349127,0.77803393686196,0.8751620773168219,0.8008687494165591,0.8698793122383502,0.2927002459433309
BTCUSDT,kyle_usd,15,14400,period,2019,1912,31.79644682951411,26.792911238754854,0.0010460251046025104,0.6950486544236076,0.8200928659006018,0.816127445364679,0.8219215016309165,0.2707091188487662
BTCUSDT,sqrt_usd,15,14400,all,all,3516,0.0030991246651446433,0.002108359039349885,0.007963594994311717,0.7131265156050237,0.8325439004172664,0.809808210758986,0.8353793052010073,0.2252915917688107
BTCUSDT,sqrt_usd,15,14400,vol_regime,high_vol,1179,0.003817937150751345,0.002706340731147998,0.006785411365564037,0.7532018801490826,0.8592300620679627,0.8473348158887154,0.8610253316112211,0.20660654918350105
BTCUSDT,sqrt_usd,15,14400,vol_regime,low_vol,1170,0.0026626957420081555,0.0016098731695216627,0.008547008547008548,0.6063732234175873,0.7549593264851834,0.7454246850081225,0.7656863044159564,0.22899364735490166
BTCUSDT,sqrt_usd,15,14400,vol_regime,mid_vol,1167,0.003028526749026706,0.0018478821637849434,0.00856898029134533,0.6159805767311685,0.7623613620123874,0.7663326336094107,0.7690780256505985,0.22473599784763945
BTCUSDT,sqrt_usd,15,14400,session,asia,1165,0.0029467145709503755,0.0020944472934207032,0.0068669527896995704,0.7171311016787646,0.8352665687292677,0.8158591947066951,0.835488433553137,0.23291018911576353
BTCUSDT,sqrt_usd,15,14400,session,europe,1172,0.0028354806418041073,0.0017602368182073735,0.008532423208191127,0.6640833224010535,0.7981371046287136,0.7848451306241567,0.8030947805434829,0.22925677791496918
BTCUSDT,sqrt_usd,15,14400,session,us,1179,0.0035350788884319986,0.0022761081232482486,0.008481764206955046,0.724412193554153,0.8401844944752808,0.8075106223504699,0.8439959177708308,0.21179947186902898
BTCUSDT,sqrt_usd,15,14400,period,2018,1604,0.003251724573973854,0.0022196545194133584,0.00997506234413965,0.7164633823268132,0.8348134771807199,0.8007339276150649,0.835904778812888,0.24211876705551624
BTCUSDT,sqrt_usd,15,14400,period,2019,1912,0.0029927234443142235,0.002045586606669002,0.006276150627615063,0.707649848232359,0.8287997085173745,0.81983162716012,0.834920968333725,0.20509755484631284
BTCUSDT,count,15,14400,all,all,3516,0.02885448600097913,0.04992265981446614,0.2025028441410694,0.6731025038591779,0.8046159781682232,0.8013738333517111,0.8063222896709749,0.6098901831330764
BTCUSDT,count,15,14400,vol_regime,high_vol,1179,0.019646823456014966,0.06421378507098537,0.33502968617472434,0.6976106431223229,0.8218735502732777,0.8181787703724729,0.8252285017676967,1.0688953208598948
BTCUSDT,count,15,14400,vol_regime,low_vol,1170,0.03188361581870014,0.035174915506981735,0.08461538461538462,0.6012946607878822,0.7510106359713061,0.7371629589899323,0.7521904657950356,0.43149878150740134
BTCUSDT,count,15,14400,vol_regime,mid_vol,1167,0.029965172307483072,0.053829043290263515,0.1868037703513282,0.6630700359341036,0.7974048255420275,0.8107706711899917,0.7994358238498407,0.581574670461372
BTCUSDT,count,15,14400,session,asia,1165,0.029029404468768026,0.047648951800223965,0.18283261802575107,0.6277219732118579,0.7712889345263585,0.7691363040896071,0.7743817142363967,0.6019822411291958
BTCUSDT,count,15,14400,session,europe,1172,0.024140202546816796,0.0435938650486857,0.22184300341296928,0.662519456687378,0.797006560160768,0.8067553337710647,0.7984573560570872,0.6741025866983462
BTCUSDT,count,15,14400,session,us,1179,0.033961663702505175,0.057555523594598756,0.20271416454622562,0.7065404394209899,0.8280383202178452,0.8208194785918217,0.8308177151181877,0.5578430720915395
BTCUSDT,count,15,14400,period,2018,1604,0.020926403805303178,0.05306501803869456,0.27805486284289277,0.6423353277095443,0.7822218969196341,0.7756383827575098,0.7864175236860007,0.9780008777560018
BTCUSDT,count,15,14400,period,2019,1912,0.03285992698336539,0.044501497530362255,0.13912133891213388,0.6994100474733779,0.8231209983879237,0.8141550268358869,0.8246530180813911,0.4529974186132636
BTCUSDT,kyle_usd,15,86400,all,all,584,29.16423297024409,21.879478291919142,0.0,0.8867633713156792,0.9399836617533238,0.9225708615770375,0.938757100499558,0.16293419116304222
BTCUSDT,kyle_usd,15,86400,period,2018,266,30.48869870527766,19.778073878631105,0.0,0.888828727731992,0.9411427459590279,0.8996150332767845,0.9353132926129671,0.17158632686417585
BTCUSDT,kyle_usd,15,86400,period,2019,318,27.497400778319516,23.906552764208037,0.0,0.8857891273940842,0.939436031872906,0.9352558133066724,0.9396718468975628,0.15806584379786753
BTCUSDT,sqrt_usd,15,86400,all,all,584,0.0029446256150483232,0.0015434247992094897,0.005136986301369863,0.8280896937117701,0.9059617769961923,0.8939279339285875,0.9081400207175925,0.1291420773021724
BTCUSDT,sqrt_usd,15,86400,period,2018,266,0.0031623070344278404,0.0016832626550644268,0.011278195488721804,0.8252369810916645,0.9042518748421311,0.8920973562255832,0.9057000074689717,0.13597936989880752
BTCUSDT,sqrt_usd,15,86400,period,2019,318,0.002741615124321085,0.0013850175169882266,0.0,0.8288267424301314,0.9064026932685735,0.8919977184596585,0.9085359845829535,0.12160234974847177
BTCUSDT,count,15,86400,all,all,584,0.02119152606813223,0.04060764264072055,0.2482876712328767,0.8620007156758607,0.9258865567760811,0.9242053726342482,0.9261774243697924,0.4084723745250912
BTCUSDT,count,15,86400,period,2018,266,0.009128056636092039,0.04078613935360696,0.36466165413533835,0.8402856028476321,0.9132121683149463,0.9070824040725922,0.9135354689223268,1.0827523101108576
BTCUSDT,count,15,86400,period,2019,318,0.028342497801138285,0.03730534137389069,0.1509433962264151,0.8630067650210547,0.9264665928481494,0.9245149630809265,0.9255977553232362,0.27119036722322726
BTCUSDT,kyle_usd,60,300,all,all,0,,,,,,,,
BTCUSDT,kyle_usd,60,300,vol_regime,high_vol,0,,,,,,,,
BTCUSDT,kyle_usd,60,300,vol_regime,low_vol,0,,,,,,,,
BTCUSDT,kyle_usd,60,300,vol_regime,mid_vol,0,,,,,,,,
BTCUSDT,kyle_usd,60,300,session,asia,0,,,,,,,,
BTCUSDT,kyle_usd,60,300,session,europe,0,,,,,,,,
BTCUSDT,kyle_usd,60,300,session,us,0,,,,,,,,
BTCUSDT,kyle_usd,60,300,period,2018,0,,,,,,,,
BTCUSDT,kyle_usd,60,300,period,2019,0,,,,,,,,
BTCUSDT,sqrt_usd,60,300,all,all,0,,,,,,,,
BTCUSDT,sqrt_usd,60,300,vol_regime,high_vol,0,,,,,,,,
BTCUSDT,sqrt_usd,60,300,vol_regime,low_vol,0,,,,,,,,
BTCUSDT,sqrt_usd,60,300,vol_regime,mid_vol,0,,,,,,,,
BTCUSDT,sqrt_usd,60,300,session,asia,0,,,,,,,,
BTCUSDT,sqrt_usd,60,300,session,europe,0,,,,,,,,
BTCUSDT,sqrt_usd,60,300,session,us,0,,,,,,,,
BTCUSDT,sqrt_usd,60,300,period,2018,0,,,,,,,,
BTCUSDT,sqrt_usd,60,300,period,2019,0,,,,,,,,
BTCUSDT,count,60,300,all,all,0,,,,,,,,
BTCUSDT,count,60,300,vol_regime,high_vol,0,,,,,,,,
BTCUSDT,count,60,300,vol_regime,low_vol,0,,,,,,,,
BTCUSDT,count,60,300,vol_regime,mid_vol,0,,,,,,,,
BTCUSDT,count,60,300,session,asia,0,,,,,,,,
BTCUSDT,count,60,300,session,europe,0,,,,,,,,
BTCUSDT,count,60,300,session,us,0,,,,,,,,
BTCUSDT,count,60,300,period,2018,0,,,,,,,,
BTCUSDT,count,60,300,period,2019,0,,,,,,,,
BTCUSDT,kyle_usd,60,900,all,all,56406,38.975059340744224,53.63837029262009,0.08883806687231854,0.17421671514369436,0.29673690196511066,0.294684334116859,0.11548164887698409,1.1614830454170595
BTCUSDT,kyle_usd,60,900,vol_regime,high_vol,18807,47.75433241639512,58.423701458448285,0.05503270059020578,0.21812634604720896,0.35813418986466183,0.34124054771867735,0.2256309370333034,0.9922934227096055
BTCUSDT,kyle_usd,60,900,vol_regime,low_vol,18786,34.17548803606929,53.18263159858097,0.11737464068987544,0.11514641840095777,0.2065135420800969,0.21867612001124243,-0.03402873735522283,1.4017394239908871
BTCUSDT,kyle_usd,60,900,vol_regime,mid_vol,18813,35.3875321310572,48.22899554530011,0.09413703290278,0.15097415899761432,0.2623415266405251,0.27548378353403224,0.06185394496265595,1.141943014591904
BTCUSDT,kyle_usd,60,900,session,asia,18702,37.46566545129931,54.910738272684306,0.09629986097743556,0.17213968895626466,0.293718727517105,0.29141094166925924,0.11314486241181376,1.2083212122703952
BTCUSDT,kyle_usd,60,900,session,europe,11746,35.649304448425674,46.954303200908086,0.08964753958794483,0.14976708666037505,0.26051726197066577,0.24992959868676953,0.08510184609180727,1.149167456462791
BTCUSDT,kyle_usd,60,900,session,us,25958,41.616596236005606,55.952388573452225,0.08309577009014563,0.18013415687633333,0.3052774226162995,0.3093929774345996,0.11618310996445536,1.1354574656602612
BTCUSDT,kyle_usd,60,900,period,2018,25721,36.82811396942694,58.06248835610426,0.1173749076629991,0.22438012320057824,0.36652036234309276,0.35117222654341673,0.2139090470520133,1.2927631866820188
BTCUSDT,kyle_usd,60,900,period,2019,30685,40.46656647445913,50.21132777131632,0.06491771223724947,0.11875588297136187,0.21229990345338243,0.22618317179676384,0.002532029036559802,1.0695169031568683
BTCUSDT,sqrt_usd,60,900,all,all,56406,0.002792216228252645,0.004126219907756747,0.1372194447399213,0.15666380522826823,0.2708890941691575,0.27021741022305634,0.15548431200709045,1.1371410439647613
BTCUSDT,sqrt_usd,60,900,vol_regime,high_vol,18807,0.0037799866722152266,0.005027168765394417,0.1143191364917318,0.17546010330532924,0.2985385940568209,0.3086866718186176,0.17819858399579636,0.977645419769202
BTCUSDT,sqrt_usd,60,900,vol_regime,low_vol,18786,0.002192943679455221,0.003409348235882531,0.1594804641754498,0.0932556316998825,0.17060169460070576,0.17737464305742362,0.05198321340562062,1.2614451040092023
BTCUSDT,sqrt_usd,60,900,vol_regime,mid_vol,18813,0.002686716264243307,0.0038303338553594543,0.13788337851485674,0.11650147795386959,0.2086902350857131,0.22922935087149493,0.07235688536443885,1.130970837084829
BTCUSDT,sqrt_usd,60,900,session,asia,18702,0.002600952451605836,0.004042881942871776,0.14511816917976686,0.15036943594963734,0.2614280791031386,0.2575674718837966,0.1459260087120816,1.1912466408737012
BTCUSDT,sqrt_usd,60,900,session,europe,11746,0.0025571300090595434,0.0037723094250535862,0.14490039162268006,0.14367156386594776,0.2512461941089021,0.24711771956724715,0.1495736166685614,1.1422736051807696
BTCUSDT,sqrt_usd,60,900,session,us,25958,0.00304606841881177,0.0043443381021709745,0.12805300870637182,0.16129117301523604,0.27777903899235085,0.281349011590867,0.15227449257907144,1.0966398185561856
BTCUSDT,sqrt_usd,60,900,period,2018,25721,0.0027354089309125557,0.0046913579592421,0.16892811321488277,0.17276037693424132,0.2946217834982811,0.2818853990390047,0.1895726314951489,1.2998171384518638
BTCUSDT,sqrt_usd,60,900,period,2019,30685,0.0028320845116951788,0.0037113414854073753,0.11064037803487045,0.13673196031091545,0.24057027528902583,0.2560365779057399,0.10077820659922299,1.0073672475505526
BTCUSDT,count,60,900,all,all,56406,0.014234354070608628,0.08946397172463039,0.4043718753324114,0.07700537852011285,0.1429990602756768,0.13633048682788654,0.035215909186347205,5.882768954196489
BTCUSDT,count,60,900,vol_regime,high_vol,18807,0.0049015107980670825,0.1204959702879208,0.47508906258308076,0.09199376879100626,0.1684877174580521,0.1744797411034738,0.05705879370229583,21.22478012467319
BTCUSDT,count,60,900,vol_regime,low_vol,18786,0.01936153636976563,0.06763970359673818,0.33684658788459493,0.030128059376361576,0.05849381366157732,0.03885573592410782,-0.06980453873563186,3.291738479162375
BTCUSDT,count,60,900,vol_regime,mid_vol,18813,0.014942419058818412,0.09157734111830126,0.40110561845532344,0.07254905082093165,0.13528341806913619,0.1366611372125436,0.024612780239241405,5.410679664446552
BTCUSDT,count,60,900,session,asia,18702,0.013332184218209708,0.08481488011827773,0.4084589883434927,0.06458993274174678,0.12134236996850375,0.10287864289098599,0.010374037060284502,6.041750911921242
BTCUSDT,count,60,900,session,europe,11746,0.01186219397095803,0.08331760051052156,0.41486463476928315,0.07040892785352092,0.13155519544238323,0.12265949616845548,0.003219640203475982,6.680012242451249
BTCUSDT,count,60,900,session,us,25958,0.016113897573478676,0.09626833899183812,0.3966792510979274,0.08683442505197136,0.15979329150862887,0.16250104774981788,0.06409086957379462,5.457036715088301
BTCUSDT,count,60,900,period,2018,25721,0.013635918362326043,0.10073232511371844,0.4117647058823529,0.07151730215101139,0.13348790916851158,0.12280604917745408,0.032485096501251864,6.846941955810663
BTCUSDT,count,60,900,period,2019,30685,0.01467108057000172,0.08191935191622118,0.39817500407365164,0.08282887241447692,0.15298608030239577,0.14913250957295535,0.03392083306817817,5.139583966012015
BTCUSDT,kyle_usd,60,3600,all,all,14098,33.925903175115096,35.750092445923215,0.022556390977443608,0.44808926599339305,0.6188696740128139,0.5857612731018172,0.6081786661191441,0.5701123060951669
BTCUSDT,kyle_usd,60,3600,vol_regime,high_vol,4701,41.491527939185104,41.464340539180995,0.012125079770261647,0.5046949248599815,0.6708269118498497,0.6371610862573596,0.6646459538032382,0.5130515277069397
BTCUSDT,kyle_usd,60,3600,vol_regime,low_vol,4695,30.529974425411364,34.572953523380335,0.03407880724174654,0.35079405667543706,0.5193893990602956,0.5184271679540103,0.49962454597905437,0.6321535156852601
BTCUSDT,kyle_usd,60,3600,vol_regime,mid_vol,4702,30.521417020221154,30.910616663945515,0.021480221182475542,0.3909462453525172,0.5621299121497495,0.5483611221104872,0.537455206862479,0.572665753473556
BTCUSDT,kyle_usd,60,3600,session,asia,4674,32.14925917345117,35.83259395982118,0.027599486521181,0.46116693760135663,0.6312310054844325,0.6013178931095341,0.6194959821198378,0.5874835337798102
BTCUSDT,kyle_usd,60,3600,session,europe,2936,30.98646817323461,31.237939273746303,0.01907356948228883,0.406807031163929,0.5783409126514746,0.5365092665750735,0.5616984065865398,0.5707144038649525
BTCUSDT,kyle_usd,60,3600,session,us,6488,36.444364157437846,37.49317760933785,0.020499383477188656,0.44559370526526665,0.6164853978573462,0.5881952633514568,0.6026069914908441,0.5610818474611577
BTCUSDT,kyle_usd,60,3600,period,2018,6428,33.004145545171355,38.79040362285489,0.032202862476664595,0.5208445145299874,0.684941175187725,0.646036423904291,0.6693079310012089,0.6135400509029655
BTCUSDT,kyle_usd,60,3600,period,2019,7670,34.57280485404513,33.61647278025107,0.014471968709256844,0.35759923560622925,0.5268111917381054,0.5168462846659709,0.5194289589813441,0.5386118434763675
BTCUSDT,sqrt_usd,60,3600,all,all,14098,0.002486987505565816,0.0027386704490394895,0.05958291956305859,0.38943448884383736,0.5605654559041351,0.5382155881374362,0.5605330998797744,0.5973567646345219
BTCUSDT,sqrt_usd,60,3600,vol_regime,high_vol,4701,0.0032525735186558586,0.0034477284639688934,0.054243777919591576,0.42603393172003445,0.5975088281471207,0.5867458472857547,0.5999554984997526,0.5295834646712074
BTCUSDT,sqrt_usd,60,3600,vol_regime,low_vol,4695,0.001993085882362833,0.0021805852259713836,0.06730564430244941,0.296697193958336,0.45761985965687085,0.4515700545749033,0.47756131534147406,0.6382734030397405
BTCUSDT,sqrt_usd,60,3600,vol_regime,mid_vol,4702,0.002432352944485472,0.002438736060404436,0.057209698000850705,0.29971431041843394,0.46120029304277343,0.4722144153448343,0.45636742351642146,0.5914783183893353
BTCUSDT,sqrt_usd,60,3600,session,asia,4674,0.0022495759981673103,0.0026371462205637495,0.06760804450149764,0.38654176776302296,0.5575623854255037,0.5385400222779886,0.5598564232322913,0.6295775129969499
BTCUSDT,sqrt_usd,60,3600,session,europe,2936,0.00225454773859296,0.0023873243730737005,0.0582425068119891,0.3589842050235394,0.5283125494712005,0.4880147778031135,0.5235009022573679,0.6216654698097758
BTCUSDT,sqrt_usd,60,3600,session,us,6488,0.002731557486346503,0.0029618204072118567,0.05440813810110974,0.3932704438194326,0.5645285099730435,0.5464337557900746,0.5639081403503678,0.5748348037996593
BTCUSDT,sqrt_usd,60,3600,period,2018,6428,0.0024900192504791613,0.0031993480889903536,0.08151835718730553,0.4195535774463664,0.5911063648631014,0.5600636094564748,0.5914613213068824,0.6772933057299992
BTCUSDT,sqrt_usd,60,3600,period,2019,7670,0.0024820000351779775,0.00242899458569436,0.04119947848761408,0.3458125303741236,0.5139089175785737,0.5135590399198623,0.5235494918997183,0.5269877079784686
BTCUSDT,count,60,3600,all,all,14098,0.008975833401557849,0.05383237020213087,0.4034614838984253,0.276672943051902,0.4334280671610569,0.4062726941594807,0.4468065440147774,4.239913770828389
BTCUSDT,count,60,3600,vol_regime,high_vol,4701,-0.0030023878138316753,0.07405310591145624,0.5252074026802808,0.31462733037778373,0.4786563052623734,0.4627267215449949,0.4881525660755326,15.470382000223273
BTCUSDT,count,60,3600,vol_regime,low_vol,4695,0.015537840688422075,0.03899466012091893,0.28391906283280083,0.16798200485555292,0.287644850960401,0.2693699768600635,0.30853967234176416,1.853066678320939
BTCUSDT,count,60,3600,vol_regime,mid_vol,4702,0.009744111039958078,0.054681128773394296,0.4011059123777116,0.23545412457298534,0.38116206808466685,0.37508413137896657,0.3975116500143683,3.824614723448906
BTCUSDT,count,60,3600,session,asia,4674,0.007718341265490054,0.050669418207403776,0.4099272571673085,0.24177741428447014,0.38940539826742737,0.3750734739503207,0.40119840219293124,4.688903224145621
BTCUSDT,count,60,3600,session,europe,2936,0.007492573453979698,0.04834513012430963,0.4128065395095368,0.2705504005505515,0.425879052784238,0.3841062331011548,0.43588035563527894,4.738168772779826
BTCUSDT,count,60,3600,session,us,6488,0.010814588031984122,0.058190834781485415,0.39457459926017263,0.29783154573468656,0.4589679557620674,0.4329152430643184,0.46892882836095273,3.7536126665710756
BTCUSDT,count,60,3600,period,2018,6428,0.005315954506474655,0.06083703722272383,0.44228375855631613,0.2805585766585499,0.4381815588485312,0.41192761771027525,0.4529983488974475,7.889311894292731
BTCUSDT,count,60,3600,period,2019,7670,0.011512942370667354,0.048609920575823314,0.3709256844850065,0.2746056868723697,0.43088727706244234,0.39693923091491734,0.4324873149288706,3.010463490180411
BTCUSDT,kyle_usd,60,14400,all,all,3516,30.815068669632574,28.450839248156676,0.0034129692832764505,0.6505978106271975,0.788317791818689,0.7602431936836832,0.7875430831797845,0.3666282951169617
BTCUSDT,kyle_usd,60,14400,vol_regime,high_vol,1179,37.80526621580365,34.24051226529203,0.0008481764206955047,0.7042480746315705,0.8264619278315065,0.8064369325573812,0.8280469859445421,0.3287400211605909
BTCUSDT,kyle_usd,60,14400,vol_regime,low_vol,1170,27.86216847939186,27.102221352812208,0.006837606837606838,0.5744441029678851,0.7297103808068344,0.7324264831020899,0.7422801608411482,0.3801540566938292
BTCUSDT,kyle_usd,60,14400,vol_regime,mid_vol,1167,27.483621641475946,22.87434259816742,0.002570694087403599,0.5759416804819152,0.7309175048987792,0.7010881570902477,0.7398568061517561,0.3723503396034555
BTCUSDT,kyle_usd,60,14400,session,asia,1165,27.836902038411708,28.219981405144416,0.005150214592274678,0.6463665437023105,0.7852036913344662,0.7616376377785427,0.7861011860285709,0.39813802954966854
BTCUSDT,kyle_usd,60,14400,session,europe,1172,29.141721759661422,25.146612681940514,0.0017064846416382253,0.609014195722188,0.7570028870364799,0.7410176096405104,0.7655769701883255,0.370680974673188
BTCUSDT,kyle_usd,60,14400,session,us,1179,35.088667099459094,30.905535892185164,0.0033927056827820186,0.6768066902130587,0.8072566672871065,0.7663315792683663,0.8026118556373406,0.33441547992616155
BTCUSDT,kyle_usd,60,14400,period,2018,1604,31.33826604624158,29.94226658385201,0.006234413965087282,0.6995946882432732,0.8232488523088818,0.7806190346666566,0.8217230744418931,0.3737789736147651
BTCUSDT,kyle_usd,60,14400,period,2019,1912,30.443150663704508,27.608631456578983,0.0010460251046025104,0.5913739143197874,0.743224340927522,0.7410426568815507,0.7574966225192653,0.350455434857752
BTCUSDT,sqrt_usd,60,14400,all,all,3516,0.0022853812852971257,0.0021165164749269135,0.030716723549488054,0.5423487328804818,0.7032764008793192,0.6926886318593602,0.7097508868508453,0.40160265386034827
BTCUSDT,sqrt_usd,60,14400,vol_regime,high_vol,1179,0.0028045798055968715,0.0026692098469643334,0.03816793893129771,0.5764655417106361,0.7313392224039461,0.7270407662537083,0.7388260893694244,0.38669925530606125
BTCUSDT,sqrt_usd,60,14400,vol_regime,low_vol,1170,0.001875546310962382,0.0017604139282983117,0.028205128205128206,0.48697253044965383,0.6549852407863856,0.6663797349749381,0.6686977338639304,0.40244057641558684
BTCUSDT,sqrt_usd,60,14400,vol_regime,mid_vol,1167,0.002305090848719941,0.001894487961179185,0.02570694087403599,0.42676287616250846,0.5982253719838168,0.6314622077729355,0.6040181988001223,0.3856900557340976
BTCUSDT,sqrt_usd,60,14400,session,asia,1165,0.002011054784377573,0.0018998796398626819,0.027467811158798282,0.54500710866239,0.7055075741809849,0.6984190067528058,0.7040341874686786,0.4324396603755628
BTCUSDT,sqrt_usd,60,14400,session,europe,1172,0.00214362090138574,0.0018556869418939691,0.03583617747440273,0.5047167640894331,0.6708462032651816,0.6618039176810576,0.6880929904578122,0.3979752864596305
BTCUSDT,sqrt_usd,60,14400,session,us,1179,0.0027771868259537907,0.0023781308228861585,0.02883799830364716,0.5414726684934026,0.7025394346078476,0.6871874884651789,0.7076301972952859,0.3668161140358768
BTCUSDT,sqrt_usd,60,14400,period,2018,1604,0.0024480617144065978,0.0024439996004164515,0.046758104738154616,0.5652032009279911,0.7222106376895839,0.71404727132509,0.7237427257539779,0.42932112417187174
BTCUSDT,sqrt_usd,60,14400,period,2019,1912,0.002189719236032735,0.0019041831944954593,0.017259414225941423,0.4988602196010153,0.6656527581121713,0.669381035332772,0.6808818740903018,0.36397812660470213
BTCUSDT,count,60,14400,all,all,3516,0.004646273693107491,0.04071578209423393,0.42974971558589303,0.48106423499368656,0.6496196770233091,0.6304835661740009,0.6624459333833598,4.816559648343243
BTCUSDT,count,60,14400,vol_regime,high_vol,1179,-0.008977586474788194,0.0563326473732964,0.5954198473282443,0.47610846646029636,0.6450860181054351,0.6355441356974708,0.6569104361013633,3.025229865979361
BTCUSDT,count,60,14400,vol_regime,low_vol,1170,0.01222068786284439,0.02816207515324795,0.25982905982905985,0.37895942412452677,0.5496310007310337,0.5429474296069422,0.5653291966555654,1.3292047384612729
BTCUSDT,count,60,14400,vol_regime,mid_vol,1167,0.004192956897327107,0.04209832432516051,0.43273350471293914,0.4485766929528511,0.6193344061589862,0.6227143415353097,0.6340009144431704,5.319804159000552
BTCUSDT,count,60,14400,session,asia,1165,0.0043483699311405,0.03836073585354122,0.4386266094420601,0.47110039664904996,0.6404734819216246,0.6060676981073032,0.6567362897355498,4.693925116164225
BTCUSDT,count,60,14400,session,europe,1172,0.0027210977490507745,0.038685645116345875,0.4513651877133106,0.47089648772897086,0.6402850121098921,0.623899721604905,0.6568190657570909,7.786196701093604
BTCUSDT,count,60,14400,session,us,1179,0.007850985296983174,0.04752877302569326,0.3994910941475827,0.49247805145851226,0.6599467924868202,0.6507623686328154,0.6667315594771045,3.2354593784635433
BTCUSDT,count,60,14400,period,2018,1604,-0.00029298550050438235,0.046420561111409936,0.5056109725685786,0.47724726081038676,0.6461305070196292,0.6319993162120568,0.6623962354795381,85.33744667534877
BTCUSDT,count,60,14400,period,2019,1912,0.008658213110280678,0.035421623104813414,0.36610878661087864,0.47292894878018016,0.6421612517994716,0.6147043052748175,0.6472294170757744,2.3164719808128686
BTCUSDT,kyle_usd,60,86400,all,all,584,30.01890583224901,23.63004137646613,0.0,0.8260472860148494,0.9047381109364458,0.8971972494637445,0.9042962214029602,0.2167658350967498
BTCUSDT,kyle_usd,60,86400,period,2018,266,31.840427136868634,23.716929221126794,0.0,0.8497760441060597,0.9187880303820569,0.8966952177418107,0.9150815739799821,0.20454465259297858
BTCUSDT,kyle_usd,60,86400,period,2019,318,26.70870663142616,25.14352076081451,0.0,0.7914503251743564,0.883586124663911,0.8921579829106628,0.8859441155292558,0.24198349294184643
BTCUSDT,sqrt_usd,60,86400,all,all,584,0.002131435971166,0.0016049062423619572,0.018835616438356163,0.6776684107584156,0.8078693100647526,0.7947383948714872,0.8089103257444124,0.24076394416194236
BTCUSDT,sqrt_usd,60,86400,period,2018,266,0.00232649735295351,0.0017180846313445853,0.03383458646616541,0.7341449385806069,0.8466938630648746,0.8367662753864286,0.8471896796718682,0.23068173773688586
BTCUSDT,sqrt_usd,60,86400,period,2019,318,0.0019256349354258627,0.001378582262443032,0.006289308176100629,0.5884318576678071,0.7408965701956696,0.737107692133684,0.7412566716838309,0.2563976838978908
BTCUSDT,count,60,86400,all,all,584,-0.0011036477204903932,0.03998532727598686,0.5205479452054794,0.7404168639805147,0.850850022548166,0.8410093550771724,0.8537852815738651,10.499810523302036
BTCUSDT,count,60,86400,period,2018,266,-0.008722574679899548,0.04045159837460714,0.6729323308270677,0.7258063405005438,0.8411214207151827,0.8312245326831187,0.8430754008577241,1.4722316767554162
BTCUSDT,count,60,86400,period,2019,318,0.007196077007707825,0.033219538002568015,0.39308176100628933,0.7148763833629027,0.8337351779969325,0.8124789990212007,0.8328146221228341,1.4764415673445646
BNBUSDT,kyle_usd,1,60,all,all,792131,186.75530897149778,1082.4943567802338,0.32916903895946503,0.08821546012427649,0.16212866542844762,0.23352645397410401,-12.373088745600052,150.19893486692624
BNBUSDT,kyle_usd,1,60,vol_regime,high_vol,266601,390.0685958446422,1941.2790031986788,0.2775608493591547,0.0831351865364779,0.1535084217923301,0.23219208872637828,-9.574695912798804,104.70863986489304
BNBUSDT,kyle_usd,1,60,vol_regime,low_vol,258737,88.3821546101723,724.8931636797979,0.38269748818298116,0.07716289729277703,0.14327061856049775,0.21279742502918556,-27.73055954781635,243.99241486879072
BNBUSDT,kyle_usd,1,60,vol_regime,mid_vol,266793,163.45393561678367,895.4286301524833,0.3288279677502783,0.09405983128696362,0.17194641206472086,0.22604075316583197,-11.587032690599726,133.26967158295201
BNBUSDT,kyle_usd,1,60,session,asia,260307,168.82830441729638,977.1648469741307,0.33231146300329995,0.08495241905234384,0.1566011883296152,0.22359339460051653,-14.951408505506805,179.32311198391966
BNBUSDT,kyle_usd,1,60,session,europe,165954,209.59337005561133,1065.728144063272,0.31449076250045194,0.08754467670882247,0.16099509028678102,0.23638269225708822,-12.212527964581565,120.3878621873467
BNBUSDT,kyle_usd,1,60,session,us,365870,190.77276037636764,1167.077180189403,0.33359116626124036,0.09055468683238511,0.16607087737233867,0.23831551378292615,-11.03188302296197,146.88999995951187
BNBUSDT,kyle_usd,1,60,period,2018,343777,427.8138449220227,2547.0023811827955,0.30595124164792875,0.05385828836246456,0.10221163311464229,0.2216785370254541,-27.195016805216934,209.60714383449235
BNBUSDT,kyle_usd,1,60,period,2019,448354,116.76520054792708,624.0710886011792,0.3469713663756764,0.05614185858054212,0.106314995707105,0.2123440272651615,-6.971862395273951,41.39745128075077
BNBUSDT,sqrt_usd,1,60,all,all,792133,0.013765003918014235,0.054025602692007575,0.30605592747682525,0.15233942678485335,0.264400268261056,0.2975192508570195,-0.8380317514578626,11.788231530506533
BNBUSDT,sqrt_usd,1,60,vol_regime,high_vol,266602,0.026551026080086575,0.09266506729525306,0.26398526642710857,0.13737569178978987,0.24156607668239086,0.30557937421589776,-0.8300658571460571,8.658572116247385
BNBUSDT,sqrt_usd,1,60,vol_regime,low_vol,258737,0.007585776940693309,0.036567036283863937,0.35560820447017627,0.14158702184064267,0.24805296334282817,0.2638192346626608,-1.434277931192343,14.588630594970587
BNBUSDT,sqrt_usd,1,60,vol_regime,mid_vol,266794,0.012665525377189754,0.0454854537930758,0.30004048067047984,0.15048134781820582,0.2615971968664793,0.27956685085993754,-0.8130587876871502,10.926661596071536
BNBUSDT,sqrt_usd,1,60,session,asia,260308,0.013008797327896473,0.051551289701546044,0.30774697665842005,0.15282689647299783,0.26513416184261873,0.28779918407727584,-0.900862158112488,12.72696070028594
BNBUSDT,sqrt_usd,1,60,session,europe,165954,0.014586107529793994,0.05253963573222352,0.29414777588970437,0.15197641027105693,0.263853337474675,0.3022364792805188,-0.7910532091425759,10.384936210928204
BNBUSDT,sqrt_usd,1,60,session,us,365871,0.0139614247318464,0.05642760915625481,0.3102541606194533,0.15221624326387853,0.2642147151696042,0.3018310085113122,-0.8147280008109714,11.812711752919682
BNBUSDT,sqrt_usd,1,60,period,2018,343779,0.030824196600309547,0.11275463660746643,0.28977628069195616,0.11095048113138076,0.19973974180809553,0.28954036153706886,-1.6699222526033535,10.38488846711572
BNBUSDT,sqrt_usd,1,60,period,2019,448354,0.009210936467204535,0.03221982494281707,0.31853847629328613,0.09985171676170405,0.18157305251238356,0.25905436606029847,-0.5836541833361015,5.767445350146903
BNBUSDT,count,1,60,all,all,786026,0.368608857626047,1.244496139969262,0.3005791157035518,0.2514483289529065,0.401851715545131,0.3667290164288866,0.32723036148978357,3.9178542508044605
BNBUSDT,count,1,60,vol_regime,high_vol,265167,0.5770579395940637,1.962026858963092,0.2833007123812541,0.2449447460993921,0.3935029998188153,0.39481502334956387,0.322781026605619,3.292462777829048
BNBUSDT,count,1,60,vol_regime,low_vol,255791,0.2542114320890418,0.9287054677405271,0.33085214100574295,0.22187692903451162,0.3631739396370005,0.3290670723956382,0.2669685360278643,4.076951320212485
BNBUSDT,count,1,60,vol_regime,mid_vol,265068,0.3598942487154211,1.0675097660218245,0.28865045950473084,0.23347589490400475,0.3785658007077228,0.3381081463235228,0.29206384267178065,3.6312029118982228
BNBUSDT,count,1,60,session,asia,258083,0.36613230391797086,1.239254079334283,0.29990739413289524,0.25196164809480703,0.4025069753186669,0.3610676703651357,0.3325701608155014,3.9907834538976266
BNBUSDT,count,1,60,session,europe,164807,0.35999628044458476,1.2015829385244445,0.2986220245499281,0.2553168260841166,0.406776712904521,0.3723947568921554,0.3309257356725026,3.851564402784636
BNBUSDT,count,1,60,session,us,363136,0.37460746093774544,1.2689955255538334,0.30194472594289745,0.2493344506238641,0.3991476429699944,0.3681711640594305,0.32290363539091027,3.890270038749867
BNBUSDT,count,1,60,period,2018,339402,0.7636115706574824,2.426185290751909,0.2950483497445507,0.22705202608983982,0.3700772603968073,0.3852176473674115,0.2874617672143761,2.8065899847402656
BNBUSDT,count,1,60,period,2019,446624,0.2685030345279248,0.7832680514114784,0.3047820985885219,0.1584081864874231,0.2734928643205733,0.3012467804473909,0.14926830374912514,2.812619193111049
BNBUSDT,kyle_usd,1,300,all,all,169179,221.09010707278324,620.5816733848056,0.2023891854189941,0.26574013919562917,0.41989683500833835,0.42253590913839795,-0.05491591856674072,6.691111951841021
BNBUSDT,kyle_usd,1,300,vol_regime,high_vol,56273,386.76552701526066,974.3322143794558,0.1417909121603611,0.231851827615549,0.37642810996893383,0.3609019461646534,-0.10971389196029824,5.747016607731479
BNBUSDT,kyle_usd,1,300,vol_regime,low_vol,56311,127.83535024128182,425.00317062033565,0.26362522420131057,0.24443752017520598,0.39284820043161556,0.4098889005142879,-0.37060136448316117,6.250651757923828
BNBUSDT,kyle_usd,1,300,vol_regime,mid_vol,56595,195.8228249148576,538.1027125652307,0.20171393232617724,0.2754150423677681,0.43188300783479655,0.4275814598723324,0.0037338429658222427,6.99266254223529
BNBUSDT,kyle_usd,1,300,session,asia,56092,207.83560428850234,596.7293666072771,0.20131213007202453,0.2652966964490359,0.4193430634784268,0.4335892614133778,-0.02332322457783098,7.523267232626823
BNBUSDT,kyle_usd,1,300,session,europe,35222,233.67187617778853,583.0008699526753,0.18190335585713474,0.2662193630511518,0.4204948539242916,0.3984939401635031,0.003395919749950016,5.937836020036556
BNBUSDT,kyle_usd,1,300,session,us,77865,225.84262499859744,652.2062688881285,0.21243177294034546,0.2650775632505803,0.4190692665032667,0.4235046637224195,-0.08876791329889344,6.450911592922804
BNBUSDT,kyle_usd,1,300,period,2018,77121,436.5765762763511,1193.2795434630357,0.1748810311069618,0.20279720617433994,0.3372093069942589,0.3506846160674489,-0.39009986989938183,6.319522013059635
BNBUSDT,kyle_usd,1,300,period,2019,92058,135.81060827311947,355.51662844609376,0.22543396554346173,0.2339094221998943,0.379135482704825,0.445341151537914,0.15784915004668942,2.903532757791214
BNBUSDT,sqrt_usd,1,300,all,all,169179,0.016846537511478334,0.03607238289319889,0.1694772991919801,0.3601075346315294,0.5295280343095623,0.5122083226093709,0.4450962980619154,2.2813379066427593
BNBUSDT,sqrt_usd,1,300,vol_regime,high_vol,56273,0.030977660612746295,0.0562336023492956,0.12803653617187638,0.3177343588348319,0.48224341530531123,0.4735245453212565,0.4064613411395521,1.7153063176834045
BNBUSDT,sqrt_usd,1,300,vol_regime,low_vol,56311,0.01006489641594566,0.022934812345985597,0.21958409546980165,0.33664689441344414,0.5037185150700157,0.4724572931697178,0.3319838753976059,2.369224687108357
BNBUSDT,sqrt_usd,1,300,vol_regime,mid_vol,56595,0.01549255743728226,0.030027000999501226,0.16082692817386696,0.35544046550057123,0.5244648873151433,0.4919528634648588,0.4428306189561181,2.273255058646324
BNBUSDT,sqrt_usd,1,300,session,asia,56092,0.016012525413858194,0.036453550748764746,0.16877629608500322,0.35935985036941087,0.5287192354132771,0.520220834870045,0.4415690287778812,2.5000322670632524
BNBUSDT,sqrt_usd,1,300,session,europe,35222,0.017381234360051873,0.03386193732632461,0.15717449321446822,0.36195675750443745,0.5315245957847646,0.49720819195855465,0.4597412347413812,2.1088067506288586
BNBUSDT,sqrt_usd,1,300,session,us,77865,0.01718865276088409,0.036881722791655844,0.17554742181981633,0.3601384031894275,0.5295614069052512,0.5123810712906479,0.4387804448950212,2.214971282068917
BNBUSDT,sqrt_usd,1,300,period,2018,77121,0.03514101071594886,0.06489718086235717,0.1567277395261991,0.28951928690673023,0.4490344422861989,0.4495827307544359,0.3267333864321278,1.7210981508233016
BNBUSDT,sqrt_usd,1,300,period,2019,92058,0.010920430037166171,0.01930373372488417,0.18015816115926916,0.28958468450892116,0.4491130950724591,0.4801420993376182,0.4041907611146388,1.307054438597956
BNBUSDT,count,1,300,all,all,169168,0.41773023308770774,0.8115804317064403,0.16990802042939562,0.4400347281488725,0.6111446058172858,0.5631851609290182,0.592722875999977,1.5264390382117516
BNBUSDT,count,1,300,vol_regime,high_vol,56269,0.642181547752426,1.249477483567958,0.1611366827205033,0.41146709435259127,0.5830346254601452,0.5678287779796116,0.569586977622744,1.251559101867988
BNBUSDT,count,1,300,vol_regime,low_vol,56306,0.3090772660457462,0.5749515099292832,0.19585834546939934,0.4437845029715321,0.6147517196065685,0.5344386767500467,0.5845434834772982,1.5789488763407298
BNBUSDT,count,1,300,vol_regime,mid_vol,56593,0.4015358774997579,0.6680990504909945,0.15281041824960684,0.4333024018013714,0.6046210503195947,0.5331929127078855,0.5878035560306358,1.4638850250016582
BNBUSDT,count,1,300,session,asia,56089,0.41769312386675095,0.8332534613083942,0.16823263028401292,0.4432410332489,0.6142300877506426,0.5643497006762946,0.5959848032792401,1.5943706971775395
BNBUSDT,count,1,300,session,europe,35219,0.40256806190961064,0.7668004312415428,0.16817626849143927,0.4456929392556509,0.6165803638566935,0.5604446462258894,0.5988629796470291,1.5138451854400738
BNBUSDT,count,1,300,session,us,77860,0.42480225827937446,0.817554686183116,0.17189827896223991,0.4345694761694352,0.6058535099043314,0.5634461123944662,0.586085527984469,1.4849640327886184
BNBUSDT,count,1,300,period,2018,77110,0.8520831540316078,1.5310093923484,0.1729347685125146,0.38490418517050334,0.5558567723197625,0.5545931206064169,0.5362131613881391,1.0884464312121698
BNBUSDT,count,1,300,period,2019,92058,0.29911434823361727,0.43700994332918414,0.16737274327054683,0.29357694953671615,0.4538994756235542,0.46026242279328383,0.43250764605068215,0.9915646982681622
BNBUSDT,kyle_usd,1,900,all,all,56401,220.99113040568326,452.6741914024575,0.12340206733923158,0.4267603807636662,0.5982229202849674,0.5803808128652602,0.48719719125704464,2.5136675066030674
BNBUSDT,kyle_usd,1,900,vol_regime,high_vol,18759,355.82438903601786,644.3290156901237,0.06791406791406791,0.36817114540679596,0.5381945769618293,0.47914582551478835,0.39708386929193396,2.281681518964556
BNBUSDT,kyle_usd,1,900,vol_regime,low_vol,18777,131.6044334212839,325.4566055611166,0.1840017042126005,0.4285997146120686,0.6000277197709694,0.5855450585762663,0.5235281375877838,2.073019805653616
BNBUSDT,kyle_usd,1,900,vol_regime,mid_vol,18865,202.32039767439798,399.07415613788885,0.11826133050622846,0.4475001612643795,0.6183075805304116,0.5828629493486789,0.5288300837666475,2.674394201740951
BNBUSDT,kyle_usd,1,900,session,asia,18700,212.7231720148011,445.0313129340189,0.11647058823529412,0.43775051619750754,0.6089380755087451,0.5978135850052502,0.4971367867087372,2.78027273242054
BNBUSDT,kyle_usd,1,900,session,europe,11743,229.95909700720182,420.7962108145599,0.10372136592012263,0.4083197751979326,0.5798679850825005,0.556423663006847,0.45407462000014787,2.3492111535053026
BNBUSDT,kyle_usd,1,900,session,us,25958,223.19211262366622,473.4096365353615,0.13729871330610988,0.4244111841464949,0.5959110527495632,0.5763093394270202,0.49513532413002526,2.395179228892304
BNBUSDT,kyle_usd,1,900,period,2018,25716,409.1231161586965,783.3047252651479,0.09293824856120703,0.3565744556673993,0.5256983192890419,0.4779635162249528,0.39122765597834896,2.197310517495824
BNBUSDT,kyle_usd,1,900,period,2019,30685,136.76995513904646,265.3927110496172,0.1489327032752159,0.39677127782364857,0.5681263412602096,0.6050487267172124,0.5240386218741658,1.330564888574467
BNBUSDT,sqrt_usd,1,900,all,all,56401,0.01789034771544339,0.02933456141756664,0.08831403698515984,0.5325163166770994,0.6949567986743992,0.677066648473663,0.6737553400894549,1.1297603787976638
BNBUSDT,sqrt_usd,1,900,vol_regime,high_vol,18759,0.03241262835807844,0.04258636960877427,0.05794551948398102,0.4588458017570198,0.6290531887666131,0.6092330809126988,0.6091033056440276,0.8681018028430072
BNBUSDT,sqrt_usd,1,900,vol_regime,low_vol,18777,0.010874467292821922,0.017504326615294493,0.12669755552005113,0.5131794832328642,0.6782797267862384,0.6383451694646984,0.6477210846774729,1.0813022001752346
BNBUSDT,sqrt_usd,1,900,vol_regime,mid_vol,18865,0.01652876336623303,0.023854363439977638,0.08030744765438642,0.5329829878302708,0.6953540803275786,0.6552937909804164,0.6788190166538023,1.1277024609447368
BNBUSDT,sqrt_usd,1,900,session,asia,18700,0.017249758986411377,0.030740810123290364,0.08796791443850267,0.5397497162212409,0.7010875995429457,0.6882816349197968,0.678683013356214,1.2260673407652525
BNBUSDT,sqrt_usd,1,900,session,europe,11743,0.01821112802846748,0.026873303177127147,0.07783360299753045,0.5234248336700906,0.6871685718935081,0.6642518773870062,0.6670802599202923,1.0765467409347274
BNBUSDT,sqrt_usd,1,900,session,us,25958,0.01819401386459715,0.029570011407576632,0.09330456891902304,0.5301862766677837,0.6929695877580944,0.6734547073288802,0.6753911203181974,1.0866443174872642
BNBUSDT,sqrt_usd,1,900,period,2018,25716,0.03573475879182024,0.045847306528900705,0.07777259293824856,0.43520475621780647,0.606470615892747,0.5838239316665269,0.5804610368233112,0.8511343251208883
BNBUSDT,sqrt_usd,1,900,period,2019,30685,0.01158350873145159,0.014568435839789527,0.09714844386508066,0.4550695251715063,0.6254952320822857,0.6363930375696434,0.620532673193534,0.6809143154448076
BNBUSDT,count,1,900,all,all,56401,0.4259482262309978,0.6466382400855885,0.09304799560291484,0.5958534704365168,0.7467521065997769,0.7016273857184921,0.7415735272307669,0.8560256609587121
BNBUSDT,count,1,900,vol_regime,high_vol,18759,0.6496514679621956,0.9540649916248181,0.08865078095847327,0.546322193704654,0.7066084881001209,0.6913061182451197,0.7041308341680759,0.7119097481217135
BNBUSDT,count,1,900,vol_regime,low_vol,18777,0.31732993672201504,0.4166017000502902,0.11119987218405496,0.6193414696216044,0.7649300425392397,0.6753408974098212,0.7618831829364885,0.8647133404893911
BNBUSDT,count,1,900,vol_regime,mid_vol,18865,0.409785507981351,0.5145628846521779,0.07935329976146303,0.5936187840295153,0.7449947126357679,0.6783782675955569,0.7378036975531459,0.8257964220494832
BNBUSDT,count,1,900,session,asia,18700,0.4253301343422281,0.6676307648908296,0.09192513368983957,0.6077531255508705,0.7560279198246108,0.7087351493393991,0.7496330112093302,0.8914999108111991
BNBUSDT,count,1,900,session,europe,11743,0.4123204496628408,0.5994160682290356,0.08992591331005706,0.6003735833715127,0.7502917938781563,0.696388885722701,0.7449481760374278,0.8435595177793184
BNBUSDT,count,1,900,session,us,25958,0.4322616270722798,0.6564515460130808,0.09526928114646738,0.5835853953941603,0.7370431643175185,0.698373172405855,0.7316387797805368,0.8369439146345156
BNBUSDT,count,1,900,period,2018,25716,0.860487489681288,1.119173379108569,0.09636024265048997,0.5204583660791995,0.6846071917395589,0.6797948172617626,0.6791293120993243,0.6074584942398329
BNBUSDT,count,1,900,period,2019,30685,0.3081402291753354,0.31016680831643584,0.09027211992830374,0.4105604987437002,0.5821239133087327,0.5807412811229662,0.5823423086706178,0.5614386920148173
BNBUSDT,kyle_usd,1,3600,all,all,14098,211.82444692603593,331.0995085441969,0.05958291956305859,0.5841735011112894,0.7375120221383513,0.7469648619032122,0.6970117774050906,1.1799977860252093
BNBUSDT,kyle_usd,1,3600,vol_regime,high_vol,4689,321.81162629624316,416.22328515471156,0.02495201535508637,0.48794709498238537,0.6558661885598315,0.6126219347331027,0.5900876599464489,1.0909583060781631
BNBUSDT,kyle_usd,1,3600,vol_regime,low_vol,4690,126.87437101213388,242.79187210717862,0.10298507462686567,0.6365620537888081,0.777925960479289,0.7770294993702765,0.7593643750861951,1.0129931091639583
BNBUSDT,kyle_usd,1,3600,vol_regime,mid_vol,4719,198.1109827813937,293.00216495358313,0.0508582326764145,0.6185791534882401,0.7643483510276589,0.74750727716352,0.7429234797199976,1.288285971627763
BNBUSDT,kyle_usd,1,3600,session,asia,4674,207.53490330647435,338.5574598071894,0.05006418485237484,0.5850587629436852,0.7382171268617774,0.7544412270821473,0.7003189001280175,1.339725567696124
BNBUSDT,kyle_usd,1,3600,session,europe,2936,217.99780338990013,301.05147585455893,0.04495912806539509,0.5381852765360375,0.6997665167463051,0.7024664103012934,0.6568024538810036,1.150565344234443
BNBUSDT,kyle_usd,1,3600,session,us,6488,210.05676818804204,340.6422459133476,0.07305795314426634,0.598453400388226,0.7487905499689588,0.7578404250782544,0.717141879672985,1.088891511516552
BNBUSDT,kyle_usd,1,3600,period,2018,6428,370.7079872442024,513.1940258743689,0.03593652769135034,0.4988359852019233,0.6656311833008467,0.6121104431575224,0.6231286217615446,1.0617186821376587
BNBUSDT,kyle_usd,1,3600,period,2019,7670,133.88214242229344,195.6127330999467,0.07940026075619296,0.5887997005498599,0.7411880809721768,0.7742241168482199,0.7233027236058777,0.6791564649409162
BNBUSDT,sqrt_usd,1,3600,all,all,14098,0.01910359123984956,0.02535010941975081,0.028656547027947225,0.7191103044154159,0.8366075202602542,0.8376571363707864,0.8329839623572888,0.5614556691633854
BNBUSDT,sqrt_usd,1,3600,vol_regime,high_vol,4689,0.03376282632105724,0.031862838367296496,0.016634676903390915,0.6244453466946503,0.7688105333494218,0.7572974136123525,0.7643060470937456,0.444534828633879
BNBUSDT,sqrt_usd,1,3600,vol_regime,low_vol,4690,0.011650160477236996,0.01305010942184312,0.04605543710021322,0.7005082562368439,0.8238810410565608,0.7949830830011548,0.8120815593154922,0.5330510322725724
BNBUSDT,sqrt_usd,1,3600,vol_regime,mid_vol,4719,0.017551865575242905,0.01923446039251748,0.023310023310023312,0.7285395959073595,0.8429538989240549,0.8200266915372726,0.8403242069674913,0.5617255709668669
BNBUSDT,sqrt_usd,1,3600,session,asia,4674,0.018631469591530194,0.02730702062232414,0.02781343602909713,0.7283402234368122,0.8428204280156188,0.8483355565437349,0.8389201040363405,0.6059708938856333
BNBUSDT,sqrt_usd,1,3600,session,europe,2936,0.019248726204686872,0.022796250842969403,0.024182561307901907,0.691605880850535,0.8176915068453148,0.814429831475703,0.8056680386206166,0.5683006529463579
BNBUSDT,sqrt_usd,1,3600,session,us,6488,0.019420937865415183,0.02530745929729338,0.031288532675709003,0.7236335751401197,0.8396605700620484,0.8381475176022881,0.8382852757039577,0.526715456848066
BNBUSDT,sqrt_usd,1,3600,period,2018,6428,0.03660611350750158,0.03254582336526201,0.026291225886745487,0.6063416087069691,0.7549348226060658,0.7304211694854759,0.7499465277377921,0.43359895224940265
BNBUSDT,sqrt_usd,1,3600,period,2019,7670,0.01236016146338493,0.011013414621324633,0.030638852672750978,0.6227799396190914,0.7675470030339099,0.7773014705814765,0.7695472567089547,0.34914559202818446
BNBUSDT,count,1,3600,all,all,14098,0.4266791619495015,0.5479446711376182,0.03227408142999007,0.7626144549476044,0.8653219117850408,0.8284888861646269,0.8649982365482736,0.46551340390854384
BNBUSDT,count,1,3600,vol_regime,high_vol,4689,0.6698632291404412,0.7393776452160998,0.032416293452761785,0.6932360378265306,0.8188297701440154,0.8057637089400663,0.8197968633282313,0.3846112821954645
BNBUSDT,count,1,3600,vol_regime,low_vol,4690,0.32900622294680965,0.30695781201651484,0.0396588486140725,0.7931678641518995,0.8846554525189843,0.8062812149962276,0.8846384378679746,0.44826142251530315
BNBUSDT,count,1,3600,vol_regime,mid_vol,4719,0.4042852137419556,0.4080470803217331,0.024793388429752067,0.7850496495163545,0.8795829849652167,0.8103517855030073,0.8794757819477779,0.43862843106182936
BNBUSDT,count,1,3600,session,asia,4674,0.42564430032399747,0.5759438179165753,0.0329482242190843,0.7711971481390428,0.8708202234283433,0.8353567086111825,0.8697779485634636,0.48769371048583116
BNBUSDT,count,1,3600,session,europe,2936,0.41260153669649136,0.5075333732035421,0.03235694822888283,0.7677295147431757,0.8686051891312289,0.8254530200964605,0.8688730979166217,0.4625631668061716
BNBUSDT,count,1,3600,session,us,6488,0.4334180894405816,0.548246574173178,0.03175092478421702,0.7516112547762768,0.8581941372285551,0.8243561743031549,0.8580964695675988,0.45225440106506437
BNBUSDT,count,1,3600,period,2018,6428,0.8633538439759065,0.8157623057717616,0.036247666459240824,0.6803912508158506,0.8098009918648557,0.803414596227193,0.8093959577652932,0.3265267906896852
BNBUSDT,count,1,3600,period,2019,7670,0.31987718585039426,0.20437258579050582,0.02894393741851369,0.5284659979790367,0.6914985334024876,0.6872863724085675,0.6975787623823465,0.3017862991870185
BNBUSDT,kyle_usd,1,14400,all,all,3516,197.9941821126839,253.58698868266566,0.027588168373151308,0.6947648155017078,0.8198952552552655,0.8529714053761216,0.8020073492531197,0.6639080627015236
BNBUSDT,kyle_usd,1,14400,vol_regime,high_vol,1173,284.96777451807174,287.5120571624557,0.011935208866155157,0.6135157229245014,0.7604707090334423,0.7335589251766285,0.7424852705982223,0.618166624909615
BNBUSDT,kyle_usd,1,14400,vol_regime,low_vol,1165,117.46000828556541,199.88323447255507,0.050643776824034335,0.740565349605647,0.8509480552091123,0.8808986770420436,0.8365921636257171,0.6492278257371094
BNBUSDT,kyle_usd,1,14400,vol_regime,mid_vol,1178,187.12873083264566,237.92601734296915,0.02037351443123939,0.7059211717027285,0.8276128855334253,0.8608720258593324,0.8106583662936665,0.7079165505598571
BNBUSDT,kyle_usd,1,14400,session,asia,1165,194.83736033220416,265.20154886586835,0.019742489270386267,0.6626085472713125,0.7970710223507408,0.8599179154973983,0.7653469855010211,0.7865633761560159
BNBUSDT,kyle_usd,1,14400,session,europe,1172,198.59294172994757,221.4837711163506,0.020477815699658702,0.6862738118122893,0.8139529974372669,0.8250348352390382,0.8008063544699908,0.6135824168668489
BNBUSDT,kyle_usd,1,14400,session,us,1179,198.87399387878384,276.91835656492253,0.04240882103477523,0.7131581526907512,0.8325654599613445,0.8673192847295238,0.8116272231844807,0.6409665010405432
BNBUSDT,kyle_usd,1,14400,period,2018,1604,325.7809488999262,339.0440951757587,0.01371571072319202,0.5761271072182009,0.731066808736056,0.7196438065566716,0.7112002575776382,0.626356081139996
BNBUSDT,kyle_usd,1,14400,period,2019,1912,121.01666936291454,154.42882885308626,0.03922594142259414,0.7434663360644055,0.8528599843718934,0.8667699206324444,0.8479846052636029,0.4111945449608859
BNBUSDT,sqrt_usd,1,14400,all,all,3516,0.01908252441959151,0.023303353131892492,0.008248009101251423,0.8417881005943962,0.9140987503640923,0.9227980671370463,0.9133205797140287,0.326636544239705
BNBUSDT,sqrt_usd,1,14400,vol_regime,high_vol,1173,0.03395860861282145,0.025881118481155842,0.005967604433077579,0.7492502452488676,0.856653011521826,0.8631176542021167,0.8531512536830227,0.2649660952370402
BNBUSDT,sqrt_usd,1,14400,vol_regime,low_vol,1165,0.01174464018196515,0.010110583763275373,0.010300429184549357,0.8336890036493663,0.909302506575736,0.8817975991530729,0.9014534749556673,0.3018566753603169
BNBUSDT,sqrt_usd,1,14400,vol_regime,mid_vol,1178,0.017364423253905255,0.01796123678480986,0.008488964346349746,0.8588515087045998,0.9240668280201876,0.9184076402078,0.924586087042144,0.3099952170781686
BNBUSDT,sqrt_usd,1,14400,session,asia,1165,0.01899022896393131,0.024892207180581563,0.00944206008583691,0.8523115943101036,0.9202680552540065,0.9353592937672499,0.9194852598152631,0.34101743724757677
BNBUSDT,sqrt_usd,1,14400,session,europe,1172,0.018725922162596935,0.02125387305842171,0.011092150170648464,0.809810552861111,0.8949119581393642,0.8989236499130842,0.8940601967745827,0.3442994964878541
BNBUSDT,sqrt_usd,1,14400,session,us,1179,0.01944746149374828,0.023956598962998496,0.004240882103477523,0.853024715415244,0.9206835810866019,0.9302272244492377,0.9197425404114652,0.3028398081777245
BNBUSDT,sqrt_usd,1,14400,period,2018,1604,0.03621691544210806,0.025497545412236432,0.008728179551122194,0.7321472188088369,0.8453637322032246,0.842262395570539,0.8435245283023696,0.25266839466561425
BNBUSDT,sqrt_usd,1,14400,period,2019,1912,0.012414091726255912,0.00880004338198228,0.007845188284518828,0.7510225747028652,0.857810271041546,0.8638670571135074,0.8579996532613091,0.20828842126489253
BNBUSDT,count,1,14400,all,all,3516,0.41465411953840114,0.5116200818833101,0.006825938566552901,0.8737099504200687,0.9325989331744658,0.9107678262315372,0.9328860962139838,0.2690115943387594
BNBUSDT,count,1,14400,vol_regime,high_vol,1173,0.6566594582617524,0.6004689218634263,0.005115089514066497,0.8214475866649471,0.9019722474353595,0.8974117037690734,0.9017997453387819,0.21836891173102904
BNBUSDT,count,1,14400,vol_regime,low_vol,1165,0.3233122400511317,0.23622169421110886,0.007725321888412017,0.8952250204482438,0.9447163379433563,0.8826456616004497,0.9453178435746665,0.2607731019081199
BNBUSDT,count,1,14400,vol_regime,mid_vol,1178,0.38657144908521346,0.38908985855710965,0.007640067911714771,0.8857957208323677,0.9394397399962156,0.8943393968651685,0.9394971938817656,0.26037007736013434
BNBUSDT,count,1,14400,session,asia,1165,0.4175277442822322,0.5484873533713562,0.007725321888412017,0.889357466998947,0.9414390686073836,0.923356601597556,0.9414662010201341,0.26644477731189065
BNBUSDT,count,1,14400,session,europe,1172,0.39313442871915427,0.46149144692275434,0.011092150170648464,0.8529927792142249,0.9206649791435698,0.8867602249317893,0.9219669092157406,0.292154595419763
BNBUSDT,count,1,14400,session,us,1179,0.43901308961596186,0.5239724865553559,0.0016963528413910093,0.8723755083003473,0.9318381963800071,0.9191138587846828,0.9320406282789961,0.24729482216861842
BNBUSDT,count,1,14400,period,2018,1604,0.8485868278928292,0.6445465596011873,0.004987531172069825,0.7961022639087861,0.8864776576543701,0.8904418667085927,0.8869745155344488,0.1823290477170914
BNBUSDT,count,1,14400,period,2019,1912,0.31371958926632293,0.14505069279297883,0.008368200836820083,0.6421034700389942,0.7820499520943666,0.7761948977135715,0.7883061310492044,0.18274381969626563
BNBUSDT,kyle_usd,1,86400,all,all,584,174.35400496751927,187.10485418058965,0.005136986301369863,0.8041325508669183,0.8914340029844459,0.9169291992784433,0.8857585276708696,0.3668283033260672
BNBUSDT,kyle_usd,1,86400,period,2018,266,283.62361452607115,209.8403309866577,0.0037593984962406013,0.6849668922773591,0.8130330577018935,0.7842706139927609,0.8001385660101306,0.3346652193573373
BNBUSDT,kyle_usd,1,86400,period,2019,318,111.25993839386291,114.71315429813171,0.006289308176100629,0.8385628919780267,0.912193861452142,0.9238320641580541,0.9095994296883696,0.22472344989551718
BNBUSDT,sqrt_usd,1,86400,all,all,584,0.01849317937194877,0.021613838551043072,0.0,0.933554891805529,0.9656357787016714,0.9679593423370383,0.9657322774845943,0.1732155932286788
BNBUSDT,sqrt_usd,1,86400,period,2018,266,0.03473702349949578,0.01906241260291796,0.0,0.8692194536665809,0.9300346751276927,0.9040486093059528,0.9319703373447175,0.1327935525982662
BNBUSDT,sqrt_usd,1,86400,period,2019,318,0.012258619746389096,0.006237091612390619,0.0,0.8569606280731531,0.9229712414122268,0.930336225154936,0.9232927291492411,0.10857661418045687
BNBUSDT,count,1,86400,all,all,584,0.396476328278881,0.4886226526247951,0.0,0.9554898924194122,0.9772383852490703,0.9658357921808753,0.9772067488281787,0.14026093043930182
BNBUSDT,count,1,86400,period,2018,266,0.8310008765901954,0.5102911451184371,0.0,0.9173622714014684,0.9569003052625372,0.9560994262335182,0.9567743543707438,0.08965849391084943
BNBUSDT,count,1,86400,period,2019,318,0.31034339936794686,0.10243308703910659,0.0,0.7931589760756178,0.8846499241372007,0.8841462173679202,0.8833087392524541,0.09759271242651432
BNBUSDT,kyle_usd,5,60,all,all,788118,200.51476769128936,1135.501288962932,0.3352048804874397,0.06563757969427128,0.12318931115980827,0.1382396483602711,-20.052520510027556,178.87356286222717
BNBUSDT,kyle_usd,5,60,vol_regime,high_vol,263962,380.3130707486381,1959.973023675583,0.3010622741152136,0.06025407920171253,0.11365969796047205,0.12890947631683086,-13.893589394459637,135.92355939695878
BNBUSDT,kyle_usd,5,60,vol_regime,low_vol,260177,108.07146512688561,768.513334892516,0.3769779803748986,0.05974058805620845,0.11274568272559136,0.135365715060579,-67.92282581094173,278.63492200197373
BNBUSDT,kyle_usd,5,60,vol_regime,mid_vol,263979,187.97191168519214,987.1475795580197,0.3281738320093644,0.06766349694173297,0.12675060472808442,0.13445553105028885,-18.68755235602338,151.5200258147281
BNBUSDT,kyle_usd,5,60,session,asia,258854,186.22047092199801,1032.3314941421208,0.3371205389910915,0.06486230254080727,0.12182289181623394,0.13813241881112223,-24.138041064652292,207.57097465530566
BNBUSDT,kyle_usd,5,60,session,europe,165157,220.62662358670102,1111.96584063746,0.3223175523895445,0.06683658800229554,0.12529864227369697,0.13741059952460796,-18.74020234665841,142.03891447539715
BNBUSDT,kyle_usd,5,60,session,us,364107,202.71325166677403,1221.600017170285,0.3396886080190713,0.06494191043965675,0.12196329171202541,0.13821614323902048,-18.18126868601591,178.3432344480307
BNBUSDT,kyle_usd,5,60,period,2018,341182,390.61504820803646,2537.3356939462883,0.33111946116735347,0.030621639542187395,0.059423630103070293,0.1331129527193092,-95.84357140382464,429.48786968309025
BNBUSDT,kyle_usd,5,60,period,2019,446936,143.42369925549167,687.6426186779065,0.33832360785436844,0.036987206793842126,0.0713358979773708,0.1265511441087633,-9.246527645246339,41.005461244020125
BNBUSDT,sqrt_usd,5,60,all,all,788121,0.01375623132830626,0.05383363487830029,0.31423601198293155,0.10321285181760095,0.1871132150927219,0.17368754385634347,-1.4972554028939031,13.987161332590587
BNBUSDT,sqrt_usd,5,60,vol_regime,high_vol,263964,0.024414364587415097,0.08850676530058173,0.2848949099119577,0.0874320327928573,0.16080459312625758,0.16551158393428758,-1.5116153242087398,11.511684459030095
BNBUSDT,sqrt_usd,5,60,vol_regime,low_vol,260177,0.008050271587004908,0.03730502814422761,0.3553734573002225,0.10524451417806631,0.19044566668821364,0.1680071181283989,-2.231619875628691,14.879058970500502
BNBUSDT,sqrt_usd,5,60,vol_regime,mid_vol,263980,0.013444548591536149,0.04752099510467997,0.3030305326161073,0.10385383265813838,0.18816591397441246,0.1608284958983012,-1.4369090052374949,12.418938996931972
BNBUSDT,sqrt_usd,5,60,session,asia,258855,0.013142878446015631,0.05170975388836636,0.31626586312800603,0.10790215458498342,0.19478643332976137,0.17591947668817198,-1.5696716967231374,14.901551794990924
BNBUSDT,sqrt_usd,5,60,session,europe,165157,0.014414046799085287,0.052282651737572274,0.30346882057678454,0.1011384789607676,0.18369801962823068,0.1687379811059059,-1.4189542422299932,12.369675896948413
BNBUSDT,sqrt_usd,5,60,session,us,364109,0.013921784286595313,0.05604406082777806,0.3176768495148431,0.10035293290879624,0.18240135488803952,0.17407538061962713,-1.4887643786163798,14.125758669552999
BNBUSDT,sqrt_usd,5,60,period,2018,341185,0.02664555462930134,0.10882602425571421,0.31448041385172265,0.07124824773695079,0.1330191165072432,0.17059497348082583,-2.9754768736647477,15.053456246903306
BNBUSDT,sqrt_usd,5,60,period,2019,446936,0.01022137310977899,0.034145384927090475,0.31404943884583025,0.053446923921013696,0.1014705586154829,0.15010956453243016,-1.096594783835767,6.296003502740398
BNBUSDT,count,5,60,all,all,772754,0.3381910341295672,1.1937611687015715,0.31218343741992927,0.16356357032651483,0.281142473858332,0.22455087998663592,0.11249120802021928,4.836859144904302
BNBUSDT,count,5,60,vol_regime,high_vol,259330,0.503892996294292,1.7795226765498708,0.2980372498361161,0.15217549230813915,0.26415332269095193,0.23204035859303984,0.09111399884181792,4.37198789521523
BNBUSDT,count,5,60,vol_regime,low_vol,254120,0.23118141055320607,0.9078837507044479,0.34003620336848733,0.1562021796938667,0.27019872897182245,0.21930097657235237,0.0836288750473495,4.806859296508212
BNBUSDT,count,5,60,vol_regime,mid_vol,259304,0.34272653442757095,1.078434278783848,0.29903510936969735,0.14919687688304933,0.25965416350193005,0.19894542123023928,0.08046585145151841,4.371366304253882
BNBUSDT,count,5,60,session,asia,253567,0.3382468684727168,1.1961214711110972,0.3120161535215545,0.16806868613112363,0.28777192322105755,0.2256837936816864,0.12970462561266416,4.895407422344482
BNBUSDT,count,5,60,session,europe,162141,0.33044889289513985,1.1443936011406874,0.31076038756391045,0.16365251284196083,0.2812738528657085,0.21751134012760467,0.10432265740263658,4.768168383307244
BNBUSDT,count,5,60,session,us,357046,0.3422315522925163,1.2149799142707405,0.3129484716255048,0.16046461975763085,0.2765523688109418,0.2268104230414684,0.1043231989084491,4.817922401146335
BNBUSDT,count,5,60,period,2018,331083,0.5997451099469369,2.2450382777452673,0.3138306708589689,0.15210687627113825,0.2640499408586834,0.25120235532351187,0.09820374015667788,4.003441577705636
BNBUSDT,count,5,60,period,2019,441671,0.2643085372929379,0.8075884593433266,0.3109486472962907,0.07591363548026607,0.14111473816646958,0.16571619303506188,-0.15515875650012512,3.4673972741211405
BNBUSDT,kyle_usd,5,300,all,all,169188,238.33976260751382,616.3666284810225,0.19088824266496443,0.23216848984209879,0.37684536125712964,0.34789323852900156,-0.18198204967878517,6.656285387739007
BNBUSDT,kyle_usd,5,300,vol_regime,high_vol,56351,386.52382617530435,953.7380224431796,0.15153235967418502,0.20821949547404633,0.34467163665878636,0.29698956886502526,-0.2380469469219304,6.469864551920199
BNBUSDT,kyle_usd,5,300,vol_regime,low_vol,56326,149.91076439756495,431.09036374253435,0.23790079181905338,0.2123530338331921,0.35031550696380703,0.35713716870316536,-0.324842551676666,4.77489136022252
BNBUSDT,kyle_usd,5,300,vol_regime,mid_vol,56511,221.05321641094594,555.2353873690256,0.18327405283927023,0.2217440591981386,0.3629959278765388,0.3387234723241053,-0.16996240032136667,6.374968786364674
BNBUSDT,kyle_usd,5,300,session,asia,56091,229.0183384191047,595.1031473164429,0.18835463799896596,0.23437610499083214,0.37974828586393106,0.35813739859196375,-0.16006301477701879,7.354236573224534
BNBUSDT,kyle_usd,5,300,session,europe,35227,249.66462805907742,576.7482563039296,0.17180003974224317,0.2146879679928048,0.3534866132700122,0.32645525396589803,-0.22233546703388285,6.170543624069568
BNBUSDT,kyle_usd,5,300,session,us,77870,239.6870090859331,648.6986555166607,0.20134840118145628,0.23633272077169803,0.3823124904826318,0.3482116547652695,-0.18445232598203698,6.38280913816358
BNBUSDT,kyle_usd,5,300,period,2018,77128,414.6666015659014,1152.9434452587143,0.18858261591121253,0.17939848963593508,0.3042203143592511,0.28433924247089065,-0.5394014767187856,7.128704373832591
BNBUSDT,kyle_usd,5,300,period,2019,92060,166.4324808117612,379.720613101625,0.19281990006517488,0.19695569419853673,0.3290943769316629,0.39052722418103153,0.04615556486013361,2.581101731980649
BNBUSDT,sqrt_usd,5,300,all,all,169188,0.017147002528813245,0.033010483705783786,0.15858689741589238,0.28646893110022487,0.44535693661133113,0.3986924956965863,0.30892394716765537,2.324942551859487
BNBUSDT,sqrt_usd,5,300,vol_regime,high_vol,56351,0.028406069740977945,0.050923585746787244,0.13355574878884138,0.24610937672697417,0.3950044535791939,0.3465756223670823,0.2616690027396307,1.9981683840027256
BNBUSDT,sqrt_usd,5,300,vol_regime,low_vol,56326,0.011107419644325878,0.022004609222731057,0.19575329332812555,0.27785788794950833,0.434880733718157,0.38264146152694595,0.2530898118028927,2.017753171234793
BNBUSDT,sqrt_usd,5,300,vol_regime,mid_vol,56511,0.01638581681589677,0.02898319158057363,0.14650245085027694,0.27489247084809026,0.43124024517177506,0.3829625238093469,0.30405614518278756,2.2078980989430033
BNBUSDT,sqrt_usd,5,300,session,asia,56091,0.016671327747107778,0.033324229134232684,0.15922340482430336,0.2900240653473472,0.4496413255193908,0.4112660838819659,0.31069618154246115,2.4971712266681108
BNBUSDT,sqrt_usd,5,300,session,europe,35227,0.017393078094417966,0.030875765869468677,0.14605274363414428,0.28052323541451857,0.4381384541198275,0.38381866695449934,0.31915874158718394,2.2178630151955154
BNBUSDT,sqrt_usd,5,300,session,us,77870,0.017353556155600247,0.03378111697524189,0.16379863875690254,0.2862009943773096,0.445033079010903,0.3953442292822298,0.30551192988860765,2.258683537234692
BNBUSDT,sqrt_usd,5,300,period,2018,77128,0.03134147962196953,0.05965629275528035,0.16437610206410122,0.22502493229438625,0.3673801673128893,0.3441286448331271,0.17751655036910252,2.00927212512032
BNBUSDT,sqrt_usd,5,300,period,2019,92060,0.012329550924136214,0.019285362259190517,0.15373669346078644,0.21523972220642712,0.35423417828316406,0.38996406396338373,0.2756908567759989,1.2327559300828468
BNBUSDT,count,5,300,all,all,169171,0.38793691840875133,0.7166378084086021,0.17136506848100444,0.3399309864063126,0.5073858129335536,0.4279226426196087,0.463153542553842,1.6961503019603232
BNBUSDT,count,5,300,vol_regime,high_vol,56348,0.5461774483385388,1.061445578268964,0.16948250159721728,0.30839277395172593,0.47140702714260685,0.4189612379288219,0.4267193659595808,1.5484932121918458
BNBUSDT,count,5,300,vol_regime,low_vol,56318,0.29454416636275654,0.5226731468770419,0.18981497922511453,0.3623064951760427,0.5319015896334313,0.41183333094344265,0.4885809725308523,1.614374459780191
BNBUSDT,count,5,300,vol_regime,mid_vol,56505,0.38953435950106324,0.637096901247178,0.15485355278293955,0.32571342267631953,0.49137832823443367,0.40702322887953907,0.4461202237223114,1.5903634780800318
BNBUSDT,count,5,300,session,asia,56081,0.39191301225693215,0.7386584648651406,0.17162675415916265,0.35435448621905824,0.5232817402308123,0.43894592467070137,0.47654118748282437,1.7522536367695996
BNBUSDT,count,5,300,session,europe,35224,0.370569468093105,0.6727635071403832,0.16894730865319102,0.34577863148345395,0.5138714843499954,0.420976283846205,0.4754051138447549,1.6904854330296086
BNBUSDT,count,5,300,session,us,77866,0.3931021348959114,0.7222982221475295,0.1722703105334806,0.32578549340905816,0.4914603380843302,0.422476222309422,0.446275139417616,1.6595285961055586
BNBUSDT,count,5,300,period,2018,77111,0.6847100052033678,1.3487550294371946,0.18374810338343428,0.29642811314191486,0.4572997301385519,0.43709501732783707,0.40469195574168515,1.3971040355847053
BNBUSDT,count,5,300,period,2019,92060,0.3010136813450129,0.43201609899114235,0.16099283076254617,0.18555671081055258,0.3130288228619437,0.3308021686852857,0.2676400408010984,1.0735110455313486
BNBUSDT,kyle_usd,5,900,all,all,56401,233.1473562387459,434.7791094877489,0.10939522348894523,0.3957457576279739,0.5670742761927235,0.5188119391468057,0.4434852354790252,2.416072696799511
BNBUSDT,kyle_usd,5,900,vol_regime,high_vol,18785,353.1939396704466,625.1626860790481,0.07468725046579718,0.3597909116202226,0.5291856395650171,0.43844502453392353,0.37661459065521663,2.470851772440549
BNBUSDT,kyle_usd,5,900,vol_regime,low_vol,18777,148.91911294244383,320.12185191311295,0.15747989561697823,0.3978462340858559,0.5692274649164596,0.5438252206580705,0.4949957879615706,1.7113341946932834
BNBUSDT,kyle_usd,5,900,vol_regime,mid_vol,18839,223.11741846558297,403.16003204006915,0.0960772864801741,0.3686168957547815,0.5386706782565214,0.5069980328615493,0.41386498434656926,2.374370399779431
BNBUSDT,kyle_usd,5,900,session,asia,18700,228.6580274989829,430.45108625854147,0.10572192513368985,0.398853626204847,0.5702578436129231,0.5373753904468161,0.4338407827712144,2.679905896987055
BNBUSDT,kyle_usd,5,900,session,europe,11743,240.79254105005168,406.19658913272383,0.09171421272247296,0.37562547866047724,0.5461159079813563,0.48444947372364433,0.41755533884862595,2.2687302886446155
BNBUSDT,kyle_usd,5,900,session,us,25958,232.87969954058414,452.5826702860024,0.1200400647199322,0.399291757452639,0.5707055091634863,0.5177850412460436,0.4584388469229689,2.302372424933244
BNBUSDT,kyle_usd,5,900,period,2018,25716,388.1218291371337,740.906399961833,0.09943226007155079,0.32994711316358455,0.49618080282715843,0.4299267012280974,0.3349657956431328,2.388853069905741
BNBUSDT,kyle_usd,5,900,period,2019,30685,162.76625038532464,278.4223722818528,0.11774482646244093,0.37237455906099337,0.5426719062990787,0.5688840348862153,0.4978577631353296,1.165626253184178
BNBUSDT,sqrt_usd,5,900,all,all,56401,0.017764819031788212,0.025545447666787423,0.0772681335437315,0.46508144149884445,0.6348881752580868,0.5847808934432779,0.6088241936253659,1.1150798030071232
BNBUSDT,sqrt_usd,5,900,vol_regime,high_vol,18785,0.02878189257317703,0.03723830247035423,0.06079318605270163,0.4063580776033954,0.5778870745292392,0.5253507682418226,0.5469996153440624,0.9843200917848279
BNBUSDT,sqrt_usd,5,900,vol_regime,low_vol,18777,0.011797666382828127,0.016023666906343652,0.1033178889066411,0.435265349754044,0.6065294474344187,0.5548374252245961,0.5827947549408181,0.937235675838851
BNBUSDT,sqrt_usd,5,900,vol_regime,mid_vol,18839,0.01707796575442382,0.021922410773044188,0.06773183289983545,0.44203879738351415,0.6130747635716388,0.5538235388106046,0.5843165966345735,1.0634542404780556
BNBUSDT,sqrt_usd,5,900,session,asia,18700,0.017411425332369643,0.02664449021549681,0.07796791443850268,0.478213373718405,0.6470153527504253,0.6069439532300067,0.6255005022204234,1.17712245753465
BNBUSDT,sqrt_usd,5,900,session,europe,11743,0.017925688925548487,0.022941571140106115,0.07025461977348207,0.462485163970252,0.6324647597993128,0.5587000078619683,0.6059149967520896,1.0731576233705662
BNBUSDT,sqrt_usd,5,900,session,us,25958,0.017981817298208084,0.025921849038163147,0.07993682101856846,0.45487666889253237,0.6253130297825029,0.5784302222506471,0.5926541893842588,1.0876824457826613
BNBUSDT,sqrt_usd,5,900,period,2018,25716,0.0315784692428974,0.04175777705170054,0.07901695442526054,0.3789701177817044,0.5496422480732779,0.5089488941025266,0.5102722521250289,0.947323922614726
BNBUSDT,sqrt_usd,5,900,period,2019,30685,0.012792473586569954,0.01428766431058364,0.07580250936939872,0.3772718316789256,0.5478538411970898,0.5591787663014817,0.5444572929448666,0.6400438570292992
BNBUSDT,count,5,900,all,all,56401,0.38722140980846675,0.5291175917076213,0.09436002907749863,0.5016146939706335,0.668100406828389,0.594953715845671,0.654332136494522,0.9265794581612308
BNBUSDT,count,5,900,vol_regime,high_vol,18785,0.5315595135100357,0.786735010077019,0.10151716795315412,0.45669269112139566,0.6270268175366804,0.5905301982263239,0.6159429345160639,0.8618147893088576
BNBUSDT,count,5,900,vol_regime,low_vol,18777,0.3070739818802745,0.3615098557452575,0.09980295041806465,0.5242474961044642,0.6878771294613102,0.5572750773743609,0.6745395213449907,0.8687599429494499
BNBUSDT,count,5,900,vol_regime,mid_vol,18839,0.38803634943550286,0.4600553411159808,0.08179839694251287,0.5007896683683032,0.6673682247729951,0.5800755388441053,0.6531071527893687,0.8570454070104814
BNBUSDT,count,5,900,session,asia,18700,0.3888243979288883,0.5505970836842936,0.09556149732620321,0.5213937176219988,0.6854158941013095,0.614462154004642,0.6716588962695875,0.9592063158884657
BNBUSDT,count,5,900,session,europe,11743,0.3712474468653656,0.496818488934843,0.09333219790513497,0.5167269369577256,0.6813710818562826,0.5838094589605715,0.6689874607098245,0.9155545573667849
BNBUSDT,count,5,900,session,us,25958,0.3938346464446682,0.5263245882906217,0.09395947299483781,0.4771639286172816,0.6460541303143478,0.5846245392929535,0.632447227626119,0.9065248897928174
BNBUSDT,count,5,900,period,2018,25716,0.6651672624454512,0.9889398111402511,0.10748172344065951,0.4458398887382489,0.6167209691901959,0.6063264291298738,0.6021864587001908,0.7656511069507086
BNBUSDT,count,5,900,period,2019,30685,0.30919796111065806,0.30159660191400794,0.0833632067785563,0.3029587107638568,0.4650319434700243,0.4727722556060086,0.4712687643980852,0.5922093612660152
BNBUSDT,kyle_usd,5,3600,all,all,14098,216.6176016180063,309.1785790135665,0.047524471556249115,0.5601232225876795,0.7180499776916824,0.7132713909373168,0.6666793398756055,1.1521010667554352
BNBUSDT,kyle_usd,5,3600,vol_regime,high_vol,4696,307.2250475895849,400.6347770139307,0.03045144804088586,0.5045784727520432,0.6707240358545239,0.6170270178996173,0.6100567517476885,1.1825478963668614
BNBUSDT,kyle_usd,5,3600,vol_regime,low_vol,4693,142.3180380433458,232.6506651862406,0.08267632644363947,0.5922137128277688,0.7438872157130191,0.7495493906942913,0.7286018822942002,0.8519659267395939
BNBUSDT,kyle_usd,5,3600,vol_regime,mid_vol,4709,212.8486170192375,284.1915126108588,0.02951794436186027,0.5581474740211625,0.7164244506083021,0.701272852095034,0.6620952080616253,1.1048174720294308
BNBUSDT,kyle_usd,5,3600,session,asia,4674,216.30669480819347,313.34983018621347,0.04129225502781344,0.532608548935797,0.6950353360688564,0.7056592389248044,0.6354546981608483,1.322338621663179
BNBUSDT,kyle_usd,5,3600,session,europe,2936,221.92723911223314,279.3381612549275,0.035762942779291554,0.5322551021251545,0.6947343185699896,0.6757237734863879,0.6648949147634481,1.0732744229852456
BNBUSDT,kyle_usd,5,3600,session,us,6488,214.34650593385012,321.319439787251,0.05733662145499383,0.5899020495775696,0.7420608706483575,0.7319962174227092,0.685159917850646,1.0590728367136637
BNBUSDT,kyle_usd,5,3600,period,2018,6428,341.9776820866739,479.84239662230823,0.037958929682638455,0.48720112213852695,0.6551919775826339,0.6100883878016446,0.6080486110288977,1.1270448804505988
BNBUSDT,kyle_usd,5,3600,period,2019,7670,151.58518327938026,200.89291369139778,0.05554106910039113,0.569783919076417,0.7259392992274372,0.751028620319286,0.7112507478062913,0.6065549520781384
BNBUSDT,sqrt_usd,5,3600,all,all,14098,0.01808592311885558,0.020244790245447505,0.025039012625904383,0.6678901332916316,0.8008802497962264,0.7756728100992621,0.7947498916280223,0.5738323253553869
BNBUSDT,sqrt_usd,5,3600,vol_regime,high_vol,4696,0.028117300779752462,0.02864073504153529,0.0217206132879046,0.6053787559244882,0.7541880739238624,0.7269144980296413,0.7483396918774535,0.5229665136364213
BNBUSDT,sqrt_usd,5,3600,vol_regime,low_vol,4693,0.01232945434656215,0.011648973261552075,0.03217558065203495,0.6214001431829791,0.7664981970004088,0.7247208309841886,0.7629798771261909,0.4732391216843821
BNBUSDT,sqrt_usd,5,3600,vol_regime,mid_vol,4709,0.017716608334676563,0.01726747456437454,0.021235931195582928,0.6504152099273419,0.7881837322087887,0.7565072491749247,0.7855852545167777,0.5311333838868649
BNBUSDT,sqrt_usd,5,3600,session,asia,4674,0.017686886428505674,0.02181362438912548,0.025459991442019683,0.6613672420375313,0.796172243322215,0.7828577549320525,0.7914284913324519,0.6384536609260231
BNBUSDT,sqrt_usd,5,3600,session,europe,2936,0.01789498975466239,0.017529041708552587,0.025544959128065394,0.6569357863778121,0.792952619864556,0.7381417426919845,0.785381902403768,0.5723957690034185
BNBUSDT,sqrt_usd,5,3600,session,us,6488,0.018364270374154668,0.020553582912290258,0.024506781750924786,0.6763499822733556,0.8069317140519001,0.7837912705462815,0.8010024172328505,0.5311343842241544
BNBUSDT,sqrt_usd,5,3600,period,2018,6428,0.030982083670804666,0.03039225989750279,0.026291225886745487,0.5722924361484287,0.7279720018883341,0.7040539343635112,0.7208884982419445,0.49637758254104714
BNBUSDT,sqrt_usd,5,3600,period,2019,7670,0.01311897041189157,0.010378892544154007,0.023989569752281618,0.5564777550629031,0.7150474887967978,0.7170666045682977,0.7171521879754215,0.3404721067696678
BNBUSDT,count,5,3600,all,all,14098,0.37687773207489,0.4013469986617913,0.040502198893460066,0.6961577791843369,0.8208644121764559,0.7605750302438296,0.8195727642714636,0.5081250505660521
BNBUSDT,count,5,3600,vol_regime,high_vol,4696,0.49982126918441483,0.5961948130211904,0.049403747870528106,0.6640694654246999,0.7981270965214395,0.76604529989682,0.7989751350043997,0.48382625568946896
BNBUSDT,count,5,3600,vol_regime,low_vol,4693,0.31018260825939176,0.246093904843043,0.03686341359471553,0.6957512069067133,0.8205817033453399,0.7110558238485378,0.8199371450405515,0.47207759246528347
BNBUSDT,count,5,3600,vol_regime,mid_vol,4709,0.37877702690706494,0.3515732045658123,0.035251645784667655,0.7033703578165584,0.8258572242834658,0.7590858123385751,0.8258796658249438,0.4655071656903033
BNBUSDT,count,5,3600,session,asia,4674,0.3754930566558333,0.4187231205958415,0.04321780059905862,0.704823698555482,0.8268581662170554,0.7706021736754742,0.8241520631635161,0.5392164214111834
BNBUSDT,count,5,3600,session,europe,2936,0.3615835639447941,0.3775004158100983,0.0412125340599455,0.7026969132742781,0.8253928315674165,0.7440144869503099,0.825638089324364,0.5119548827542214
BNBUSDT,count,5,3600,session,us,6488,0.3854211678810314,0.40019017162088416,0.03822441430332922,0.6833027637451963,0.8118596113095061,0.759479916488487,0.8098421914194931,0.48572090926394484
BNBUSDT,count,5,3600,period,2018,6428,0.6398395308926524,0.7548454668132532,0.050248911014312385,0.6436102503691582,0.7831665082699528,0.781549509468595,0.7832076139669042,0.418599068790232
BNBUSDT,count,5,3600,period,2019,7670,0.31084408563400745,0.2022362673987343,0.03233376792698826,0.46369717298455543,0.6335971422819004,0.6292596509918915,0.6469148471725715,0.32665003807361626
BNBUSDT,kyle_usd,5,14400,all,all,3516,196.46651490665425,225.1000577856979,0.020193401592719,0.6828414602426992,0.8115339161470622,0.8211687720456107,0.7987785036113112,0.6320785905075507
BNBUSDT,kyle_usd,5,14400,vol_regime,high_vol,1175,260.82468174101,269.7167100197885,0.01702127659574468,0.6136421004291258,0.7605677867055354,0.715857184254366,0.7595043828974826,0.6767678473743476
BNBUSDT,kyle_usd,5,14400,vol_regime,low_vol,1164,127.95212075565746,171.47789888662908,0.03436426116838488,0.7263806506191476,0.8415069415411243,0.8655840420416709,0.8277955957869928,0.5288442438455739
BNBUSDT,kyle_usd,5,14400,vol_regime,mid_vol,1177,196.96958416571013,208.88169860884295,0.009345794392523364,0.6637167569370016,0.7978722990792525,0.8243872673975515,0.7705643052026305,0.6143402794978401
BNBUSDT,kyle_usd,5,14400,session,asia,1165,200.70796974090428,236.3651013374082,0.017167381974248927,0.6449747306316982,0.784175852213872,0.810532119423105,0.7651692080735264,0.7110407420605737
BNBUSDT,kyle_usd,5,14400,session,europe,1172,192.39465896148494,195.43182342471118,0.015358361774744027,0.7021212246346513,0.8249955578638142,0.8019284191612167,0.8135775674686523,0.5844880619126521
BNBUSDT,kyle_usd,5,14400,session,us,1179,194.40205801872327,245.08767608228513,0.027989821882951654,0.7052252630521237,0.8271344300750805,0.8430841253084291,0.8122766106073754,0.6012863231751804
BNBUSDT,kyle_usd,5,14400,period,2018,1604,292.31869462122745,326.1747602206468,0.015586034912718205,0.5905456418543252,0.7425698783039538,0.7195424172838896,0.7335032067923881,0.640324908898893
BNBUSDT,kyle_usd,5,14400,period,2019,1912,136.0564415499047,146.9501108530663,0.02405857740585774,0.703723464984332,0.8261005725959215,0.8496103963590647,0.8209259436143068,0.3853647417703567
BNBUSDT,sqrt_usd,5,14400,all,all,3516,0.017652686371191266,0.017504485531459953,0.009670079635949944,0.8301099183756669,0.9071694656596798,0.8893963860123035,0.9063719887111374,0.3135086111814503
BNBUSDT,sqrt_usd,5,14400,vol_regime,high_vol,1175,0.027632566677048293,0.022661585485314675,0.01276595744680851,0.7775770128277377,0.874872939081027,0.8587854294706263,0.8784351143083697,0.2859218460520289
BNBUSDT,sqrt_usd,5,14400,vol_regime,low_vol,1164,0.012648098150917716,0.008738757084206628,0.006872852233676976,0.7989212202969145,0.8882225761560046,0.8504723164216679,0.8883626481986571,0.23762199549688112
BNBUSDT,sqrt_usd,5,14400,vol_regime,mid_vol,1177,0.017198243926509094,0.014781073666632073,0.009345794392523364,0.816245644226518,0.8988273660241938,0.8790188874218092,0.8985643786646988,0.29424622183059107
BNBUSDT,sqrt_usd,5,14400,session,asia,1165,0.017579594726559268,0.018654439847696016,0.01201716738197425,0.8154356366437074,0.8983360469349899,0.8955568247919132,0.9003986906678025,0.35691077000610416
BNBUSDT,sqrt_usd,5,14400,session,europe,1172,0.01732516438254489,0.01587741686581469,0.013651877133105802,0.8276315110587726,0.9056875043474317,0.870684676492152,0.9054914679953441,0.30211481425348097
BNBUSDT,sqrt_usd,5,14400,session,us,1179,0.018168652555571378,0.01831041827683486,0.0033927056827820186,0.8486466460030186,0.9181274829756004,0.8982273799230781,0.9159990280761151,0.27626676446601367
BNBUSDT,sqrt_usd,5,14400,period,2018,1604,0.02985005828051684,0.022897674771508305,0.012468827930174564,0.7611323270703001,0.8643669931792894,0.8499878584507503,0.8669144939544724,0.26601226428008884
BNBUSDT,sqrt_usd,5,14400,period,2019,1912,0.0131726014074122,0.007913657730310376,0.007322175732217573,0.6894067719068581,0.8161524901770278,0.8238834215904144,0.8164337563299471,0.20592947404637602
BNBUSDT,count,5,14400,all,all,3516,0.3604930254585552,0.3418732161010609,0.01877133105802048,0.8407943900900866,0.9135125515554607,0.8758430493452569,0.9143317179633156,0.29004670651797576
BNBUSDT,count,5,14400,vol_regime,high_vol,1175,0.45930108868352487,0.48808298711970993,0.02553191489361702,0.8209468228474813,0.9016702877283771,0.8820647069203665,0.9029920872685413,0.2875236197723719
BNBUSDT,count,5,14400,vol_regime,low_vol,1164,0.30841197302443535,0.18613579436883632,0.010309278350515464,0.8464337407950301,0.9168308854999325,0.8425232458362613,0.917042393158473,0.2494629823504393
BNBUSDT,count,5,14400,vol_regime,mid_vol,1177,0.36233934301988346,0.3005099403599069,0.020390824129141887,0.8396494096033142,0.9128363319882442,0.872252688745512,0.9124957107291722,0.2730654959967214
BNBUSDT,count,5,14400,session,asia,1165,0.35326451984936114,0.3473490342742554,0.022317596566523604,0.8396696548020098,0.9128482960082063,0.8798512831743838,0.9137057988230848,0.3214759589923847
BNBUSDT,count,5,14400,session,europe,1172,0.34857357442269654,0.31197013667682255,0.02303754266211604,0.8360187007890902,0.9106864765917507,0.8666286437421007,0.9112484405615853,0.28994850172224795
BNBUSDT,count,5,14400,session,us,1179,0.3862216456970558,0.34932199642505624,0.01102629346904156,0.8447711342208241,0.9158546754664286,0.879026363632214,0.9164389537902937,0.256662546835833
BNBUSDT,count,5,14400,period,2018,1604,0.6089021864354509,0.6148027112777741,0.02057356608478803,0.8069079676196371,0.8931367641071747,0.897277212493725,0.894155799324452,0.23380058368740553
BNBUSDT,count,5,14400,period,2019,1912,0.30564458327013816,0.15420748593825506,0.017259414225941423,0.6241547696504581,0.768590261610087,0.7656860686535248,0.7790200005521444,0.1970996012652163
BNBUSDT,kyle_usd,5,86400,all,all,584,172.73662996619933,158.56434423334028,0.0017123287671232876,0.8236832141014834,0.9033183041138059,0.9136835953082422,0.8973706762634539,0.31678318566131014
BNBUSDT,kyle_usd,5,86400,period,2018,266,250.15293864990366,215.81788608565586,0.0037593984962406013,0.7438677317765797,0.8531240279545265,0.833776566575145,0.8481146980388764,0.3137000948750052
BNBUSDT,kyle_usd,5,86400,period,2019,318,123.10414400486573,109.50431750141635,0.0,0.8368067827166967,0.9111538465456148,0.9298081192225327,0.9094322059385093,0.20319859815730887
BNBUSDT,sqrt_usd,5,86400,all,all,584,0.017352967199809968,0.013371848442186298,0.0,0.9311272055427954,0.9643354439523595,0.9513518498700406,0.9640592735102037,0.15914027612827633
BNBUSDT,sqrt_usd,5,86400,period,2018,266,0.026306346773843824,0.018227442526678603,0.0,0.9004687653461986,0.9476280607875867,0.9115373404676147,0.9476545898771733,0.14698658382601426
BNBUSDT,sqrt_usd,5,86400,period,2019,318,0.013158555819824311,0.005725696029989269,0.0,0.84742330040412,0.9174110776006213,0.9129109570563745,0.9179751233618455,0.09538519448267876
BNBUSDT,count,5,86400,all,all,584,0.3406601019369731,0.24826411385838698,0.005136986301369863,0.9354475689643711,0.9666472850669006,0.942431566177868,0.9668827794540031,0.15800144469492655
BNBUSDT,count,5,86400,period,2018,266,0.5806367194643874,0.5415358806870972,0.0,0.9211956712873519,0.95898162280376,0.9582845153268615,0.9591125375675895,0.12342116823747637
BNBUSDT,count,5,86400,period,2019,318,0.2932905024123284,0.11776889586513284,0.009433962264150943,0.7781248133115759,0.8752195655628897,0.8748337023006133,0.8762177152329867,0.11277813180183736
BNBUSDT,kyle_usd,15,300,all,all,169183,270.8952887127168,678.6066647436385,0.18787348610676013,0.1779912375324527,0.3021945017270117,0.26227902593058683,-0.38524551844716526,6.607232491730399
BNBUSDT,kyle_usd,15,300,vol_regime,high_vol,56340,420.0016480043538,1005.6794023687589,0.15814696485623003,0.1568612670512698,0.27118423188476937,0.23114801798199128,-0.5088658747729029,6.922759524594874
BNBUSDT,kyle_usd,15,300,vol_regime,low_vol,56246,185.19229157069412,502.24223129672214,0.22721615759342886,0.13604182206815854,0.23950143282664554,0.2644720491381074,-0.48115362994468813,4.487314407644723
BNBUSDT,kyle_usd,15,300,vol_regime,mid_vol,56597,248.02645347366973,606.0742082201616,0.17836634450589253,0.17384893810334417,0.296203254882595,0.24523197741119596,-0.4156224442281904,6.282382150885122
BNBUSDT,kyle_usd,15,300,session,asia,56087,261.1252190469548,646.111833998709,0.18605024337190437,0.16786206846213314,0.2874689965454185,0.25815553361485016,-0.3897427443653494,7.307699901411543
BNBUSDT,kyle_usd,15,300,session,europe,35226,282.7150698957814,640.8868742205354,0.17424629535002556,0.1886713884293858,0.3174491962470484,0.244948241977129,-0.30981016863940414,5.9277134133739375
BNBUSDT,kyle_usd,15,300,session,us,77870,272.82287860555135,717.3497925230113,0.19535122640297933,0.17996198315858006,0.3050301377962178,0.27118370399830477,-0.44290154825509065,6.44950709955026
BNBUSDT,kyle_usd,15,300,period,2018,77125,421.6834538267495,1195.0065108470128,0.20783144246353322,0.13388396173510528,0.23615108115689684,0.201886781148527,-0.7930077571242633,7.892482932216686
BNBUSDT,kyle_usd,15,300,period,2019,92058,207.05971418988497,443.16152958069375,0.1711529687805514,0.1569874922821289,0.27137284254037186,0.32901602781502765,-0.10380643205364115,2.535857491935611
BNBUSDT,sqrt_usd,15,300,all,all,169183,0.01886555972165027,0.034618675679654425,0.15635731722454382,0.1999359318582563,0.3332443450520389,0.28325504658929346,0.13371271327290635,2.3720608097298705
BNBUSDT,sqrt_usd,15,300,vol_regime,high_vol,56340,0.028626386008311452,0.050848092470511044,0.1345580404685836,0.17308976298757675,0.2951006281851081,0.2568730045148808,0.08303418234235183,2.2294121359311516
BNBUSDT,sqrt_usd,15,300,vol_regime,low_vol,56246,0.01323104521388035,0.025040940168638545,0.18687551114745937,0.16787098408631257,0.2874820701494642,0.26957383359843556,0.07374401267505115,1.9810196675913538
BNBUSDT,sqrt_usd,15,300,vol_regime,mid_vol,56597,0.018029264819965345,0.03163334119707641,0.1477286781984911,0.1786039647719969,0.30307714908552535,0.24623876764561387,0.09576772434049119,2.2395361094811976
BNBUSDT,sqrt_usd,15,300,session,asia,56087,0.018317822585454575,0.03450711650654062,0.1576479398077986,0.19586599154191725,0.32757180641849837,0.288959298871539,0.12968604349512047,2.5659072572271757
BNBUSDT,sqrt_usd,15,300,session,europe,35226,0.018971703194924167,0.03291149979436772,0.14932152387441094,0.20732209461297518,0.3434412333511304,0.26998020893426855,0.15388571354771796,2.2610124715353006
BNBUSDT,sqrt_usd,15,300,session,us,77870,0.019226960200594917,0.03547890412302798,0.15861050468729934,0.19948257212819728,0.3326143735031728,0.284415042312063,0.12643560310033675,2.2894737334231494
BNBUSDT,sqrt_usd,15,300,period,2018,77125,0.030111984912518208,0.06088753843844123,0.17956564019448948,0.15482509789920618,0.2681360115585562,0.23210561780833236,-0.003735713907043081,2.33269936927962
BNBUSDT,sqrt_usd,15,300,period,2019,92058,0.01469754055866145,0.022120404471553667,0.1369136848508549,0.16009732163398557,0.27600670848630193,0.31351128188158206,0.1435902675335563,1.25265806584909
BNBUSDT,count,15,300,all,all,169124,0.40551676990439306,0.740499678883217,0.1795782975804735,0.2101640909013821,0.3473315602098933,0.27822789233436634,0.2557113229268845,1.8569821409150666
BNBUSDT,count,15,300,vol_regime,high_vol,56325,0.5423780629531086,1.0045933065897592,0.17409675987572126,0.18940616727943504,0.3184886248112695,0.28720049827161515,0.21671488569751818,1.7678455643306996
BNBUSDT,count,15,300,vol_regime,low_vol,56217,0.32782107229224816,0.5879016131874514,0.19008484977853674,0.22626990766407104,0.3690376910497526,0.26020094652844655,0.2768493348429153,1.7379603012066733
BNBUSDT,count,15,300,vol_regime,mid_vol,56582,0.3886357090881195,0.6809115104815227,0.17459616132338907,0.18579050533609787,0.313361431888743,0.24092341925255023,0.21676029871738978,1.8159765256241933
BNBUSDT,count,15,300,session,asia,56064,0.40319891720924017,0.7529704628863656,0.18070419520547945,0.22084052385263933,0.36178439286357716,0.2809983806086153,0.2750917741864374,1.9370527476612036
BNBUSDT,count,15,300,session,europe,35211,0.38872107928522703,0.7119367663887978,0.18147737922808213,0.2080313284151342,0.34441379709590647,0.2716539765579503,0.25333466154719586,1.852442299234274
BNBUSDT,count,15,300,session,us,77849,0.41451567814884216,0.7450057683492561,0.17790851520250742,0.2024657694033825,0.33675099043166656,0.27882658282338907,0.236196212512516,1.8067705840736612
BNBUSDT,count,15,300,period,2018,77073,0.6141598320948031,1.3024471289393273,0.20136753467491858,0.18385212386466496,0.31059981252469754,0.2872163671257137,0.19894966027397532,1.7635514462619444
BNBUSDT,count,15,300,period,2019,92051,0.33477400553735187,0.4901369367327444,0.1613344776265331,0.10879400450209617,0.19623844295758094,0.21948948718309214,0.08180589349769718,1.2083996361504208
BNBUSDT,kyle_usd,15,900,all,all,56401,265.75756324730384,474.85637580502237,0.09836705022960586,0.37260002993188235,0.5429112950702373,0.4740271708564752,0.42093601775744516,2.2557179699144645
BNBUSDT,kyle_usd,15,900,vol_regime,high_vol,18781,392.08894088147105,688.7346253932809,0.07369149672541399,0.33415247534994813,0.5009209689654099,0.4255704458233921,0.33425501579724304,2.4696216152636326
BNBUSDT,kyle_usd,15,900,vol_regime,low_vol,18753,184.81049475660194,364.5820809771067,0.1379512611315523,0.3126175945728604,0.4763269909917511,0.4745408145687885,0.3888561274279464,1.5673437298970743
BNBUSDT,kyle_usd,15,900,vol_regime,mid_vol,18867,248.84715971166727,433.07067452030856,0.08358509566968782,0.3504179920137924,0.5189770783359252,0.4568409673171832,0.38347888013204356,2.104735868110131
BNBUSDT,kyle_usd,15,900,session,asia,18700,261.422971130171,458.90687721233735,0.09529411764705882,0.3700771005110379,0.5402281380704771,0.4770946954617743,0.4239779374212863,2.4533781976567086
BNBUSDT,kyle_usd,15,900,session,europe,11743,272.0342065098896,438.90864833975377,0.08651962871497913,0.38357742073439843,0.554471929053015,0.4437846942198637,0.4380905432397548,2.10629644441398
BNBUSDT,kyle_usd,15,900,session,us,25958,265.7670130344849,506.1947566574262,0.10594036520533169,0.3667396748474041,0.5366635381947925,0.48357545345966946,0.40753696585100674,2.192824565785945
BNBUSDT,kyle_usd,15,900,period,2018,25716,406.6684224614909,782.7330499997042,0.10487634157722818,0.31100707175275366,0.47445521607591656,0.3942236027049766,0.2909417692349441,2.444436873181724
BNBUSDT,kyle_usd,15,900,period,2019,30685,200.70732240231365,321.07844510577763,0.09291184617891478,0.34806053133544046,0.5163870957495335,0.5449395849245342,0.4491950743256039,1.0941410134239171
BNBUSDT,sqrt_usd,15,900,all,all,56401,0.019527156906977,0.02578121965544557,0.0682612010425347,0.4019231810966541,0.5733883090259622,0.504784142138543,0.5480130749666384,1.0699885322292384
BNBUSDT,sqrt_usd,15,900,vol_regime,high_vol,18781,0.02909316056097916,0.03785933741241579,0.05729194398594324,0.36461915177821863,0.5343896153048824,0.4834199891786183,0.5017414723638807,1.0177806459854595
BNBUSDT,sqrt_usd,15,900,vol_regime,low_vol,18753,0.014095769407519904,0.01807836742513846,0.08643950301285128,0.32611845038664267,0.4918390967135095,0.4655092136051527,0.47202463705749886,0.8766135579568242
BNBUSDT,sqrt_usd,15,900,vol_regime,mid_vol,18867,0.018743073908267908,0.02311351618706231,0.0611119944877299,0.35079819792313727,0.5193939382840342,0.45299346921863404,0.4930135635517714,1.0176837335572053
BNBUSDT,sqrt_usd,15,900,session,asia,18700,0.019042448019900467,0.02605184585886886,0.07026737967914438,0.40212973460411205,0.5735984690712694,0.5174593195699846,0.5508262016781942,1.147581924827753
BNBUSDT,sqrt_usd,15,900,session,europe,11743,0.019453886200266127,0.02345667633420119,0.060631865792386955,0.4045239875390834,0.5760300160453142,0.46795032808986653,0.5496676802185974,1.037689948437816
BNBUSDT,sqrt_usd,15,900,session,us,25958,0.019876852280604485,0.026526051662608248,0.07026735495800909,0.39935885754090816,0.5707740446831502,0.5100805889088538,0.5439070839925304,1.0312546478350533
BNBUSDT,sqrt_usd,15,900,period,2018,25716,0.03061692309997367,0.04186838380937769,0.08123347332400062,0.3327480953543064,0.4993413181593728,0.4437524554838361,0.46241491766014375,1.014758329259391
BNBUSDT,sqrt_usd,15,900,period,2019,30685,0.01517263790116174,0.016227329708285942,0.05738960404106241,0.33081909439482554,0.4971661374384798,0.5172643872361812,0.48631854852090495,0.6275503470513434
BNBUSDT,count,15,900,all,all,56401,0.4003042362041473,0.5242271282794747,0.0975160014893353,0.3861739547841209,0.5571796432205547,0.4792367581441125,0.5469912873338951,0.9631612632297603
BNBUSDT,count,15,900,vol_regime,high_vol,18781,0.5245331068996454,0.739556436482976,0.1026036952238965,0.3727246798964519,0.5430436056916635,0.5062753375914865,0.5319760187952728,0.9201758244786967
BNBUSDT,count,15,900,vol_regime,low_vol,18753,0.3339330828151941,0.3988769831875029,0.09374500079987202,0.3666151283822889,0.536530177031282,0.42861346568834413,0.5253276095476298,0.8962459335867293
BNBUSDT,count,15,900,vol_regime,mid_vol,18867,0.3855196206041345,0.4746846323488736,0.09619971378597551,0.35611461000225253,0.5251983975036756,0.4438974922951284,0.5129148908900247,0.9320218046593611
BNBUSDT,count,15,900,session,asia,18700,0.39932478927447257,0.5374436085621026,0.10021390374331551,0.39203153973111154,0.5632509444532232,0.4874856065600439,0.5504337549035967,1.0131299528489366
BNBUSDT,count,15,900,session,europe,11743,0.3838593440988171,0.49816959001650674,0.09929319594652133,0.3901193263136721,0.5612745883451505,0.47338108796439016,0.5540053431492047,0.9552214563799042
BNBUSDT,count,15,900,session,us,25958,0.4087965449684601,0.5245807101220171,0.09476847214731489,0.3786759811549679,0.5493328183432007,0.47524634007325517,0.5369959555496662,0.9316552873782782
BNBUSDT,count,15,900,period,2018,25716,0.5917997874532251,0.9258037214122854,0.11794213719085395,0.3469245754012472,0.5151358609637051,0.4965484253116602,0.4975498509491708,0.9116749691440712
BNBUSDT,count,15,900,period,2019,30685,0.33530726091856583,0.3386347362826305,0.08039758839824018,0.23864124481796858,0.3853274639712799,0.3946201392555643,0.3828336872459436,0.6451019114995266
BNBUSDT,kyle_usd,15,3600,all,all,14098,245.78542518401275,327.72957286457654,0.03617534402042843,0.5718252459982944,0.7275939198127817,0.6947402005597825,0.6817742932232411,1.0415750209087478
BNBUSDT,kyle_usd,15,3600,vol_regime,high_vol,4695,345.53387849969187,447.27141530259087,0.02428115015974441,0.519910834904623,0.6841333359364442,0.63044421323766,0.6270450702579742,1.152570935165012
BNBUSDT,kyle_usd,15,3600,vol_regime,low_vol,4687,174.28837775982942,258.9492006265522,0.061019842116492425,0.5438962310497488,0.7045761497583745,0.70779822611824,0.6876120749591803,0.7540951394535541
BNBUSDT,kyle_usd,15,3600,vol_regime,mid_vol,4716,235.27842519154825,297.1129194487804,0.02332485156912638,0.5687329508249431,0.7250857458254649,0.6787204324693571,0.683571884807689,0.9322029264842566
BNBUSDT,kyle_usd,15,3600,session,asia,4674,245.9638793640942,322.58980933324665,0.031664527171587506,0.5525331261320466,0.711782720551178,0.6793468011861054,0.6512495284951442,1.1722606040522852
BNBUSDT,kyle_usd,15,3600,session,europe,2936,248.23456733927296,302.54364860186155,0.028950953678474115,0.573878730735022,0.7292540645326762,0.6691556528428169,0.6896648127560712,0.9675727724097846
BNBUSDT,kyle_usd,15,3600,session,us,6488,244.67501142290718,347.92278755252977,0.04269420468557337,0.5868231492045172,0.7396201013310081,0.7149909571540651,0.7012292144353685,0.9743719723163541
BNBUSDT,kyle_usd,15,3600,period,2018,6428,360.8657836450873,508.04144612254447,0.03546981953951462,0.5086084693067242,0.6742749754552995,0.6079488957434606,0.6233538840248788,1.1015794368216483
BNBUSDT,kyle_usd,15,3600,period,2019,7670,185.73085727522826,228.60718816579725,0.036766623207301175,0.5712268601724558,0.727109336852552,0.7465318701465271,0.7108501950781869,0.5627504852695575
BNBUSDT,sqrt_usd,15,3600,all,all,14098,0.019834268780724452,0.01988441591018921,0.02064122570577387,0.6475459421991953,0.7860733052880224,0.7346111628427398,0.7821813746273382,0.5327822921784877
BNBUSDT,sqrt_usd,15,3600,vol_regime,high_vol,4695,0.028392449782087763,0.029470229107632032,0.019808306709265176,0.6096693323821523,0.7575087878202931,0.7201404464774988,0.7581461673823566,0.5226231243449118
BNBUSDT,sqrt_usd,15,3600,vol_regime,low_vol,4687,0.014659932967459854,0.01300011811807866,0.023895882227437593,0.5294210236507632,0.692315608931572,0.6745019614611607,0.6940741514535569,0.4326355391449415
BNBUSDT,sqrt_usd,15,3600,vol_regime,mid_vol,4716,0.019076672979929585,0.01765110585715881,0.01823579304495335,0.5999030161842218,0.7499242268009395,0.7087307672518306,0.7511568918618039,0.49436337419389065
BNBUSDT,sqrt_usd,15,3600,session,asia,4674,0.01944292578562045,0.020310654682389795,0.0235344458707745,0.6337135354878394,0.7757951706002211,0.7371834426619801,0.7698842095254389,0.5879664510114676
BNBUSDT,sqrt_usd,15,3600,session,europe,2936,0.019611507635159064,0.01770340737842968,0.02282016348773842,0.6530814948265127,0.7901382924803138,0.7198458469014634,0.7840086458810618,0.5226846738916066
BNBUSDT,sqrt_usd,15,3600,session,us,6488,0.02018719337440702,0.020514235043535237,0.01757090012330456,0.6541957260850518,0.7909532297406212,0.7375920251871804,0.7885223647519022,0.5005451120575329
BNBUSDT,sqrt_usd,15,3600,period,2018,6428,0.030077045747390545,0.030633149290412283,0.025046670815183573,0.5816944695435707,0.7355332913459958,0.6965197091678061,0.7336464453045575,0.5038566714182621
BNBUSDT,sqrt_usd,15,3600,period,2019,7670,0.015464495108359068,0.011874633420990393,0.01694915254237288,0.5219759957781358,0.6859188281892276,0.6987385443528048,0.6919991291823356,0.334489329050296
BNBUSDT,count,15,3600,all,all,14098,0.3849604468766925,0.3864686643864712,0.04695701517945808,0.6289026309010712,0.772179526228866,0.7006973378456759,0.7756170815541789,0.5140124331607694
BNBUSDT,count,15,3600,vol_regime,high_vol,4695,0.4830740568220447,0.5679335005226608,0.05708200212992545,0.6386802311216859,0.779505627750822,0.7397359060572689,0.7834614906674365,0.5071092789640296
BNBUSDT,count,15,3600,vol_regime,low_vol,4687,0.33480084461498194,0.2763422551015061,0.03563046724983998,0.5528638432231093,0.7120570752366677,0.6263027863975656,0.7165380637015626,0.4757139279430921
BNBUSDT,count,15,3600,vol_regime,mid_vol,4716,0.3722750172377588,0.349008684045064,0.04813401187446989,0.6021047495303409,0.7516421753407181,0.6898084519974914,0.7549806531264713,0.4903591065292179
BNBUSDT,count,15,3600,session,asia,4674,0.37926924100329296,0.3932967425706014,0.04835258878904578,0.6318847607436654,0.7744232631423184,0.7058511846439809,0.7762832167232957,0.5478999773895008
BNBUSDT,count,15,3600,session,europe,2936,0.37215799513697323,0.38144494335558166,0.05449591280653951,0.6402827729018822,0.7806980399716512,0.7081493324617901,0.7857207283889885,0.5074575237640976
BNBUSDT,count,15,3600,session,us,6488,0.3955521315604007,0.3853700273156913,0.04254007398273736,0.6204235126154715,0.7657547644616272,0.6920345989368806,0.7710416149367767,0.4916393598184273
BNBUSDT,count,15,3600,period,2018,6428,0.5617370200567557,0.7191180119379768,0.0589607965152458,0.6069104205529968,0.7553755489918805,0.7389727400889673,0.7575034017167387,0.4771282983026846
BNBUSDT,count,15,3600,period,2019,7670,0.3323133968036438,0.23168987863119417,0.036897001303780964,0.4190493251128234,0.5906057213050101,0.5890145581797943,0.6117189689126649,0.35711320189699897
BNBUSDT,kyle_usd,15,14400,all,all,3516,221.8674644634551,236.39957128977267,0.011945392491467578,0.6867496755127082,0.814287603528321,0.8077002088066418,0.7977443567857458,0.6050432060089843
BNBUSDT,kyle_usd,15,14400,vol_regime,high_vol,1173,289.9636278098816,332.9901014551266,0.0196078431372549,0.6199274667056474,0.7653768201935089,0.7491631168400676,0.7302123185940432,0.7217597312334066
BNBUSDT,kyle_usd,15,14400,vol_regime,low_vol,1164,160.26026003482633,193.2666784333216,0.012027491408934709,0.6822897436101338,0.8111441518343497,0.8389349225860011,0.7948268660845313,0.4686051234585727
BNBUSDT,kyle_usd,15,14400,vol_regime,mid_vol,1179,213.74150045359593,214.05482529509078,0.004240882103477523,0.6752110604326463,0.8061205854959718,0.7855028763874425,0.7903779929406667,0.5337216770037777
BNBUSDT,kyle_usd,15,14400,session,asia,1165,225.68758025535124,240.47303370035036,0.011158798283261802,0.6665729094183247,0.799932490983518,0.8050426894181533,0.773578003163099,0.6500902250000222
BNBUSDT,kyle_usd,15,14400,session,europe,1172,217.35089309535147,213.01285080509308,0.012798634812286689,0.6657438283275117,0.7993351882875664,0.7821260731585635,0.7808687409466633,0.6121366788400822
BNBUSDT,kyle_usd,15,14400,session,us,1179,220.0981402241894,271.6472936644932,0.011874469889737066,0.7249223151177708,0.8405274936318231,0.8317831155132558,0.8260701428941717,0.5647587734707493
BNBUSDT,kyle_usd,15,14400,period,2018,1604,310.2061101407992,353.49441560645926,0.017456359102244388,0.6042953863598866,0.7533467857574788,0.7361914223028991,0.719933598826417,0.6724233808943416
BNBUSDT,kyle_usd,15,14400,period,2019,1912,167.40083281645434,170.906667040305,0.007322175732217573,0.6905860275649863,0.8169782741664592,0.8340590757620393,0.8043441715138238,0.3688802039540602
BNBUSDT,sqrt_usd,15,14400,all,all,3516,0.019107886139225507,0.01641037102537035,0.010238907849829351,0.8062074304653655,0.8927074674448082,0.8570663699939061,0.893435919036251,0.3145471358320414
BNBUSDT,sqrt_usd,15,14400,vol_regime,high_vol,1173,0.02753058612415261,0.024486719108591237,0.01619778346121057,0.7747047942469192,0.8730520104056614,0.8531739882807942,0.8709104061829798,0.3151538829482601
BNBUSDT,sqrt_usd,15,14400,vol_regime,low_vol,1164,0.014805461682467684,0.009849703208770997,0.006013745704467354,0.6974583206607013,0.8217678303750396,0.8102697242716086,0.8201042524848645,0.24193256806679564
BNBUSDT,sqrt_usd,15,14400,vol_regime,mid_vol,1179,0.01865337447556597,0.014428092884112384,0.008481764206955046,0.7748904932494178,0.8731699180277549,0.8406052130166225,0.87360269482822,0.284894633194384
BNBUSDT,sqrt_usd,15,14400,session,asia,1165,0.018864070054693406,0.017561237705485636,0.011158798283261802,0.8099882320296201,0.8950204401288779,0.8740832011250526,0.8936430880734989,0.33592664447479487
BNBUSDT,sqrt_usd,15,14400,session,europe,1172,0.018927201582910495,0.014406794341970279,0.017064846416382253,0.7860095737629209,0.8801851740434821,0.8365372489093084,0.8785019848048397,0.3223469512233281
BNBUSDT,sqrt_usd,15,14400,session,us,1179,0.019402611387300678,0.01771905932027549,0.002544529262086514,0.8153472030657879,0.8982823800194435,0.8581375933677589,0.8993203916875583,0.2959724252742354
BNBUSDT,sqrt_usd,15,14400,period,2018,1604,0.029357761743083542,0.02510223562440704,0.014962593516209476,0.7599282174969669,0.8635900145720308,0.843044750037769,0.8610008137071741,0.292392841711625
BNBUSDT,sqrt_usd,15,14400,period,2019,1912,0.015317894931348474,0.008995213409287894,0.006276150627615063,0.6459103726376781,0.7848670053674488,0.792191571089315,0.7868285066280996,0.2122375915795666
BNBUSDT,count,15,14400,all,all,3516,0.36867928951159823,0.30186667610328044,0.021899886234357225,0.7875030458474183,0.8811207876561455,0.8329593755113354,0.8835472921678887,0.308924987133974
BNBUSDT,count,15,14400,vol_regime,high_vol,1173,0.4408107271543097,0.4674691392781334,0.03154305200341006,0.7946105998958645,0.8855521080082477,0.8560703336979739,0.8850766688574361,0.32881615027195715
BNBUSDT,count,15,14400,vol_regime,low_vol,1164,0.33799225686064144,0.2133008114617776,0.012027491408934709,0.7303019490434184,0.8441323775277016,0.8012892304801437,0.8507552574689872,0.26186364426483744
BNBUSDT,count,15,14400,vol_regime,mid_vol,1179,0.3525287937403479,0.2802890352149886,0.02205258693808312,0.7728779739513816,0.8718907734284668,0.8292250807351181,0.8740940544398536,0.29341632622929015
BNBUSDT,count,15,14400,session,asia,1165,0.3604570357537007,0.3107424048212757,0.02575107296137339,0.7925490551849074,0.8842704224941317,0.8432188345790418,0.8863853307651939,0.3324595985843878
BNBUSDT,count,15,14400,session,europe,1172,0.35409177963257155,0.2859633125444369,0.028156996587030716,0.7835068092994847,0.8786137571375192,0.8295228501270122,0.8822821486295175,0.3086114893746856
BNBUSDT,count,15,14400,session,us,1179,0.3949358217893984,0.30330416609939725,0.011874469889737066,0.7849875319864766,0.879543994475838,0.8221837948207024,0.8814986176064209,0.28417625382539086
BNBUSDT,count,15,14400,period,2018,1604,0.513245636737785,0.603299179286017,0.02493765586034913,0.7797599243813514,0.8762529301837132,0.8707312217423628,0.8769943608382716,0.29356013795082836
BNBUSDT,count,15,14400,period,2019,1912,0.32550174625535566,0.17758827843622296,0.019351464435146442,0.581936405922001,0.7357266749074285,0.744764804343547,0.7445273165831197,0.2231030062588622
BNBUSDT,kyle_usd,15,86400,all,all,584,198.32718959719125,165.9249684244233,0.0017123287671232876,0.7964644690410932,0.8867021672476779,0.892903474234279,0.8744541713921699,0.34064207614194175
BNBUSDT,kyle_usd,15,86400,period,2018,266,255.9415980234062,216.34157729313026,0.0037593984962406013,0.7210787815080556,0.8379381458369116,0.823291777627142,0.8123201619268435,0.395241895046818
BNBUSDT,kyle_usd,15,86400,period,2019,318,151.25779236201066,118.99237210554195,0.0,0.820885532857854,0.9016333185639471,0.915405509556884,0.9006457752370415,0.19994735064781224
BNBUSDT,sqrt_usd,15,86400,all,all,584,0.018342313466839424,0.011947158765680515,0.0,0.921663884965968,0.9592352670792794,0.9346224391282484,0.9580542980616188,0.16370189688368517
BNBUSDT,sqrt_usd,15,86400,period,2018,266,0.02706822668101219,0.01902334840615609,0.0,0.9043661701299499,0.9497818059519907,0.9261909627832796,0.9452133505429338,0.15683133778358924
BNBUSDT,sqrt_usd,15,86400,period,2019,318,0.015435764350667472,0.006158839260500084,0.0,0.7987759448864591,0.8881327851389282,0.8957440655890443,0.8876975255309586,0.10551002848442508
BNBUSDT,count,15,86400,all,all,584,0.34582316814519876,0.23226424188580413,0.00684931506849315,0.9121965579233805,0.9540824180899201,0.9281845085555841,0.9543744309438807,0.16882012188562612
BNBUSDT,count,15,86400,period,2018,266,0.47360204349886004,0.48275258296376405,0.0037593984962406013,0.9093517998321962,0.9525240973529496,0.9516035287492125,0.9516508387355894,0.16333623130923872
BNBUSDT,count,15,86400,period,2019,318,0.31323503730789537,0.12852963598383008,0.009433962264150943,0.7866381747849974,0.880579163578726,0.8676396896218719,0.8808452141386304,0.11701970560570436
BNBUSDT,kyle_usd,60,300,all,all,0,,,,,,,,
BNBUSDT,kyle_usd,60,300,vol_regime,high_vol,0,,,,,,,,
BNBUSDT,kyle_usd,60,300,vol_regime,low_vol,0,,,,,,,,
BNBUSDT,kyle_usd,60,300,vol_regime,mid_vol,0,,,,,,,,
BNBUSDT,kyle_usd,60,300,session,asia,0,,,,,,,,
BNBUSDT,kyle_usd,60,300,session,europe,0,,,,,,,,
BNBUSDT,kyle_usd,60,300,session,us,0,,,,,,,,
BNBUSDT,kyle_usd,60,300,period,2018,0,,,,,,,,
BNBUSDT,kyle_usd,60,300,period,2019,0,,,,,,,,
BNBUSDT,sqrt_usd,60,300,all,all,0,,,,,,,,
BNBUSDT,sqrt_usd,60,300,vol_regime,high_vol,0,,,,,,,,
BNBUSDT,sqrt_usd,60,300,vol_regime,low_vol,0,,,,,,,,
BNBUSDT,sqrt_usd,60,300,vol_regime,mid_vol,0,,,,,,,,
BNBUSDT,sqrt_usd,60,300,session,asia,0,,,,,,,,
BNBUSDT,sqrt_usd,60,300,session,europe,0,,,,,,,,
BNBUSDT,sqrt_usd,60,300,session,us,0,,,,,,,,
BNBUSDT,sqrt_usd,60,300,period,2018,0,,,,,,,,
BNBUSDT,sqrt_usd,60,300,period,2019,0,,,,,,,,
BNBUSDT,count,60,300,all,all,0,,,,,,,,
BNBUSDT,count,60,300,vol_regime,high_vol,0,,,,,,,,
BNBUSDT,count,60,300,vol_regime,low_vol,0,,,,,,,,
BNBUSDT,count,60,300,vol_regime,mid_vol,0,,,,,,,,
BNBUSDT,count,60,300,session,asia,0,,,,,,,,
BNBUSDT,count,60,300,session,europe,0,,,,,,,,
BNBUSDT,count,60,300,session,us,0,,,,,,,,
BNBUSDT,count,60,300,period,2018,0,,,,,,,,
BNBUSDT,count,60,300,period,2019,0,,,,,,,,
BNBUSDT,kyle_usd,60,900,all,all,56401,278.112706551646,548.4067481474806,0.1335260013120335,0.25715039055712785,0.4091004425384098,0.3420262726062687,0.16132471758568112,2.851108584778527
BNBUSDT,kyle_usd,60,900,vol_regime,high_vol,18782,395.994570986727,731.8224022259249,0.09535725694814184,0.24832555134278092,0.3978538307986497,0.34232096360519587,0.13529547004060583,3.0385978683598003
BNBUSDT,kyle_usd,60,900,vol_regime,low_vol,18768,189.84421928026478,428.23073148255895,0.1795076726342711,0.16779166576622997,0.28736575313052237,0.2892354774947215,0.040862779956628126,2.3943603594067953
BNBUSDT,kyle_usd,60,900,vol_regime,mid_vol,18851,271.7145916103974,523.4127475156467,0.1257758209113575,0.2108287769785862,0.34823879476117664,0.32888688831336776,0.07108116146332766,2.5449305268670455
BNBUSDT,kyle_usd,60,900,session,asia,18700,268.483263345081,517.2593712793389,0.13128342245989305,0.24212366874963923,0.3898543677110163,0.3041387666085033,0.14843061579464112,3.135338458480453
BNBUSDT,kyle_usd,60,900,session,europe,11743,293.9588679595975,524.4619647635373,0.12203014561866644,0.2836212960338863,0.44190805638737074,0.35723964108460904,0.1604685867593023,2.6150653964808415
BNBUSDT,kyle_usd,60,900,session,us,25958,278.4172632205609,584.0855806116626,0.1403420910701903,0.2566206410899507,0.4084297721981815,0.35895855572950697,0.1686976004625118,2.747464385417407
BNBUSDT,kyle_usd,60,900,period,2018,25716,423.0357075645761,860.1581920764829,0.13524653911961423,0.2113827766063687,0.34899419190777586,0.27404343215942895,0.03166323763144119,3.0080475711571064
BNBUSDT,kyle_usd,60,900,period,2019,30685,205.77735356337197,379.2996931811133,0.1320840801694639,0.21689204817897745,0.35646883962064896,0.3976022922801976,0.1783757852058223,1.5952571903503088
BNBUSDT,sqrt_usd,60,900,all,all,56401,0.019636191489869836,0.029573700794712842,0.10600875870995195,0.26203891337749874,0.4152628109956197,0.344571896258858,0.3279534848002672,1.410275298554306
BNBUSDT,sqrt_usd,60,900,vol_regime,high_vol,18782,0.027494485311228986,0.039951340988015144,0.08343094452135023,0.263209361219208,0.4167311758443066,0.37808582067005764,0.32677530404891897,1.3655972605781517
BNBUSDT,sqrt_usd,60,900,vol_regime,low_vol,18768,0.014419182304848344,0.02232273041664158,0.13192668371696506,0.1531722358840861,0.2656537004928075,0.2592085521936034,0.14804115589100153,1.3270478768938412
BNBUSDT,sqrt_usd,60,900,vol_regime,mid_vol,18851,0.01908822893530544,0.02799041952856209,0.10270012200944247,0.20379487708034222,0.3385873805587574,0.3022426966146247,0.22743653375074468,1.3442841586634084
BNBUSDT,sqrt_usd,60,900,session,asia,18700,0.018748346873169983,0.029100897754690744,0.10983957219251336,0.2557276366357138,0.40729793495800926,0.3312231748999729,0.3333175651550627,1.5026601983232437
BNBUSDT,sqrt_usd,60,900,session,europe,11743,0.020011821850603972,0.027964185899436104,0.09724942518947458,0.2673995548561744,0.42196567583064853,0.34167337914148554,0.3210781312904608,1.3577361607347767
BNBUSDT,sqrt_usd,60,900,session,us,25958,0.0200867847771501,0.03070394360977419,0.10721164958779567,0.26387309545756066,0.41756264360074935,0.3538912116762956,0.329257638940625,1.3738984811351633
BNBUSDT,sqrt_usd,60,900,period,2018,25716,0.029446144555321706,0.045864144686113585,0.11144812568051018,0.21781709787318404,0.35771726025785555,0.3100448126297521,0.24163826380573716,1.366752357596851
BNBUSDT,sqrt_usd,60,900,period,2019,30685,0.015267234168443514,0.019951817028780995,0.10145021997718755,0.18284492383847634,0.3091612774481412,0.3377825345381677,0.21047053460057585,0.9754893431684428
BNBUSDT,count,60,900,all,all,56401,0.36204822979914486,0.5958322718685751,0.16579493271395898,0.19552132172835016,0.3270896439482776,0.2643601261669086,0.24983228420772252,1.4925912507772638
BNBUSDT,count,60,900,vol_regime,high_vol,18782,0.45329482632381174,0.7645948378608135,0.16419976573314876,0.2289513073600866,0.37259622246856544,0.33746406313162636,0.31121292314009175,1.435212112057038
BNBUSDT,count,60,900,vol_regime,low_vol,18768,0.32409540709517703,0.4974624436744858,0.15441176470588236,0.11171053232042269,0.2009705387737119,0.17183497992031144,0.08944601736141211,1.3979731786995946
BNBUSDT,count,60,900,vol_regime,mid_vol,18851,0.3364465661832879,0.564096422289887,0.17871730942655562,0.16747885694166512,0.28690687792050257,0.23687571533121674,0.18370558217299282,1.517941013979288
BNBUSDT,count,60,900,session,asia,18700,0.3568692432376659,0.6042011454682801,0.17352941176470588,0.20918626489169767,0.34599510590774646,0.2802038974517017,0.26256863781458895,1.5307411167505673
BNBUSDT,count,60,900,session,europe,11743,0.3434110937801797,0.5642196730323793,0.1675892020778336,0.1755404704175988,0.2986549163300857,0.22743335188610922,0.19417888509421488,1.5442686932620122
BNBUSDT,count,60,900,session,us,25958,0.3752546009135917,0.6055352755797652,0.15941135680715002,0.1930865049118456,0.32367561633950814,0.2676174227929775,0.25994016216639826,1.44196403914123
BNBUSDT,count,60,900,period,2018,25716,0.4883676519995954,0.9317044266003831,0.17736039819567584,0.18315889573233815,0.30960997105797616,0.28983444525569013,0.23374129291496915,1.4756258797247495
BNBUSDT,count,60,900,period,2019,30685,0.3106189162569001,0.43143770189418784,0.1561023301287274,0.09886700584137596,0.17994353332262605,0.20234893806840926,0.05140599802777035,1.1483065186810488
BNBUSDT,kyle_usd,60,3600,all,all,14098,258.6225808559516,371.7788722034642,0.04716981132075472,0.5247708562163751,0.688327500590563,0.6446027028867568,0.6328298224492943,1.1646466947944303
BNBUSDT,kyle_usd,60,3600,vol_regime,high_vol,4695,351.02811382034724,491.8660211172138,0.027476038338658148,0.5018203880453358,0.6682828280131022,0.6264627914261937,0.6001324249591786,1.2971556311367862
BNBUSDT,kyle_usd,60,3600,vol_regime,low_vol,4690,176.72970216347122,291.81684924910894,0.07398720682302772,0.42494265785183516,0.5964347484585173,0.6212918698264623,0.5580231875402898,0.9857456983049917
BNBUSDT,kyle_usd,60,3600,vol_regime,mid_vol,4713,256.0386627563172,354.99593809209114,0.04010184595798854,0.47089596892629076,0.6402845325220796,0.6177674328724954,0.5742270452934993,1.0421009221120758
BNBUSDT,kyle_usd,60,3600,session,asia,4674,255.2367466285186,352.0600417389676,0.04236200256739409,0.4867585130834061,0.6547916272884315,0.6167249114311594,0.5657347114943624,1.2998750793426956
BNBUSDT,kyle_usd,60,3600,session,europe,2936,266.300389624681,345.3379120943865,0.03678474114441417,0.5548828988803323,0.7137295024337874,0.6323238179979944,0.6719075591505288,1.0515131454360658
BNBUSDT,kyle_usd,60,3600,session,us,6488,256.63039618732125,397.4200512864162,0.05533292231812577,0.5421016151628315,0.7030686043417322,0.6659357482733541,0.659621675256183,1.1220043059489588
BNBUSDT,kyle_usd,60,3600,period,2018,6428,378.7033207903951,559.6969961115954,0.042937149968886125,0.4607232598625792,0.630815257786643,0.5636880576317629,0.5639730271411669,1.2163321220864307
BNBUSDT,kyle_usd,60,3600,period,2019,7670,190.39332685345937,262.6542689121857,0.05071707953063885,0.499814196035116,0.6665014871260941,0.6913292524435408,0.6452030176521679,0.6906454075827793
BNBUSDT,sqrt_usd,60,3600,all,all,14098,0.019264564508492586,0.02135085299775066,0.030500780252518088,0.5714100107830821,0.7272576945062617,0.6545405123356172,0.7235412584078527,0.6460564145693363
BNBUSDT,sqrt_usd,60,3600,vol_regime,high_vol,4695,0.02630216291149263,0.03012259182443473,0.023855165069222577,0.5759359305042553,0.7309128745100341,0.6824941378017161,0.7261668859369408,0.644356709409706
BNBUSDT,sqrt_usd,60,3600,vol_regime,low_vol,4690,0.014798366901423618,0.015344421621058178,0.03710021321961621,0.3923382369424743,0.5635674242546628,0.5661821135441286,0.5518043265463288,0.5678656275354151
BNBUSDT,sqrt_usd,60,3600,vol_regime,mid_vol,4713,0.018740024829737807,0.020563985342561715,0.030553787396562698,0.4927688416195821,0.6602078337660796,0.6253828213058718,0.6596177506251582,0.6085348379234826
BNBUSDT,sqrt_usd,60,3600,session,asia,4674,0.01879081026191423,0.02082521563120504,0.030166880616174584,0.5650123005276021,0.7220547727798986,0.6453536453304646,0.7179608750373134,0.6797017345502638
BNBUSDT,sqrt_usd,60,3600,session,europe,2936,0.01902275052084302,0.020144773720318022,0.0326975476839237,0.5603590616684511,0.7182437368861418,0.6360981860237972,0.7086643674368193,0.6488833279055145
BNBUSDT,sqrt_usd,60,3600,session,us,6488,0.01969452105030496,0.02218740558785816,0.02974722564734895,0.5813634915083726,0.7352686395382039,0.6681110042636633,0.73651754589935,0.6212182899635501
BNBUSDT,sqrt_usd,60,3600,period,2018,6428,0.02842508478102865,0.032838375865599054,0.030336029869321716,0.5202616216437691,0.684436960371651,0.6369137706729588,0.6801111829413005,0.6172395968504357
BNBUSDT,sqrt_usd,60,3600,period,2019,7670,0.01523852312864963,0.013764075876165526,0.030638852672750978,0.4229280079704228,0.5944475132985279,0.6098505890655214,0.596255983838793,0.45641471978721576
BNBUSDT,count,60,3600,all,all,14098,0.329453741616487,0.40207647359308885,0.09469428287700384,0.4889754964477048,0.6567945511719553,0.5629418894563833,0.6587999202463332,0.7514075045484669
BNBUSDT,count,60,3600,vol_regime,high_vol,4695,0.3856323082078426,0.5396305516390075,0.10670926517571885,0.5406020316242326,0.7018062037141212,0.6332778751651761,0.7020738097008504,0.7938816854378957
BNBUSDT,count,60,3600,vol_regime,low_vol,4690,0.3131669474989146,0.33390241856880126,0.067590618336887,0.31985046402237594,0.4846768217175145,0.472898257936907,0.49111686968720736,0.6489053448204322
BNBUSDT,count,60,3600,vol_regime,mid_vol,4713,0.3070947384025212,0.37434870671944387,0.1096965839168258,0.44950420258819745,0.6202178673032811,0.5482933032484453,0.6226264029507806,0.7411616847490813
BNBUSDT,count,60,3600,session,asia,4674,0.31550509073668426,0.4045912560831706,0.10226786478391099,0.5024759370851245,0.6688638728683428,0.5656901085950065,0.6673903113205195,0.7924087006767284
BNBUSDT,count,60,3600,session,europe,2936,0.31217213124026233,0.38193950979897373,0.10490463215258855,0.4633395242690012,0.6332631854530937,0.5470939577685334,0.6348588267754821,0.7838226350042385
BNBUSDT,count,60,3600,session,us,6488,0.3437427399318306,0.4067997918379013,0.08461775585696671,0.4895306665211364,0.6572951836761529,0.5657255544974327,0.6620600409078217,0.7191620080864108
BNBUSDT,count,60,3600,period,2018,6428,0.442771923226408,0.6685462625954017,0.10205351586807716,0.4883715538082652,0.6562495131792584,0.6161354819840865,0.6557834772521003,0.7338640898398171
BNBUSDT,count,60,3600,period,2019,7670,0.2899796307036193,0.2843107761849196,0.08852672750977836,0.2943571890724949,0.454831466240666,0.45420190296798624,0.47140556256373456,0.5782263577252057
BNBUSDT,kyle_usd,60,14400,all,all,3516,232.70928565518568,270.8456273264679,0.013936291240045506,0.671512624348036,0.803478974153672,0.8031206531354874,0.7885395888308153,0.6811346732968987
BNBUSDT,kyle_usd,60,14400,vol_regime,high_vol,1176,308.2936797121712,363.91850284268537,0.012755102040816327,0.6229428798851785,0.7676707388854634,0.7752023986722931,0.7308341791923929,0.7906815846280288
BNBUSDT,kyle_usd,60,14400,vol_regime,low_vol,1165,165.54099653125633,207.09722168789233,0.01888412017167382,0.6271833545346726,0.7708822153162068,0.8092908793044503,0.7490234599085808,0.5183611081868627
BNBUSDT,kyle_usd,60,14400,vol_regime,mid_vol,1175,233.4032596816488,246.99547629592647,0.010212765957446808,0.6415541917393681,0.781642415422894,0.7752836215499107,0.7667517607482983,0.5732716562309501
BNBUSDT,kyle_usd,60,14400,session,asia,1165,231.70795069614056,260.8305082114519,0.00944206008583691,0.647894783516714,0.7863302803035332,0.786527487249672,0.7553903788242564,0.7353036141665853
BNBUSDT,kyle_usd,60,14400,session,europe,1172,233.8509438929044,240.31926058224175,0.014505119453924915,0.6886049235701392,0.8155903301694203,0.776457740133904,0.8041994351778201,0.6482400969062642
BNBUSDT,kyle_usd,60,14400,session,us,1179,233.41740211898053,305.708460413828,0.017811704834605598,0.6827024106161417,0.8114357075962849,0.8359451550739775,0.7993908718583631,0.6617961635148413
BNBUSDT,kyle_usd,60,14400,period,2018,1604,333.4974364133392,382.58092409877554,0.01683291770573566,0.5985913743623928,0.7488985415064489,0.7399993544992863,0.71529965874578,0.7173394783285714
BNBUSDT,kyle_usd,60,14400,period,2019,1912,176.04737937290582,190.82999813453176,0.011506276150627616,0.6550384480511509,0.7915688591071404,0.8203422028226969,0.7801897360877256,0.4177770593983299
BNBUSDT,sqrt_usd,60,14400,all,all,3516,0.01867049807901932,0.017075347782373677,0.012514220705346985,0.7850391408833366,0.8795763890027146,0.8256858594808348,0.8802973655555152,0.36312241703951365
BNBUSDT,sqrt_usd,60,14400,vol_regime,high_vol,1176,0.024266841181018836,0.025608223546632315,0.01445578231292517,0.7780248149501936,0.8751563064905681,0.8401907448257898,0.8764795450947692,0.38893351072968024
BNBUSDT,sqrt_usd,60,14400,vol_regime,low_vol,1165,0.014807750839526405,0.012354459651653648,0.0068669527896995704,0.608182884453624,0.7563603497250907,0.7881767212590665,0.754782040272642,0.3024021648167646
BNBUSDT,sqrt_usd,60,14400,vol_regime,mid_vol,1175,0.018342894352715657,0.016754724022001583,0.016170212765957447,0.7437977865375198,0.8530780257662819,0.8116293836365911,0.8528183220814066,0.3285933471146691
BNBUSDT,sqrt_usd,60,14400,session,asia,1165,0.01830429737912932,0.017095284468210063,0.014592274678111588,0.8000526922950473,0.8889214140448177,0.8203640543444138,0.8901146340851391,0.3740356108443445
BNBUSDT,sqrt_usd,60,14400,session,europe,1172,0.018651748371473622,0.015440116395396187,0.015358361774744027,0.760111598072882,0.8637084136086779,0.7978289035940882,0.8651876283655566,0.3776062670109394
BNBUSDT,sqrt_usd,60,14400,session,us,1179,0.019096026182428193,0.018642303506268363,0.007633587786259542,0.7913302388295237,0.883511283041354,0.8531990099168988,0.8829073705725837,0.3385360965346819
BNBUSDT,sqrt_usd,60,14400,period,2018,1604,0.02690791389758916,0.025663918742840262,0.014339152119700748,0.7600440339778219,0.8636647939541257,0.8257741380995614,0.865199472306304,0.3438323767928486
BNBUSDT,sqrt_usd,60,14400,period,2019,1912,0.014919968713164443,0.010811085525215511,0.010983263598326359,0.6091235903421244,0.7570873909226765,0.7748259789479426,0.7592122653472897,0.2672510893062988
BNBUSDT,count,60,14400,all,all,3516,0.29809913457028225,0.3108813832785875,0.06825938566552901,0.7199498055856737,0.8371753678480377,0.7728517982290835,0.8417740120909648,0.456686884022579
BNBUSDT,count,60,14400,vol_regime,high_vol,1176,0.3410829123911334,0.42317078958813586,0.09183673469387756,0.7602527240789603,0.8637995143302586,0.823788154159046,0.8661513455479901,0.5023814287838663
BNBUSDT,count,60,14400,vol_regime,low_vol,1165,0.29718161397688075,0.2459626574879891,0.0351931330472103,0.5727101131590481,0.7283098243816404,0.7282340422687691,0.7329353187011507,0.3649762976931051
BNBUSDT,count,60,14400,vol_regime,mid_vol,1175,0.2739713807027011,0.2899152405698111,0.0774468085106383,0.6741467050822084,0.8053615648326407,0.7459858849611102,0.8118551015663542,0.4683912133224127
BNBUSDT,count,60,14400,session,asia,1165,0.2807706021625592,0.32179287701343795,0.07639484978540773,0.7399150657205108,0.8505186032332066,0.7837545397637649,0.8565611761411553,0.48311344731864647
BNBUSDT,count,60,14400,session,europe,1172,0.2893086304804977,0.2908360037672374,0.07764505119453925,0.6977573286159768,0.8219753398853454,0.7635013472575283,0.8243195610289518,0.47730144571509936
BNBUSDT,count,60,14400,session,us,1179,0.33191449205406626,0.3083430733495179,0.05089058524173028,0.7173109256986147,0.8353885309462028,0.7658741719539822,0.8377330546137912,0.4052815286659158
BNBUSDT,count,60,14400,period,2018,1604,0.3991777737531711,0.5451259955344688,0.07044887780548628,0.7341704747271343,0.8467108458211451,0.827293446778639,0.8504571680762396,0.4371498088717308
BNBUSDT,count,60,14400,period,2019,1912,0.2660731427727209,0.2134053092996969,0.06642259414225941,0.4822702343738801,0.6507183686078591,0.6674149317031461,0.6657910304639616,0.36946686136378315
BNBUSDT,kyle_usd,60,86400,all,all,584,207.01435386474463,191.42044638461442,0.0017123287671232876,0.8236757238930927,0.90331379981826,0.9033743357296317,0.8989711884924859,0.34684053883296306
BNBUSDT,kyle_usd,60,86400,period,2018,266,279.3808617150678,252.44123809585926,0.0037593984962406013,0.7740784605823744,0.8726541444263618,0.8563222455890631,0.8637349333681594,0.3671024402245849
BNBUSDT,kyle_usd,60,86400,period,2019,318,157.30805789377,138.3887520583619,0.0,0.8137772274497196,0.8973287514409248,0.9193860208104173,0.8966186752618998,0.21845140409309693
BNBUSDT,sqrt_usd,60,86400,all,all,584,0.01734668029921971,0.012750090911283237,0.0017123287671232876,0.896546887669063,0.9454518562111136,0.9133497052371526,0.9428860496002406,0.21109048001446748
BNBUSDT,sqrt_usd,60,86400,period,2018,266,0.024985679655091367,0.021164280474876673,0.0037593984962406013,0.886769543808738,0.9399871295554788,0.9233555998399173,0.9388424169647055,0.1945912818310116
BNBUSDT,sqrt_usd,60,86400,period,2019,318,0.014526369222916006,0.007305495883028826,0.0,0.7486681822426599,0.8562724361833998,0.8580573793514598,0.8540899718982355,0.1481538614094449
BNBUSDT,count,60,86400,all,all,584,0.27141998286775293,0.21805801590453364,0.032534246575342464,0.8648933099633676,0.9275525901053898,0.8777620521339744,0.9271891927168172,0.2697383995441253
BNBUSDT,count,60,86400,period,2018,266,0.34624309425643623,0.44371120826763144,0.018796992481203006,0.8783856027319081,0.9352558936294992,0.9198156577291726,0.9360323736723409,0.2603319996861321
BNBUSDT,count,60,86400,period,2019,318,0.24374214417747064,0.16000249301862585,0.0440251572327044,0.6652575829380095,0.7989846012462497,0.7958642383014213,0.8035256128287311,0.21979666354367186
